smiles,property_name,property_value,property_unit,label_source
O(C5=C(C)C=C(C2(C1=C(C=CC(=C1)Br)C3=CC=C(C=C23)Br)C4=CC(=C(O[S](=O)(=O)[*])C(=C4)C)C)C=C5C)[*],Glass transition temperature,-96.55,C,exp
**C(C(=O)OCC(COC(=O)C(C*)(C)*)(COC(=O)C(C*)*)CC)C,Glass transition temperature,-67.0,C,exp
**CC(=O)OCC(COC(=O)C(C*)*)(COC(=O)C(C*)*)CC,Glass transition temperature,-73.0,C,exp
**CC(=O)O[As](OC(=O)C(C*)*)OC(=O)C(C*)*,Melting temperature,43.0,C,exp
**Cc1ccc(cc1)CN(c1ccccc1)N=Cc1ccc(cc1)N(c1ccc(cc1)C=NN(c1ccccc1)Cc1ccc(cc1)C(C*)*)c1ccccc1,Glass transition temperature,122.0,C,exp
**c1cc(N*)ccc1*,Thermal decomposition temperature,700.0,C,exp
**c1cc(N*)ccc1*,Thermal decomposition weight loss,36.0,%,exp
*/C(=C(/*)\c1ccccc1)/c1ccccc1,Glass transition temperature,-66.5801141,C,sim
*/C(=C(/*)c1ccc(CCCC)cc1)c1ccccc1,Co2 Permeability Barrer,9400.000009,Barrer,exp
*/C(=C(/*)c1ccc(CCCC)cc1)c1ccccc1,O2 Permeability Barrer,2600.0,Barrer,exp
*/C(=C(/*)c1ccc(CCCC)cc1)c1ccccc1,Co2 Permeability Barrer,9400.000009,Barrer,sim
*/C(=C(/*)c1ccc(CCCC)cc1)c1ccccc1,O2 Permeability Barrer,2600.0,Barrer,sim
*/C(=C(/*)c1ccc(S(=O)(=O)O)cc1)c1ccc(CCCC)cc1,Co2 Permeability Barrer,340.0,Barrer,exp
*/C(=C(/*)c1ccc(S(=O)(=O)O)cc1)c1ccc(CCCC)cc1,O2 Permeability Barrer,45.00000002,Barrer,exp
*/C(=C(/*)c1ccc(S(=O)(=O)O)cc1)c1ccc(CCCC)cc1,Co2 Permeability Barrer,340.0,Barrer,sim
*/C(=C(/*)c1ccc(S(=O)(=O)O)cc1)c1ccc(CCCC)cc1,O2 Permeability Barrer,45.00000002,Barrer,sim
*/C(=C(/*)c1ccc(S(=O)(=O)O)cc1)c1ccc([Si](C)(C)C)cc1,Co2 Permeability Barrer,21.00000001,Barrer,exp
*/C(=C(/*)c1ccc(S(=O)(=O)O)cc1)c1ccc([Si](C)(C)C)cc1,O2 Permeability Barrer,2.500000002,Barrer,exp
*/C(=C(/*)c1ccc(S(=O)(=O)O)cc1)c1ccc([Si](C)(C)C)cc1,Co2 Permeability Barrer,21.00000001,Barrer,sim
*/C(=C(/*)c1ccc(S(=O)(=O)O)cc1)c1ccc([Si](C)(C)C)cc1,O2 Permeability Barrer,2.500000002,Barrer,sim
*/C(=C(/*)c1ccc([Si](C(C)C)(C(C)C)C(C)C)cc1)c1ccccc1,Co2 Permeability Barrer,1299.999999,Barrer,exp
*/C(=C(/*)c1ccc([Si](C(C)C)(C(C)C)C(C)C)cc1)c1ccccc1,H2 Permeability Barrer,530.0000005,Barrer,exp
*/C(=C(/*)c1ccc([Si](C(C)C)(C(C)C)C(C)C)cc1)c1ccccc1,O2 Permeability Barrer,230.0,Barrer,exp
*/C(=C(/*)c1ccc([Si](C(C)C)(C(C)C)C(C)C)cc1)c1ccccc1,Co2 Permeability Barrer,1299.999999,Barrer,sim
*/C(=C(/*)c1ccc([Si](C(C)C)(C(C)C)C(C)C)cc1)c1ccccc1,H2 Permeability Barrer,530.0000005,Barrer,sim
*/C(=C(/*)c1ccc([Si](C(C)C)(C(C)C)C(C)C)cc1)c1ccccc1,O2 Permeability Barrer,230.0,Barrer,sim
*/C(=C(/*)c1ccc([Si](C)(C)C)cc1)c1ccc(-c2ccc(C(C)(C)C)cc2)cc1,Co2 Permeability Barrer,3300.000001,Barrer,exp
*/C(=C(/*)c1ccc([Si](C)(C)C)cc1)c1ccc(-c2ccc(C(C)(C)C)cc2)cc1,H2 Permeability Barrer,1200.0,Barrer,exp
*/C(=C(/*)c1ccc([Si](C)(C)C)cc1)c1ccc(-c2ccc(C(C)(C)C)cc2)cc1,O2 Permeability Barrer,619.9999993,Barrer,exp
*/C(=C(/*)c1ccc([Si](C)(C)C)cc1)c1ccc(-c2ccc(C(C)(C)C)cc2)cc1,Co2 Permeability Barrer,3300.000001,Barrer,sim
*/C(=C(/*)c1ccc([Si](C)(C)C)cc1)c1ccc(-c2ccc(C(C)(C)C)cc2)cc1,H2 Permeability Barrer,1200.0,Barrer,sim
*/C(=C(/*)c1ccc([Si](C)(C)C)cc1)c1ccc(-c2ccc(C(C)(C)C)cc2)cc1,O2 Permeability Barrer,619.9999993,Barrer,sim
*/C(=C(/*)c1ccc([Si](C)(C)C)cc1)c1ccccc1,Co2 Permeability Barrer,4650.000001,Barrer,exp
*/C(=C(/*)c1ccc([Si](C)(C)C)cc1)c1ccccc1,H2 Permeability Barrer,2100.000001,Barrer,exp
*/C(=C(/*)c1ccc([Si](C)(C)C)cc1)c1ccccc1,O2 Permeability Barrer,1149.999999,Barrer,exp
*/C(=C(/*)c1ccc([Si](C)(C)C)cc1)c1ccccc1,Co2 Permeability Barrer,4650.000001,Barrer,sim
*/C(=C(/*)c1ccc([Si](C)(C)C)cc1)c1ccccc1,H2 Permeability Barrer,2100.000001,Barrer,sim
*/C(=C(/*)c1ccc([Si](C)(C)C)cc1)c1ccccc1,O2 Permeability Barrer,1149.999999,Barrer,sim
*/C(=C(/*)c1ccc([Si](c2ccccc2)(c2ccccc2)c2ccccc2)cc1)c1ccccc1,Co2 Permeability Barrer,78.79999991,Barrer,exp
*/C(=C(/*)c1ccc([Si](c2ccccc2)(c2ccccc2)c2ccccc2)cc1)c1ccccc1,H2 Permeability Barrer,51.69999999,Barrer,exp
*/C(=C(/*)c1ccc([Si](c2ccccc2)(c2ccccc2)c2ccccc2)cc1)c1ccccc1,O2 Permeability Barrer,12.09999999,Barrer,exp
*/C(=C(/*)c1ccc([Si](c2ccccc2)(c2ccccc2)c2ccccc2)cc1)c1ccccc1,Co2 Permeability Barrer,78.79999991,Barrer,sim
*/C(=C(/*)c1ccc([Si](c2ccccc2)(c2ccccc2)c2ccccc2)cc1)c1ccccc1,H2 Permeability Barrer,51.69999999,Barrer,sim
*/C(=C(/*)c1ccc([Si](c2ccccc2)(c2ccccc2)c2ccccc2)cc1)c1ccccc1,O2 Permeability Barrer,12.09999999,Barrer,sim
*/C(=C(/*)c1ccc2c(c1)-c1cc([Si](C)(C)C)ccc1C2(C)C)c1ccccc1,Co2 Permeability Barrer,24000.00002,Barrer,exp
*/C(=C(/*)c1ccc2c(c1)-c1cc([Si](C)(C)C)ccc1C2(C)C)c1ccccc1,H2 Permeability Barrer,19000.0,Barrer,exp
*/C(=C(/*)c1ccc2c(c1)-c1cc([Si](C)(C)C)ccc1C2(C)C)c1ccccc1,O2 Permeability Barrer,9800.000007,Barrer,exp
*/C(=C(/*)c1ccc2c(c1)-c1cc([Si](C)(C)C)ccc1C2(C)C)c1ccccc1,Co2 Permeability Barrer,24000.00002,Barrer,sim
*/C(=C(/*)c1ccc2c(c1)-c1cc([Si](C)(C)C)ccc1C2(C)C)c1ccccc1,H2 Permeability Barrer,19000.0,Barrer,sim
*/C(=C(/*)c1ccc2c(c1)-c1cc([Si](C)(C)C)ccc1C2(C)C)c1ccccc1,O2 Permeability Barrer,9800.000007,Barrer,sim
*/C(=C(/*)c1ccc2c(c1)-c1ccccc1C2(C)C)c1ccccc1,Co2 Permeability Barrer,3400.0,Barrer,exp
*/C(=C(/*)c1ccc2c(c1)-c1ccccc1C2(C)C)c1ccccc1,H2 Permeability Barrer,2000.000002,Barrer,exp
*/C(=C(/*)c1ccc2c(c1)-c1ccccc1C2(C)C)c1ccccc1,O2 Permeability Barrer,829.9999993,Barrer,exp
*/C(=C(/*)c1ccc2c(c1)-c1ccccc1C2(C)C)c1ccccc1,Co2 Permeability Barrer,3400.0,Barrer,sim
*/C(=C(/*)c1ccc2c(c1)-c1ccccc1C2(C)C)c1ccccc1,H2 Permeability Barrer,2000.000002,Barrer,sim
*/C(=C(/*)c1ccc2c(c1)-c1ccccc1C2(C)C)c1ccccc1,O2 Permeability Barrer,829.9999993,Barrer,sim
*/C(=C(/*)c1ccc2c(c1)-c1ccccc1C21CC1)c1ccc([Si](C)(C)C)cc1,Co2 Permeability Barrer,1900.0,Barrer,exp
*/C(=C(/*)c1ccc2c(c1)-c1ccccc1C21CC1)c1ccc([Si](C)(C)C)cc1,H2 Permeability Barrer,980.0000007,Barrer,exp
*/C(=C(/*)c1ccc2c(c1)-c1ccccc1C21CC1)c1ccc([Si](C)(C)C)cc1,O2 Permeability Barrer,439.9999995,Barrer,exp
*/C(=C(/*)c1ccc2c(c1)-c1ccccc1C21CC1)c1ccc([Si](C)(C)C)cc1,Co2 Permeability Barrer,1900.0,Barrer,sim
*/C(=C(/*)c1ccc2c(c1)-c1ccccc1C21CC1)c1ccc([Si](C)(C)C)cc1,H2 Permeability Barrer,980.0000007,Barrer,sim
*/C(=C(/*)c1ccc2c(c1)-c1ccccc1C21CC1)c1ccc([Si](C)(C)C)cc1,O2 Permeability Barrer,439.9999995,Barrer,sim
*/C(=C(/*)c1ccc2c(c1)-c1ccccc1C21CC1)c1ccccc1,Co2 Permeability Barrer,4049.999998,Barrer,exp
*/C(=C(/*)c1ccc2c(c1)-c1ccccc1C21CC1)c1ccccc1,H2 Permeability Barrer,1949.999998,Barrer,exp
*/C(=C(/*)c1ccc2c(c1)-c1ccccc1C21CC1)c1ccccc1,O2 Permeability Barrer,980.0000007,Barrer,exp
*/C(=C(/*)c1ccc2c(c1)-c1ccccc1C21CC1)c1ccccc1,Co2 Permeability Barrer,4049.999998,Barrer,sim
*/C(=C(/*)c1ccc2c(c1)-c1ccccc1C21CC1)c1ccccc1,H2 Permeability Barrer,1949.999998,Barrer,sim
*/C(=C(/*)c1ccc2c(c1)-c1ccccc1C21CC1)c1ccccc1,O2 Permeability Barrer,980.0000007,Barrer,sim
*/C(=C(/*)c1ccc2c(c1)C(C)(C)C(C)(C)C2(C)C)c1ccccc1,Co2 Permeability Barrer,35099.99996,Barrer,exp
*/C(=C(/*)c1ccc2c(c1)C(C)(C)C(C)(C)C2(C)C)c1ccccc1,H2 Permeability Barrer,23200.00001,Barrer,exp
*/C(=C(/*)c1ccc2c(c1)C(C)(C)C(C)(C)C2(C)C)c1ccccc1,O2 Permeability Barrer,12500.0,Barrer,exp
*/C(=C(/*)c1ccc2c(c1)C(C)(C)C(C)(C)C2(C)C)c1ccccc1,Co2 Permeability Barrer,35099.99996,Barrer,sim
*/C(=C(/*)c1ccc2c(c1)C(C)(C)C(C)(C)C2(C)C)c1ccccc1,H2 Permeability Barrer,23200.00001,Barrer,sim
*/C(=C(/*)c1ccc2c(c1)C(C)(C)C(C)(C)C2(C)C)c1ccccc1,O2 Permeability Barrer,12500.0,Barrer,sim
*/C(=C(/*)c1ccc2c(c1)C(C)(C)CC2(C)C)c1cc(F)cc(F)c1,Co2 Permeability Barrer,36100.00001,Barrer,exp
*/C(=C(/*)c1ccc2c(c1)C(C)(C)CC2(C)C)c1cc(F)cc(F)c1,H2 Permeability Barrer,28500.0,Barrer,exp
*/C(=C(/*)c1ccc2c(c1)C(C)(C)CC2(C)C)c1cc(F)cc(F)c1,O2 Permeability Barrer,15200.0,Barrer,exp
*/C(=C(/*)c1ccc2c(c1)C(C)(C)CC2(C)C)c1cc(F)cc(F)c1,Co2 Permeability Barrer,36100.00001,Barrer,sim
*/C(=C(/*)c1ccc2c(c1)C(C)(C)CC2(C)C)c1cc(F)cc(F)c1,H2 Permeability Barrer,28500.0,Barrer,sim
*/C(=C(/*)c1ccc2c(c1)C(C)(C)CC2(C)C)c1cc(F)cc(F)c1,O2 Permeability Barrer,15200.0,Barrer,sim
*/C(=C(/*)c1ccc2c(c1)C(C)(C)CC2(C)C)c1ccc(Br)cc1,Co2 Permeability Barrer,32800.00002,Barrer,exp
*/C(=C(/*)c1ccc2c(c1)C(C)(C)CC2(C)C)c1ccc(Br)cc1,H2 Permeability Barrer,20699.99998,Barrer,exp
*/C(=C(/*)c1ccc2c(c1)C(C)(C)CC2(C)C)c1ccc(Br)cc1,O2 Permeability Barrer,11399.99999,Barrer,exp
*/C(=C(/*)c1ccc2c(c1)C(C)(C)CC2(C)C)c1ccc(Br)cc1,Co2 Permeability Barrer,32800.00002,Barrer,sim
*/C(=C(/*)c1ccc2c(c1)C(C)(C)CC2(C)C)c1ccc(Br)cc1,H2 Permeability Barrer,20699.99998,Barrer,sim
*/C(=C(/*)c1ccc2c(c1)C(C)(C)CC2(C)C)c1ccc(Br)cc1,O2 Permeability Barrer,11399.99999,Barrer,sim
*/C(=C(/*)c1ccc2c(c1)C(C)(C)CC2(C)C)c1ccc(C)cc1,Co2 Permeability Barrer,16900.00002,Barrer,exp
*/C(=C(/*)c1ccc2c(c1)C(C)(C)CC2(C)C)c1ccc(C)cc1,H2 Permeability Barrer,10799.99999,Barrer,exp
*/C(=C(/*)c1ccc2c(c1)C(C)(C)CC2(C)C)c1ccc(C)cc1,O2 Permeability Barrer,5700.000004,Barrer,exp
*/C(=C(/*)c1ccc2c(c1)C(C)(C)CC2(C)C)c1ccc(C)cc1,Co2 Permeability Barrer,16900.00002,Barrer,sim
*/C(=C(/*)c1ccc2c(c1)C(C)(C)CC2(C)C)c1ccc(C)cc1,H2 Permeability Barrer,10799.99999,Barrer,sim
*/C(=C(/*)c1ccc2c(c1)C(C)(C)CC2(C)C)c1ccc(C)cc1,O2 Permeability Barrer,5700.000004,Barrer,sim
*/C(=C(/*)c1ccc2c(c1)C(C)(C)CC2(C)C)c1ccc(Cl)cc1,Co2 Permeability Barrer,35199.99996,Barrer,exp
*/C(=C(/*)c1ccc2c(c1)C(C)(C)CC2(C)C)c1ccc(Cl)cc1,H2 Permeability Barrer,20599.99998,Barrer,exp
*/C(=C(/*)c1ccc2c(c1)C(C)(C)CC2(C)C)c1ccc(Cl)cc1,O2 Permeability Barrer,11700.00001,Barrer,exp
*/C(=C(/*)c1ccc2c(c1)C(C)(C)CC2(C)C)c1ccc(Cl)cc1,Co2 Permeability Barrer,35199.99996,Barrer,sim
*/C(=C(/*)c1ccc2c(c1)C(C)(C)CC2(C)C)c1ccc(Cl)cc1,H2 Permeability Barrer,20599.99998,Barrer,sim
*/C(=C(/*)c1ccc2c(c1)C(C)(C)CC2(C)C)c1ccc(Cl)cc1,O2 Permeability Barrer,11700.00001,Barrer,sim
*/C(=C(/*)c1ccc2c(c1)C(C)(C)CC2(C)C)c1ccc(F)c(F)c1,Co2 Permeability Barrer,44199.99996,Barrer,exp
*/C(=C(/*)c1ccc2c(c1)C(C)(C)CC2(C)C)c1ccc(F)c(F)c1,H2 Permeability Barrer,36800.00003,Barrer,exp
*/C(=C(/*)c1ccc2c(c1)C(C)(C)CC2(C)C)c1ccc(F)c(F)c1,O2 Permeability Barrer,18700.00002,Barrer,exp
*/C(=C(/*)c1ccc2c(c1)C(C)(C)CC2(C)C)c1ccc(F)c(F)c1,Co2 Permeability Barrer,44199.99996,Barrer,sim
*/C(=C(/*)c1ccc2c(c1)C(C)(C)CC2(C)C)c1ccc(F)c(F)c1,H2 Permeability Barrer,36800.00003,Barrer,sim
*/C(=C(/*)c1ccc2c(c1)C(C)(C)CC2(C)C)c1ccc(F)c(F)c1,O2 Permeability Barrer,18700.00002,Barrer,sim
*/C(=C(/*)c1ccc2c(c1)C(C)(C)CC2(C)C)c1ccc(F)cc1,Co2 Permeability Barrer,47000.00001,Barrer,exp
*/C(=C(/*)c1ccc2c(c1)C(C)(C)CC2(C)C)c1ccc(F)cc1,H2 Permeability Barrer,33300.00004,Barrer,exp
*/C(=C(/*)c1ccc2c(c1)C(C)(C)CC2(C)C)c1ccc(F)cc1,O2 Permeability Barrer,17900.0,Barrer,exp
*/C(=C(/*)c1ccc2c(c1)C(C)(C)CC2(C)C)c1ccc(F)cc1,Co2 Permeability Barrer,47000.00001,Barrer,sim
*/C(=C(/*)c1ccc2c(c1)C(C)(C)CC2(C)C)c1ccc(F)cc1,H2 Permeability Barrer,33300.00004,Barrer,sim
*/C(=C(/*)c1ccc2c(c1)C(C)(C)CC2(C)C)c1ccc(F)cc1,O2 Permeability Barrer,17900.0,Barrer,sim
*/C(=C(/*)c1ccc2c(c1)C(C)(C)CC2(C)C)c1ccc([Si](C)(C)C)cc1,Co2 Permeability Barrer,2000.000002,Barrer,exp
*/C(=C(/*)c1ccc2c(c1)C(C)(C)CC2(C)C)c1ccc([Si](C)(C)C)cc1,H2 Permeability Barrer,1100.0,Barrer,exp
*/C(=C(/*)c1ccc2c(c1)C(C)(C)CC2(C)C)c1ccc([Si](C)(C)C)cc1,O2 Permeability Barrer,450.0000002,Barrer,exp
*/C(=C(/*)c1ccc2c(c1)C(C)(C)CC2(C)C)c1ccc([Si](C)(C)C)cc1,Co2 Permeability Barrer,2000.000002,Barrer,sim
*/C(=C(/*)c1ccc2c(c1)C(C)(C)CC2(C)C)c1ccc([Si](C)(C)C)cc1,H2 Permeability Barrer,1100.0,Barrer,sim
*/C(=C(/*)c1ccc2c(c1)C(C)(C)CC2(C)C)c1ccc([Si](C)(C)C)cc1,O2 Permeability Barrer,450.0000002,Barrer,sim
*/C(=C(/*)c1ccc2c(c1)C(C)(C)CC2(C)C)c1ccccc1,Co2 Permeability Barrer,37600.00001,Barrer,exp
*/C(=C(/*)c1ccc2c(c1)C(C)(C)CC2(C)C)c1ccccc1,H2 Permeability Barrer,24499.99998,Barrer,exp
*/C(=C(/*)c1ccc2c(c1)C(C)(C)CC2(C)C)c1ccccc1,O2 Permeability Barrer,13700.0,Barrer,exp
*/C(=C(/*)c1ccc2c(c1)C(C)(C)CC2(C)C)c1ccccc1,Co2 Permeability Barrer,37600.00001,Barrer,sim
*/C(=C(/*)c1ccc2c(c1)C(C)(C)CC2(C)C)c1ccccc1,H2 Permeability Barrer,24499.99998,Barrer,sim
*/C(=C(/*)c1ccc2c(c1)C(C)(C)CC2(C)C)c1ccccc1,O2 Permeability Barrer,13700.0,Barrer,sim
*/C(=C(/*)c1ccc2c(c1)C(C)(C)CCC2(C)C)c1ccccc1,Co2 Permeability Barrer,11399.99999,Barrer,exp
*/C(=C(/*)c1ccc2c(c1)C(C)(C)CCC2(C)C)c1ccccc1,H2 Permeability Barrer,7699.999997,Barrer,exp
*/C(=C(/*)c1ccc2c(c1)C(C)(C)CCC2(C)C)c1ccccc1,O2 Permeability Barrer,3900.0,Barrer,exp
*/C(=C(/*)c1ccc2c(c1)C(C)(C)CCC2(C)C)c1ccccc1,Co2 Permeability Barrer,11399.99999,Barrer,sim
*/C(=C(/*)c1ccc2c(c1)C(C)(C)CCC2(C)C)c1ccccc1,H2 Permeability Barrer,7699.999997,Barrer,sim
*/C(=C(/*)c1ccc2c(c1)C(C)(C)CCC2(C)C)c1ccccc1,O2 Permeability Barrer,3900.0,Barrer,sim
*/C(=C(/*)c1ccc2c(c1)CCC2)c1ccc([Si](C)(C)C)cc1,Co2 Permeability Barrer,390.0,Barrer,exp
*/C(=C(/*)c1ccc2c(c1)CCC2)c1ccc([Si](C)(C)C)cc1,H2 Permeability Barrer,360.0000002,Barrer,exp
*/C(=C(/*)c1ccc2c(c1)CCC2)c1ccc([Si](C)(C)C)cc1,O2 Permeability Barrer,85.99999995,Barrer,exp
*/C(=C(/*)c1ccc2c(c1)CCC2)c1ccc([Si](C)(C)C)cc1,Co2 Permeability Barrer,390.0,Barrer,sim
*/C(=C(/*)c1ccc2c(c1)CCC2)c1ccc([Si](C)(C)C)cc1,H2 Permeability Barrer,360.0000002,Barrer,sim
*/C(=C(/*)c1ccc2c(c1)CCC2)c1ccc([Si](C)(C)C)cc1,O2 Permeability Barrer,85.99999995,Barrer,sim
*/C(=C(/*)c1ccc2c(c1)Cc1ccccc1-2)c1ccc([Si](C)(C)C)cc1,Co2 Permeability Barrer,6450.000005,Barrer,exp
*/C(=C(/*)c1ccc2c(c1)Cc1ccccc1-2)c1ccc([Si](C)(C)C)cc1,H2 Permeability Barrer,3100.000001,Barrer,exp
*/C(=C(/*)c1ccc2c(c1)Cc1ccccc1-2)c1ccc([Si](C)(C)C)cc1,O2 Permeability Barrer,1649.999999,Barrer,exp
*/C(=C(/*)c1ccc2c(c1)Cc1ccccc1-2)c1ccc([Si](C)(C)C)cc1,Co2 Permeability Barrer,6450.000005,Barrer,sim
*/C(=C(/*)c1ccc2c(c1)Cc1ccccc1-2)c1ccc([Si](C)(C)C)cc1,H2 Permeability Barrer,3100.000001,Barrer,sim
*/C(=C(/*)c1ccc2c(c1)Cc1ccccc1-2)c1ccc([Si](C)(C)C)cc1,O2 Permeability Barrer,1649.999999,Barrer,sim
*/C(=C(/*)c1ccc2c(c1)Cc1ccccc1-2)c1ccccc1,Co2 Permeability Barrer,8500.000006,Barrer,exp
*/C(=C(/*)c1ccc2c(c1)Cc1ccccc1-2)c1ccccc1,H2 Permeability Barrer,3649.999996,Barrer,exp
*/C(=C(/*)c1ccc2c(c1)Cc1ccccc1-2)c1ccccc1,O2 Permeability Barrer,2150.0,Barrer,exp
*/C(=C(/*)c1ccc2c(c1)Cc1ccccc1-2)c1ccccc1,Co2 Permeability Barrer,8500.000006,Barrer,sim
*/C(=C(/*)c1ccc2c(c1)Cc1ccccc1-2)c1ccccc1,H2 Permeability Barrer,3649.999996,Barrer,sim
*/C(=C(/*)c1ccc2c(c1)Cc1ccccc1-2)c1ccccc1,O2 Permeability Barrer,2150.0,Barrer,sim
*/C(=C(/*)c1ccc2c(ccc3ccccc32)c1)c1ccc([Si](C)(C)C)cc1,Co2 Permeability Barrer,2100.000001,Barrer,exp
*/C(=C(/*)c1ccc2c(ccc3ccccc32)c1)c1ccc([Si](C)(C)C)cc1,H2 Permeability Barrer,899.9999991,Barrer,exp
*/C(=C(/*)c1ccc2c(ccc3ccccc32)c1)c1ccc([Si](C)(C)C)cc1,O2 Permeability Barrer,460.0000003,Barrer,exp
*/C(=C(/*)c1ccc2c(ccc3ccccc32)c1)c1ccc([Si](C)(C)C)cc1,Co2 Permeability Barrer,2100.000001,Barrer,sim
*/C(=C(/*)c1ccc2c(ccc3ccccc32)c1)c1ccc([Si](C)(C)C)cc1,H2 Permeability Barrer,899.9999991,Barrer,sim
*/C(=C(/*)c1ccc2c(ccc3ccccc32)c1)c1ccc([Si](C)(C)C)cc1,O2 Permeability Barrer,460.0000003,Barrer,sim
*/C(=C(/*)c1ccc2c(ccc3ccccc32)c1)c1ccccc1,Co2 Permeability Barrer,5300.000005,Barrer,exp
*/C(=C(/*)c1ccc2c(ccc3ccccc32)c1)c1ccccc1,H2 Permeability Barrer,2500.000002,Barrer,exp
*/C(=C(/*)c1ccc2c(ccc3ccccc32)c1)c1ccccc1,O2 Permeability Barrer,1299.999999,Barrer,exp
*/C(=C(/*)c1ccc2c(ccc3ccccc32)c1)c1ccccc1,Co2 Permeability Barrer,5300.000005,Barrer,sim
*/C(=C(/*)c1ccc2c(ccc3ccccc32)c1)c1ccccc1,H2 Permeability Barrer,2500.000002,Barrer,sim
*/C(=C(/*)c1ccc2c(ccc3ccccc32)c1)c1ccccc1,O2 Permeability Barrer,1299.999999,Barrer,sim
*/C(=C(/*)c1cccc(-c2ccc(C(C)(C)C)cc2)c1)c1ccccc1,Co2 Permeability Barrer,1220.000001,Barrer,exp
*/C(=C(/*)c1cccc(-c2ccc(C(C)(C)C)cc2)c1)c1ccccc1,H2 Permeability Barrer,455.0000004,Barrer,exp
*/C(=C(/*)c1cccc(-c2ccc(C(C)(C)C)cc2)c1)c1ccccc1,O2 Permeability Barrer,194.9999998,Barrer,exp
*/C(=C(/*)c1cccc(-c2ccc(C(C)(C)C)cc2)c1)c1ccccc1,Co2 Permeability Barrer,1220.000001,Barrer,sim
*/C(=C(/*)c1cccc(-c2ccc(C(C)(C)C)cc2)c1)c1ccccc1,H2 Permeability Barrer,455.0000004,Barrer,sim
*/C(=C(/*)c1cccc(-c2ccc(C(C)(C)C)cc2)c1)c1ccccc1,O2 Permeability Barrer,194.9999998,Barrer,sim
*/C(=C(/*)c1cccc(-c2ccccc2)c1)c1ccccc1,Co2 Permeability Barrer,1299.999999,Barrer,exp
*/C(=C(/*)c1cccc(-c2ccccc2)c1)c1ccccc1,H2 Permeability Barrer,439.9999995,Barrer,exp
*/C(=C(/*)c1cccc(-c2ccccc2)c1)c1ccccc1,O2 Permeability Barrer,180.0,Barrer,exp
*/C(=C(/*)c1cccc(-c2ccccc2)c1)c1ccccc1,Co2 Permeability Barrer,1299.999999,Barrer,sim
*/C(=C(/*)c1cccc(-c2ccccc2)c1)c1ccccc1,H2 Permeability Barrer,439.9999995,Barrer,sim
*/C(=C(/*)c1cccc(-c2ccccc2)c1)c1ccccc1,O2 Permeability Barrer,180.0,Barrer,sim
*/C(=C(/*)c1cccc([Si](C)(C)C)c1)c1ccccc1,Co2 Permeability Barrer,2830.000003,Barrer,exp
*/C(=C(/*)c1cccc([Si](C)(C)C)c1)c1ccccc1,H2 Permeability Barrer,1310.000001,Barrer,exp
*/C(=C(/*)c1cccc([Si](C)(C)C)c1)c1ccccc1,O2 Permeability Barrer,719.9999993,Barrer,exp
*/C(=C(/*)c1cccc([Si](C)(C)C)c1)c1ccccc1,Co2 Permeability Barrer,2830.000003,Barrer,sim
*/C(=C(/*)c1cccc([Si](C)(C)C)c1)c1ccccc1,H2 Permeability Barrer,1310.000001,Barrer,sim
*/C(=C(/*)c1cccc([Si](C)(C)C)c1)c1ccccc1,O2 Permeability Barrer,719.9999993,Barrer,sim
*/C(=C(/*)c1ccccc1F)c1ccc2c(c1)C(C)(C)CC2(C)C,Co2 Permeability Barrer,35199.99996,Barrer,exp
*/C(=C(/*)c1ccccc1F)c1ccc2c(c1)C(C)(C)CC2(C)C,H2 Permeability Barrer,26999.99999,Barrer,exp
*/C(=C(/*)c1ccccc1F)c1ccc2c(c1)C(C)(C)CC2(C)C,O2 Permeability Barrer,14299.99998,Barrer,exp
*/C(=C(/*)c1ccccc1F)c1ccc2c(c1)C(C)(C)CC2(C)C,Co2 Permeability Barrer,35199.99996,Barrer,sim
*/C(=C(/*)c1ccccc1F)c1ccc2c(c1)C(C)(C)CC2(C)C,H2 Permeability Barrer,26999.99999,Barrer,sim
*/C(=C(/*)c1ccccc1F)c1ccc2c(c1)C(C)(C)CC2(C)C,O2 Permeability Barrer,14299.99998,Barrer,sim
*/C(=C(/CC*)\C)/C,Melting temperature,-13.65,C,
*/C(=C(/CC*)\Cl)/Cl,Melting temperature,26.85,C,
*/C(=C(/c1ccc(cc1)*)\OC(=O)C)/OC(=O)C,Thermal decomposition temperature,300.0,C,exp
*/C(=C(/c1ccc(cc1)*)\OC(=O)C)/OC(=O)C,Melting temperature,179.5,C,exp
*/C(=C(\CC*)/C)/C,Melting temperature,-79.65,C,
*/C(=C(\I)/*)/I,Thermal decomposition temperature,300.0,C,exp
*/C(=C/C(C*)C)/C,Melting temperature,-77.35,C,
*/C(=C/CC*)/C,Melting temperature,-203.1089744,C,
*/C(=C/CC*)/Cl,Melting temperature,-201.2214286,C,
*/C(=C\CC*)/C,Melting temperature,-225.3555556,C,
*/C(=C\CC*)/C(C)(C)C,Melting temperature,-168.65,C,
*/C(=C\CC*)/Cl,Melting temperature,-203.15,C,
*/C(C)=C(/*)CC(C)C,Co2 Permeability Barrer,899.9999991,Barrer,exp
*/C(C)=C(/*)CC(C)C,H2 Permeability Barrer,749.9999993,Barrer,exp
*/C(C)=C(/*)CC(C)C,O2 Permeability Barrer,244.9999998,Barrer,exp
*/C(C)=C(/*)CC(C)C,Co2 Permeability Barrer,899.9999991,Barrer,sim
*/C(C)=C(/*)CC(C)C,H2 Permeability Barrer,749.9999993,Barrer,sim
*/C(C)=C(/*)CC(C)C,O2 Permeability Barrer,244.9999998,Barrer,sim
*/C(C)=C(/*)CCC(C)C,Co2 Permeability Barrer,390.0,Barrer,exp
*/C(C)=C(/*)CCC(C)C,H2 Permeability Barrer,369.9999999,Barrer,exp
*/C(C)=C(/*)CCC(C)C,O2 Permeability Barrer,129.9999999,Barrer,exp
*/C(C)=C(/*)CCC(C)C,Co2 Permeability Barrer,390.0,Barrer,sim
*/C(C)=C(/*)CCC(C)C,H2 Permeability Barrer,369.9999999,Barrer,sim
*/C(C)=C(/*)CCC(C)C,O2 Permeability Barrer,129.9999999,Barrer,sim
*/C(C)=C(/*)[Si](C)(C)C(C)C,Co2 Permeability Barrer,2200.000001,Barrer,exp
*/C(C)=C(/*)[Si](C)(C)C(C)C,H2 Permeability Barrer,1649.999999,Barrer,exp
*/C(C)=C(/*)[Si](C)(C)C(C)C,O2 Permeability Barrer,460.0000003,Barrer,exp
*/C(C)=C(/*)[Si](C)(C)C(C)C,Co2 Permeability Barrer,2200.000001,Barrer,sim
*/C(C)=C(/*)[Si](C)(C)C(C)C,H2 Permeability Barrer,1649.999999,Barrer,sim
*/C(C)=C(/*)[Si](C)(C)C(C)C,O2 Permeability Barrer,460.0000003,Barrer,sim
*/C(C)=C(/*)[Si](C)(C)CC,Co2 Permeability Barrer,4600.000003,Barrer,exp
*/C(C)=C(/*)[Si](C)(C)CC,H2 Permeability Barrer,1930.0,Barrer,exp
*/C(C)=C(/*)[Si](C)(C)CC,O2 Permeability Barrer,969.9999994,Barrer,exp
*/C(C)=C(/*)[Si](C)(C)CC,Co2 Permeability Barrer,4600.000003,Barrer,sim
*/C(C)=C(/*)[Si](C)(C)CC,H2 Permeability Barrer,1930.0,Barrer,sim
*/C(C)=C(/*)[Si](C)(C)CC,O2 Permeability Barrer,969.9999994,Barrer,sim
*/C(C)=C(/*)[Si](C)(C)CCC,Co2 Permeability Barrer,230.0,Barrer,exp
*/C(C)=C(/*)[Si](C)(C)CCC,H2 Permeability Barrer,250.0000002,Barrer,exp
*/C(C)=C(/*)[Si](C)(C)CCC,O2 Permeability Barrer,70.0,Barrer,exp
*/C(C)=C(/*)[Si](C)(C)CCC,Co2 Permeability Barrer,230.0,Barrer,sim
*/C(C)=C(/*)[Si](C)(C)CCC,H2 Permeability Barrer,250.0000002,Barrer,sim
*/C(C)=C(/*)[Si](C)(C)CCC,O2 Permeability Barrer,70.0,Barrer,sim
*/C(C)=C(/*)[Si](C)(C)CCCC,Co2 Permeability Barrer,100.0,Barrer,exp
*/C(C)=C(/*)[Si](C)(C)CCCC,H2 Permeability Barrer,65.00000005,Barrer,exp
*/C(C)=C(/*)[Si](C)(C)CCCC,O2 Permeability Barrer,29.00000001,Barrer,exp
*/C(C)=C(/*)[Si](C)(C)CCCC,Co2 Permeability Barrer,100.0,Barrer,sim
*/C(C)=C(/*)[Si](C)(C)CCCC,H2 Permeability Barrer,65.00000005,Barrer,sim
*/C(C)=C(/*)[Si](C)(C)CCCC,O2 Permeability Barrer,29.00000001,Barrer,sim
*/C(C)=C(/*)[Si](C)(C)CCCCC,Co2 Permeability Barrer,100.0,Barrer,exp
*/C(C)=C(/*)[Si](C)(C)CCCCC,H2 Permeability Barrer,47.00000001,Barrer,exp
*/C(C)=C(/*)[Si](C)(C)CCCCC,O2 Permeability Barrer,23.0,Barrer,exp
*/C(C)=C(/*)[Si](C)(C)CCCCC,Co2 Permeability Barrer,100.0,Barrer,sim
*/C(C)=C(/*)[Si](C)(C)CCCCC,H2 Permeability Barrer,47.00000001,Barrer,sim
*/C(C)=C(/*)[Si](C)(C)CCCCC,O2 Permeability Barrer,23.0,Barrer,sim
*/C(C)=C(/*)[Si](C)(C)c1ccccc1,Co2 Permeability Barrer,37.60000001,Barrer,exp
*/C(C)=C(/*)[Si](C)(C)c1ccccc1,H2 Permeability Barrer,14.00000001,Barrer,exp
*/C(C)=C(/*)[Si](C)(C)c1ccccc1,O2 Permeability Barrer,4.399999995,Barrer,exp
*/C(C)=C(/*)[Si](C)(C)c1ccccc1,Co2 Permeability Barrer,37.60000001,Barrer,sim
*/C(C)=C(/*)[Si](C)(C)c1ccccc1,H2 Permeability Barrer,14.00000001,Barrer,sim
*/C(C)=C(/*)[Si](C)(C)c1ccccc1,O2 Permeability Barrer,4.399999995,Barrer,sim
*/C(C)=C(/*)c1ccccc1,Co2 Permeability Barrer,142.9999998,Barrer,exp
*/C(C)=C(/*)c1ccccc1,H2 Permeability Barrer,162.0000002,Barrer,exp
*/C(C)=C(/*)c1ccccc1,O2 Permeability Barrer,31.60000003,Barrer,exp
*/C(C)=C(/*)c1ccccc1,Co2 Permeability Barrer,142.9999998,Barrer,sim
*/C(C)=C(/*)c1ccccc1,H2 Permeability Barrer,162.0000002,Barrer,sim
*/C(C)=C(/*)c1ccccc1,O2 Permeability Barrer,31.60000003,Barrer,sim
*/C(CC)=C(/*)c1ccccc1,Co2 Permeability Barrer,39.99999997,Barrer,exp
*/C(CC)=C(/*)c1ccccc1,H2 Permeability Barrer,43.00000004,Barrer,exp
*/C(CC)=C(/*)c1ccccc1,O2 Permeability Barrer,12.0,Barrer,exp
*/C(CC)=C(/*)c1ccccc1,Co2 Permeability Barrer,39.99999997,Barrer,sim
*/C(CC)=C(/*)c1ccccc1,H2 Permeability Barrer,43.00000004,Barrer,sim
*/C(CC)=C(/*)c1ccccc1,O2 Permeability Barrer,12.0,Barrer,sim
*/C(CCCCCC)=C(/*)c1ccccc1,Co2 Permeability Barrer,47.99999996,Barrer,exp
*/C(CCCCCC)=C(/*)c1ccccc1,H2 Permeability Barrer,57.00000004,Barrer,exp
*/C(CCCCCC)=C(/*)c1ccccc1,O2 Permeability Barrer,14.00000001,Barrer,exp
*/C(CCCCCC)=C(/*)c1ccccc1,Co2 Permeability Barrer,47.99999996,Barrer,sim
*/C(CCCCCC)=C(/*)c1ccccc1,H2 Permeability Barrer,57.00000004,Barrer,sim
*/C(CCCCCC)=C(/*)c1ccccc1,O2 Permeability Barrer,14.00000001,Barrer,sim
*/C(Cl)=C(/*)CCCC,Co2 Permeability Barrer,39.99999997,Barrer,exp
*/C(Cl)=C(/*)CCCC,H2 Permeability Barrer,57.00000004,Barrer,exp
*/C(Cl)=C(/*)CCCC,O2 Permeability Barrer,12.0,Barrer,exp
*/C(Cl)=C(/*)CCCC,Co2 Permeability Barrer,39.99999997,Barrer,sim
*/C(Cl)=C(/*)CCCC,H2 Permeability Barrer,57.00000004,Barrer,sim
*/C(Cl)=C(/*)CCCC,O2 Permeability Barrer,12.0,Barrer,sim
*/C(Cl)=C(/*)CCCCCC,Co2 Permeability Barrer,129.9999999,Barrer,exp
*/C(Cl)=C(/*)CCCCCC,H2 Permeability Barrer,66.00000007,Barrer,exp
*/C(Cl)=C(/*)CCCCCC,O2 Permeability Barrer,31.99999998,Barrer,exp
*/C(Cl)=C(/*)CCCCCC,Co2 Permeability Barrer,129.9999999,Barrer,sim
*/C(Cl)=C(/*)CCCCCC,H2 Permeability Barrer,66.00000007,Barrer,sim
*/C(Cl)=C(/*)CCCCCC,O2 Permeability Barrer,31.99999998,Barrer,sim
*/C(Cl)=C(/*)c1ccccc1,Co2 Permeability Barrer,23.0,Barrer,exp
*/C(Cl)=C(/*)c1ccccc1,H2 Permeability Barrer,29.00000001,Barrer,exp
*/C(Cl)=C(/*)c1ccccc1,O2 Permeability Barrer,5.099999999,Barrer,exp
*/C(Cl)=C(/*)c1ccccc1,Co2 Permeability Barrer,23.0,Barrer,sim
*/C(Cl)=C(/*)c1ccccc1,H2 Permeability Barrer,29.00000001,Barrer,sim
*/C(Cl)=C(/*)c1ccccc1,O2 Permeability Barrer,5.099999999,Barrer,sim
*/C=C(/*)C(C)(C)C,Co2 Permeability Barrer,560.0,Barrer,exp
*/C=C(/*)C(C)(C)C,O2 Permeability Barrer,129.9999999,Barrer,exp
*/C=C(/*)C(C)(C)C,Co2 Permeability Barrer,560.0,Barrer,sim
*/C=C(/*)C(C)(C)C,O2 Permeability Barrer,129.9999999,Barrer,sim
*/C=C(/*)c1ccc(-c2ccc([Si](C)(C)C)cc2)cc1,Co2 Permeability Barrer,2200.000001,Barrer,exp
*/C=C(/*)c1ccc(-c2ccc([Si](C)(C)C)cc2)cc1,H2 Permeability Barrer,810.0000002,Barrer,exp
*/C=C(/*)c1ccc(-c2ccc([Si](C)(C)C)cc2)cc1,O2 Permeability Barrer,390.0,Barrer,exp
*/C=C(/*)c1ccc(-c2ccc([Si](C)(C)C)cc2)cc1,Co2 Permeability Barrer,2200.000001,Barrer,sim
*/C=C(/*)c1ccc(-c2ccc([Si](C)(C)C)cc2)cc1,H2 Permeability Barrer,810.0000002,Barrer,sim
*/C=C(/*)c1ccc(-c2ccc([Si](C)(C)C)cc2)cc1,O2 Permeability Barrer,390.0,Barrer,sim
*/C=C(/*)c1ccc(C[Si](C)(C)C)cc1,Co2 Permeability Barrer,640.0,Barrer,exp
*/C=C(/*)c1ccc(C[Si](C)(C)C)cc1,H2 Permeability Barrer,419.9999996,Barrer,exp
*/C=C(/*)c1ccc(C[Si](C)(C)C)cc1,O2 Permeability Barrer,140.0000001,Barrer,exp
*/C=C(/*)c1ccc(C[Si](C)(C)C)cc1,Co2 Permeability Barrer,640.0,Barrer,sim
*/C=C(/*)c1ccc(C[Si](C)(C)C)cc1,H2 Permeability Barrer,419.9999996,Barrer,sim
*/C=C(/*)c1ccc(C[Si](C)(C)C)cc1,O2 Permeability Barrer,140.0000001,Barrer,sim
*/C=C(/*)c1ccc(O[Si](C)(C)C(C)(C)C)cc1,Co2 Permeability Barrer,58.00000006,Barrer,exp
*/C=C(/*)c1ccc(O[Si](C)(C)C(C)(C)C)cc1,H2 Permeability Barrer,64.0,Barrer,exp
*/C=C(/*)c1ccc(O[Si](C)(C)C(C)(C)C)cc1,O2 Permeability Barrer,16.99999999,Barrer,exp
*/C=C(/*)c1ccc(O[Si](C)(C)C(C)(C)C)cc1,Co2 Permeability Barrer,58.00000006,Barrer,sim
*/C=C(/*)c1ccc(O[Si](C)(C)C(C)(C)C)cc1,H2 Permeability Barrer,64.0,Barrer,sim
*/C=C(/*)c1ccc(O[Si](C)(C)C(C)(C)C)cc1,O2 Permeability Barrer,16.99999999,Barrer,sim
*/C=C(/*)c1ccccc1,Co2 Permeability Barrer,88.60000002,Barrer,exp
*/C=C(/*)c1ccccc1,H2 Permeability Barrer,117.9999999,Barrer,exp
*/C=C(/*)c1ccccc1,O2 Permeability Barrer,16.49999999,Barrer,exp
*/C=C(/*)c1ccccc1,Co2 Permeability Barrer,88.60000002,Barrer,sim
*/C=C(/*)c1ccccc1,H2 Permeability Barrer,117.9999999,Barrer,sim
*/C=C(/*)c1ccccc1,O2 Permeability Barrer,16.49999999,Barrer,sim
*/C=C(/*)c1ccccc1C,Co2 Permeability Barrer,15.0,Barrer,exp
*/C=C(/*)c1ccccc1C,H2 Permeability Barrer,39.0,Barrer,exp
*/C=C(/*)c1ccccc1C,O2 Permeability Barrer,8.100000002,Barrer,exp
*/C=C(/*)c1ccccc1C,Co2 Permeability Barrer,15.0,Barrer,sim
*/C=C(/*)c1ccccc1C,H2 Permeability Barrer,39.0,Barrer,sim
*/C=C(/*)c1ccccc1C,O2 Permeability Barrer,8.100000002,Barrer,sim
*/C=C(/*)c1ccccc1C(F)(F)F,Co2 Permeability Barrer,129.9999999,Barrer,exp
*/C=C(/*)c1ccccc1C(F)(F)F,H2 Permeability Barrer,140.0000001,Barrer,exp
*/C=C(/*)c1ccccc1C(F)(F)F,O2 Permeability Barrer,25.00000002,Barrer,exp
*/C=C(/*)c1ccccc1C(F)(F)F,Co2 Permeability Barrer,129.9999999,Barrer,sim
*/C=C(/*)c1ccccc1C(F)(F)F,H2 Permeability Barrer,140.0000001,Barrer,sim
*/C=C(/*)c1ccccc1C(F)(F)F,O2 Permeability Barrer,25.00000002,Barrer,sim
*/C=C/*,Glass transition temperature,-213.5911622,C,sim
*/C=C/C#C*,Melting temperature,300.0,C,exp
*/C=C/C(C(*)(C)C)(C)C,Melting temperature,-9.15,C,
*/C=C/C(C(C)(C)*)(C)C,Melting temperature,264.0,C,exp
*/C=C/C(C*)C,Glass transition temperature,-60.0,C,exp
*/C=C/C(C*)C,Melting temperature,95.0,C,exp
*/C=C/C(C*)C,Melting temperature,-179.3642857,C,
*/C=C/C(C*)C(CC)C,Melting temperature,-100.65,C,
*/C=C/C(C*)OC,Melting temperature,-155.15,C,
*/C=C/C(OC)C*,Melting temperature,118.0,C,exp
*/C=C/CC*,Melting temperature,-155.0518519,C,
*/C=C/CCC*,Melting temperature,-249.75,C,
*/C=C/CCCCC*,Melting temperature,-222.15,C,
*/C=C/CCCCCCCCCC*,Melting temperature,-193.15,C,
*/C=C/c1cc(OCCC(CCCC(C)C)C)c(cc1OC)*,Glass transition temperature,50.0,C,exp
*/C=C/c1ccc(cc1)N(Cc1ccccc1CN(c1ccc(cc1)/C=C/c1ccc(s1)/C=C(/S(=O)(=O)/C(=C/c1ccc(s1)*)/C#N)\C#N)CC)CC,Glass transition temperature,178.0,C,exp
*/C=C/c1ccc(cc1)N(Cc1ccccc1CN(c1ccc(cc1)/C=C/c1ccc(s1)/C=C(/S(=O)(=O)/C(=C/c1ccc(s1)*)/C#N)\C#N)CC)CC,Thermal decomposition temperature,269.0,C,exp
*/C=C/c1ccc(cc1)N(Cc1ccccc1CN(c1ccc(cc1)/C=C/c1ccc(s1)/C=C(/S(=O)(=O)/C(=C/c1ccc(s1)*)/C#N)\C#N)CC)CC,Thermal decomposition weight loss,2.0,%,exp
*/C=C\C(=O)c1cccc(c1)C(=O)/C=C\Nc1ccc(cc1)Cc1ccc(cc1)N*,Thermal decomposition temperature,387.0,C,exp
*/C=C\C(=O)c1cccc(c1)C(=O)/C=C\Nc1ccc(cc1)Cc1ccc(cc1)N*,Thermal decomposition weight loss,10.0,%,exp
*/C=C\C(C*)C,Glass transition temperature,-39.5,C,exp
*/C=C\C(C*)C,Melting temperature,48.0,C,exp
*/C=C\C(C*)C,Melting temperature,-224.775,C,
*/C=C\C1CC(C2C1C=CC2)*,Glass transition temperature,53.0,C,exp
*/C=C\C1CC(C2C1C=CC2)*,Thermal decomposition temperature,415.0,C,exp
*/C=C\C1CC(C2C1C=CC2)*,Thermal decomposition weight loss,0.0,%,exp
*/C=C\CC*,Melting temperature,-278.3041667,C,
*/C=C\CCC*,Melting temperature,-314.15,C,
*/C=C\c1ccc(cc1)/C=C\[Si](c1ccc(cc1)[Si](C)(C)*)(C)C,Glass transition temperature,90.2,C,exp
*/C=C\c1ccc(cc1)/C=C\[Si](c1ccc(cc1)[Si](C)(C)*)(C)C,Thermal decomposition temperature,356.0,C,exp
*/C=C\c1ccc(cc1)/C=C\[Si](c1ccc(cc1)[Si](C)(C)*)(C)C,Thermal decomposition weight loss,7.5,%,exp
*/C=C\c1ccc(cc1)/C=C\[Si](c1ccc(cc1)[Si](C)(C)*)(C)C,Glass transition temperature,63.0,C,exp
*/C=C\c1ccc(cc1)/C=C\[Si](c1ccc(cc1)[Si](C)(C)*)(C)C,Thermal decomposition temperature,409.0,C,exp
*/C=C\c1ccc(cc1)/C=C\[Si](c1ccc(cc1)[Si](C)(C)*)(C)C,Thermal decomposition weight loss,7.5,%,exp
*/C=C\c1ccc(cc1)/C=C\[Si](c1ccc(cc1)[Si](CCC(F)(F)F)(C)*)(CCC(F)(F)F)C,Glass transition temperature,52.8,C,exp
*/C=C\c1ccc(cc1)/C=C\[Si](c1ccc(cc1)[Si](CCC(F)(F)F)(C)*)(CCC(F)(F)F)C,Thermal decomposition temperature,416.5,C,exp
*/C=C\c1ccc(cc1)/C=C\[Si](c1ccc(cc1)[Si](CCC(F)(F)F)(C)*)(CCC(F)(F)F)C,Thermal decomposition weight loss,7.5,%,exp
*/C=C\c1ccc(cc1)/C=C\[Si](c1ccc(cc1)[Si](CCC(F)(F)F)(C)*)(CCC(F)(F)F)C,Glass transition temperature,55.7,C,exp
*/C=C\c1ccc(cc1)/C=C\[Si](c1ccc(cc1)[Si](CCC(F)(F)F)(C)*)(CCC(F)(F)F)C,Thermal decomposition temperature,435.5,C,exp
*/C=C\c1ccc(cc1)/C=C\[Si](c1ccc(cc1)[Si](CCC(F)(F)F)(C)*)(CCC(F)(F)F)C,Thermal decomposition weight loss,7.5,%,exp
*/C=C\c1ccc(cc1)/C=C\[Si](c1cccc(c1)[Si](C)(C)*)(C)C,Glass transition temperature,39.2,C,exp
*/C=C\c1ccc(cc1)/C=C\[Si](c1cccc(c1)[Si](C)(C)*)(C)C,Thermal decomposition temperature,386.0,C,exp
*/C=C\c1ccc(cc1)/C=C\[Si](c1cccc(c1)[Si](C)(C)*)(C)C,Thermal decomposition weight loss,7.5,%,exp
*/C=C\c1ccc(cc1)/C=C\[Si](c1cccc(c1)[Si](C)(C)*)(C)C,Glass transition temperature,33.0,C,exp
*/C=C\c1ccc(cc1)/C=C\[Si](c1cccc(c1)[Si](C)(C)*)(C)C,Thermal decomposition temperature,460.0,C,exp
*/C=C\c1ccc(cc1)/C=C\[Si](c1cccc(c1)[Si](C)(C)*)(C)C,Thermal decomposition weight loss,7.5,%,exp
*/C=C\c1ccc(cc1)/C=C\[Si](c1cccc(c1)[Si](CCC(F)(F)F)(C)*)(CCC(F)(F)F)C,Glass transition temperature,23.4,C,exp
*/C=C\c1ccc(cc1)/C=C\[Si](c1cccc(c1)[Si](CCC(F)(F)F)(C)*)(CCC(F)(F)F)C,Thermal decomposition temperature,402.0,C,exp
*/C=C\c1ccc(cc1)/C=C\[Si](c1cccc(c1)[Si](CCC(F)(F)F)(C)*)(CCC(F)(F)F)C,Thermal decomposition weight loss,7.5,%,exp
*/C=C\c1ccc(cc1)/C=C\[Si](c1cccc(c1)[Si](CCC(F)(F)F)(C)*)(CCC(F)(F)F)C,Glass transition temperature,23.4,C,exp
*/C=C\c1ccc(cc1)/C=C\[Si](c1cccc(c1)[Si](CCC(F)(F)F)(C)*)(CCC(F)(F)F)C,Thermal decomposition temperature,454.5,C,exp
*/C=C\c1ccc(cc1)/C=C\[Si](c1cccc(c1)[Si](CCC(F)(F)F)(C)*)(CCC(F)(F)F)C,Thermal decomposition weight loss,7.5,%,exp
*/C=C\c1cccc(c1)/C=C\[Si](c1ccc(cc1)[Si](C)(C)*)(C)C,Glass transition temperature,41.7,C,exp
*/C=C\c1cccc(c1)/C=C\[Si](c1ccc(cc1)[Si](C)(C)*)(C)C,Thermal decomposition temperature,363.5,C,exp
*/C=C\c1cccc(c1)/C=C\[Si](c1ccc(cc1)[Si](C)(C)*)(C)C,Thermal decomposition weight loss,7.5,%,exp
*/C=C\c1cccc(c1)/C=C\[Si](c1ccc(cc1)[Si](C)(C)*)(C)C,Glass transition temperature,38.1,C,exp
*/C=C\c1cccc(c1)/C=C\[Si](c1ccc(cc1)[Si](C)(C)*)(C)C,Thermal decomposition temperature,371.0,C,exp
*/C=C\c1cccc(c1)/C=C\[Si](c1ccc(cc1)[Si](C)(C)*)(C)C,Thermal decomposition weight loss,7.5,%,exp
*/C=C\c1cccc(c1)/C=C\[Si](c1ccc(cc1)[Si](CCC(F)(F)F)(C)*)(CCC(F)(F)F)C,Glass transition temperature,39.2,C,exp
*/C=C\c1cccc(c1)/C=C\[Si](c1ccc(cc1)[Si](CCC(F)(F)F)(C)*)(CCC(F)(F)F)C,Thermal decomposition temperature,378.0,C,exp
*/C=C\c1cccc(c1)/C=C\[Si](c1ccc(cc1)[Si](CCC(F)(F)F)(C)*)(CCC(F)(F)F)C,Thermal decomposition weight loss,7.5,%,exp
*/C=C\c1cccc(c1)/C=C\[Si](c1ccc(cc1)[Si](CCC(F)(F)F)(C)*)(CCC(F)(F)F)C,Glass transition temperature,34.5,C,exp
*/C=C\c1cccc(c1)/C=C\[Si](c1ccc(cc1)[Si](CCC(F)(F)F)(C)*)(CCC(F)(F)F)C,Thermal decomposition temperature,435.5,C,exp
*/C=C\c1cccc(c1)/C=C\[Si](c1ccc(cc1)[Si](CCC(F)(F)F)(C)*)(CCC(F)(F)F)C,Thermal decomposition weight loss,7.5,%,exp
*/C=C\c1cccc(c1)/C=C\[Si](c1cccc(c1)[Si](C)(C)*)(C)C,Glass transition temperature,28.7,C,exp
*/C=C\c1cccc(c1)/C=C\[Si](c1cccc(c1)[Si](C)(C)*)(C)C,Thermal decomposition temperature,404.5,C,exp
*/C=C\c1cccc(c1)/C=C\[Si](c1cccc(c1)[Si](C)(C)*)(C)C,Thermal decomposition weight loss,7.5,%,exp
*/C=C\c1cccc(c1)/C=C\[Si](c1cccc(c1)[Si](C)(C)*)(C)C,Thermal decomposition temperature,319.0,C,exp
*/C=C\c1cccc(c1)/C=C\[Si](c1cccc(c1)[Si](C)(C)*)(C)C,Thermal decomposition weight loss,7.5,%,exp
*/C=C\c1cccc(c1)/C=C\[Si](c1cccc(c1)[Si](CCC(F)(F)F)(C)*)(CCC(F)(F)F)C,Glass transition temperature,9.5,C,exp
*/C=C\c1cccc(c1)/C=C\[Si](c1cccc(c1)[Si](CCC(F)(F)F)(C)*)(CCC(F)(F)F)C,Thermal decomposition temperature,409.0,C,exp
*/C=C\c1cccc(c1)/C=C\[Si](c1cccc(c1)[Si](CCC(F)(F)F)(C)*)(CCC(F)(F)F)C,Thermal decomposition weight loss,7.5,%,exp
*=C(C1=CC(=*)c2c1cccc2)c1ccccc1,Thermal decomposition temperature,510.0,C,exp
*=C1C=c2ccc3cc(=C4c5ccccc5C(=*)c5ccccc45)cc4ccc(=C1)c2c34,Glass transition temperature,164.34,C,sim
*=C1CN(CC(=Cc2oc(cc2)C(=O)CCCCC(=O)c2oc(cc2)C=*)C1=O)C,Glass transition temperature,-178.0088549,C,sim
*=C1OC(=c2cc3ccc4=CC(=*)C=c5ccc(c2)c3c45)c2c3c4c1ccc1cccc(c41)c1c3c(ccc1)cc2,Glass transition temperature,159.28,C,sim
*=C1SC(=S)N(C1=O)c1ccc(cc1)N1C(=S)SC(=Cc2ccc(cc2)C=*)C1=O,Glass transition temperature,-86.0463365,C,sim
*=C1c2c(C(=O)O1)cc(cc2)c1cc2c(C(=O)OC2=Nc2cc(ccc2)Oc2cc(ccc2)Oc2cc(ccc2)N=*)cc1,Glass transition temperature,-79.4143482,C,sim
*=C=C=C(C(=*)CCCCOC(=O)NC(=O)OCCCC)CCCCOC(=O)NC(=O)OCCCC,Glass transition temperature,-245.6391264,C,sim
*=C=C=C(C(=*)CCCCOC(=O)NCC)CCCCOC(=O)NCC,Melting temperature,-63.3,C,
*=C=C=C(C(=*)CO)CO,Glass transition temperature,-231.1358611,C,sim
*=C=C=C(C(=*)COC(=O)NCC)COC(=O)NCC,Glass transition temperature,-101.0866128,C,sim
*=C=C=C(C(=*)COS(=O)(=O)c1ccc(cc1)C)COS(=O)(=O)c1ccc(cc1)C,Melting temperature,102.2,C,exp
*=C=C=C(C(=*)COS(=O)(=O)c1ccc(cc1)C)COS(=O)(=O)c1ccc(cc1)C,Glass transition temperature,-196.3470947,C,sim
*=C=C=C(C(=*)COS(=O)(=O)c1ccc(cc1)C)COS(=O)(=O)c1ccc(cc1)C,Melting temperature,-170.9,C,
*=C=C=C(C(=*)COS(=O)(=O)c1ccc(cc1)OC)COS(=O)(=O)c1ccc(cc1)OC,Glass transition temperature,-217.8444471,C,sim
*=C=C=C(C(=*)Cn1c2ccccc2c2c1cccc2)Cn1c2ccccc2c2c1cccc2,Thermal decomposition temperature,400.0,C,exp
*=C=C=C(C(=*)Cn1c2ccccc2c2c1cccc2)Cn1c2ccccc2c2c1cccc2,Thermal decomposition weight loss,6.5,%,exp
*=C=Nc1ccc(cc1)Cc1ccc(cc1)N=*,Thermal decomposition temperature,258.0,C,exp
*=C=Nc1ccc(cc1)Cc1ccc(cc1)N=*,Thermal decomposition weight loss,10.0,%,exp
*=C=Nc1ccc(cc1)Cc1ccc(cc1)N=*,Melting temperature,143.0,C,exp
*=C=Nc1ccc(cc1OC)c1ccc(c(c1)OC)N=*,Elongation at break,6.2,%,exp
*=C=Nc1ccc(cc1OC)c1ccc(c(c1)OC)N=*,Tensile stress strength at break,0.274,GPa,exp
*=C=Nc1ccc(cc1OC)c1ccc(c(c1)OC)N=*,Melting temperature,200.0,C,exp
*=CC1CCC(C=*)C1,Co2 Permeability Barrer,15.40000001,Barrer,exp
*=CC1CCC(C=*)C1,H2 Permeability Barrer,21.00000001,Barrer,exp
*=CC1CCC(C=*)C1,O2 Permeability Barrer,2.799999998,Barrer,exp
*=CC1CCC(C=*)C1,Co2 Permeability Barrer,15.40000001,Barrer,sim
*=CC1CCC(C=*)C1,H2 Permeability Barrer,21.00000001,Barrer,sim
*=CC1CCC(C=*)C1,O2 Permeability Barrer,2.799999998,Barrer,sim
*=CC=C1C2CCC(C1=*)CC2OC(=O)C,Thermal decomposition temperature,223.5,C,exp
*=CC=C1C2CCC(C1=*)CC2OC(=O)C,Thermal decomposition weight loss,10.0,%,exp
*=CC=Cc1ccc(cc1)C=CC=Nc1ccc(cc1)N=*,Thermal decomposition temperature,393.0,C,exp
*=CC=Cc1ccc(cc1)C=CC=Nc1ccc(cc1)N=*,Thermal decomposition weight loss,20.97,%,exp
*=CCCC(=*)Cl,Co2 Permeability Barrer,25.8,Barrer,exp
*=CCCC(=*)Cl,O2 Permeability Barrer,3.999999997,Barrer,exp
*=CCCC(=*)Cl,Co2 Permeability Barrer,25.8,Barrer,sim
*=CCCC(=*)Cl,O2 Permeability Barrer,3.999999997,Barrer,sim
*=CNc1ccc(cc1)C(=O)c1ccc(cc1)N=*,Thermal decomposition temperature,365.0,C,exp
*=CNc1ccc(cc1)C(=O)c1ccc(cc1)N=*,Thermal decomposition weight loss,7.5,%,exp
*=CNc1ccc(cc1)C(=O)c1ccc(cc1)N=*,Melting temperature,380.0,C,exp
*=CNc1ccc(cc1)CCc1ccc(cc1)N=*,Glass transition temperature,125.0,C,exp
*=CNc1ccc(cc1)CCc1ccc(cc1)N=*,Thermal decomposition temperature,350.0,C,exp
*=CNc1ccc(cc1)CCc1ccc(cc1)N=*,Thermal decomposition weight loss,7.5,%,exp
*=CNc1ccc(cc1)CCc1ccc(cc1)N=*,Melting temperature,265.0,C,exp
*=CNc1ccc(cc1)Cc1ccc(cc1)N=*,Glass transition temperature,95.5,C,exp
*=CNc1ccc(cc1)Cc1ccc(cc1)N=*,Thermal decomposition temperature,384.0,C,exp
*=CNc1ccc(cc1)Cc1ccc(cc1)N=*,Thermal decomposition weight loss,10.0,%,exp
*=CNc1ccc(cc1)Cc1ccc(cc1)N=*,Melting temperature,288.0,C,exp
*=CNc1ccc(cc1)N=*,Thermal decomposition temperature,422.0,C,exp
*=CNc1ccc(cc1)N=*,Thermal decomposition weight loss,7.5,%,exp
*=CNc1ccc(cc1)N=*,Melting temperature,380.0,C,exp
*=CNc1ccc(cc1)c1ccc(cc1)N=*,Thermal decomposition temperature,350.0,C,exp
*=CNc1ccc(cc1)c1ccc(cc1)N=*,Thermal decomposition weight loss,7.5,%,exp
*=CNc1ccc(cc1)c1ccc(cc1)N=*,Melting temperature,380.0,C,exp
*=CNc1cccc(c1)N=*,Thermal decomposition temperature,334.0,C,exp
*=CNc1cccc(c1)N=*,Thermal decomposition weight loss,7.5,%,exp
*=CNc1cccc(c1)N=*,Melting temperature,255.0,C,exp
*=CNc1cccc2c1cccc2N=*,Thermal decomposition temperature,361.0,C,exp
*=CNc1cccc2c1cccc2N=*,Thermal decomposition weight loss,7.5,%,exp
*=CNc1cccc2c1cccc2N=*,Melting temperature,380.0,C,exp
*=Cc1ccc(cc1)C#CC#Cc1ccc(cc1)C=Nc1ccc(cc1)C(c1ccc(cc1)N=*)c1ccccc1,Thermal decomposition temperature,510.0,C,exp
*=Cc1ccc(cc1)C#CC#Cc1ccc(cc1)C=Nc1ccc(cc1)C(c1ccc(cc1)N=*)c1ccccc1,Thermal decomposition weight loss,10.0,%,exp
*=Cc1ccc(cc1)C=Nc1ccc(cc1)N=*,Thermal decomposition temperature,446.0,C,exp
*=Cc1ccc(cc1)C=Nc1ccc(cc1)N=*,Thermal decomposition weight loss,5.0,%,exp
*=Cc1ccc(cc1)C=Nc1ccc(cc1)N=*,Melting temperature,300.0,C,exp
*=Cc1ccc(cc1)C=Nc1ccc(cc1OC)c1ccc(c(c1)OC)N=*,Glass transition temperature,258.0,C,exp
*=Cc1ccc(cc1)C=Nc1ccc(cc1OC)c1ccc(c(c1)OC)N=*,Thermal decomposition temperature,390.0,C,exp
*=Cc1ccc(cc1)C=Nc1ccc(cc1OC)c1ccc(c(c1)OC)N=*,Thermal decomposition weight loss,10.0,%,exp
*=Cc1ccc(cc1)N(c1ccc(cc1)C=*)c1ccc(cc1)C=Nc1c(C)c(C)c(c(c1C)C)N1C(=O)c2ccc3c4c2c(C1=O)ccc4C(=O)N(C3=O)c1c(C)c(C)c(c(c1C)C)N=*,Thermal decomposition temperature,372.5,C,exp
*=Cc1ccc(cc1)N(c1ccc(cc1)C=*)c1ccc(cc1)C=Nc1c(C)c(C)c(c(c1C)C)N1C(=O)c2ccc3c4c2c(C1=O)ccc4C(=O)N(C3=O)c1c(C)c(C)c(c(c1C)C)N=*,Thermal decomposition weight loss,7.5,%,exp
*=Cc1ccc(cc1)N(c1ccc(cc1)C=*)c1ccc(cc1)C=Nc1ccc(cc1OC)c1ccc(c(c1)OC)N=*,Glass transition temperature,165.0,C,exp
*=Cc1ccc(cc1)N(c1ccccc1)c1ccc(cc1)C=Nc1ccc(cc1OC)c1ccc(c(c1)OC)N=*,Glass transition temperature,178.0,C,exp
*=Cc1ccc(cc1)N(c1ccccc1)c1ccc(cc1)C=Nc1ccc(cc1OC)c1ccc(c(c1)OC)N=*,Thermal decomposition temperature,400.0,C,exp
*=Cc1ccc(cc1)N(c1ccccc1)c1ccc(cc1)C=Nc1ccc(cc1OC)c1ccc(c(c1)OC)N=*,Thermal decomposition weight loss,10.0,%,exp
*=Cc1ccc(cc1)c1ccc(cc1)C=Nc1ccc(cc1)N=*,Thermal decomposition temperature,512.0,C,exp
*=Cc1ccc(cc1)c1ccc(cc1)C=Nc1ccc(cc1)N=*,Thermal decomposition weight loss,50.94,%,exp
*=Cc1ccc(cc1)c1csc(=*)s1,Thermal decomposition temperature,250.0,C,exp
*=Cc1ccc(o1)C(=O)CCCCC(=O)c1ccc(o1)C=C1CN(C)CC(=*)C1=O,Thermal decomposition temperature,500.0,C,exp
*=Cc1ccc(o1)C(=O)CCCCC(=O)c1ccc(o1)C=C1CN(C)CC(=*)C1=O,Thermal decomposition weight loss,79.0,%,exp
*=Cc1ccc(o1)C(=O)CCCCCCCCC(=O)c1ccc(o1)C=C1CN(C)CC(=*)C1=O,Thermal decomposition temperature,500.0,C,exp
*=Cc1ccc(o1)C(=O)CCCCCCCCC(=O)c1ccc(o1)C=C1CN(C)CC(=*)C1=O,Thermal decomposition weight loss,75.0,%,exp
*=Cc1ccc(o1)C(=O)c1ccc(cc1)C(=O)c1ccc(o1)C=C1CN(C)CC(=*)C1=O,Thermal decomposition temperature,500.0,C,exp
*=Cc1ccc(o1)C(=O)c1ccc(cc1)C(=O)c1ccc(o1)C=C1CN(C)CC(=*)C1=O,Thermal decomposition weight loss,76.0,%,exp
*=Cc1ccc(o1)C(=O)c1cccc(c1)C(=O)c1ccc(o1)C=C1CN(C)CC(=*)C1=O,Thermal decomposition temperature,500.0,C,exp
*=Cc1ccc(o1)C(=O)c1cccc(c1)C(=O)c1ccc(o1)C=C1CN(C)CC(=*)C1=O,Thermal decomposition weight loss,74.0,%,exp
*=Cc1ccc(s1)/C=C/c1ccc(cc1)N(c1ccccc1)c1ccc(cc1)N(c1ccccc1)c1ccc(cc1)/C=C/c1ccc(s1)C=C1C(=C(C#N)C(=O)N(C1=O)c1cccc(c1)N1C(=O)C(=*)C(=C(C1=O)C#N)C)C,Thermal decomposition temperature,215.0,C,exp
*=Cc1ccc(s1)/C=C/c1ccc(cc1)N(c1ccccc1)c1ccc(cc1)N(c1ccccc1)c1ccc(cc1)/C=C/c1ccc(s1)C=C1C(=C(C#N)C(=O)N(C1=O)c1cccc(c1)N1C(=O)C(=*)C(=C(C1=O)C#N)C)C,Thermal decomposition weight loss,2.0,%,exp
*=NC1C(C1)N=C=*,Melting temperature,-3.15,C,
*=NC1CC1N=C=*,Melting temperature,270.0,C,exp
*=NN=CC#C[Si](C#CC=*)(c1ccccc1)c1ccccc1,Glass transition temperature,-141.8922568,C,sim
*=NNC(=S)N=Cc1ccc(cc1)C=*,Thermal decomposition temperature,171.0,C,exp
*=NNC(=S)N=Cc1ccc(cc1)C=*,Thermal decomposition weight loss,5.0,%,exp
*=NP(=NP(=*)(Cl)Oc1cc(C(C)(C)C)cc(C(C)(C)C)c1)(Oc1cc(C(C)(C)C)cc(C(C)(C)C)c1)Oc1cc(C(C)(C)C)cc(C(C)(C)C)c1,Co2 Permeability Barrer,26.99999999,Barrer,exp
*=NP(=NP(=*)(Cl)Oc1cc(C(C)(C)C)cc(C(C)(C)C)c1)(Oc1cc(C(C)(C)C)cc(C(C)(C)C)c1)Oc1cc(C(C)(C)C)cc(C(C)(C)C)c1,H2 Permeability Barrer,74.99999993,Barrer,exp
*=NP(=NP(=*)(Cl)Oc1cc(C(C)(C)C)cc(C(C)(C)C)c1)(Oc1cc(C(C)(C)C)cc(C(C)(C)C)c1)Oc1cc(C(C)(C)C)cc(C(C)(C)C)c1,O2 Permeability Barrer,11.0,Barrer,exp
*=NP(=NP(=*)(Cl)Oc1cc(C(C)(C)C)cc(C(C)(C)C)c1)(Oc1cc(C(C)(C)C)cc(C(C)(C)C)c1)Oc1cc(C(C)(C)C)cc(C(C)(C)C)c1,Co2 Permeability Barrer,26.99999999,Barrer,sim
*=NP(=NP(=*)(Cl)Oc1cc(C(C)(C)C)cc(C(C)(C)C)c1)(Oc1cc(C(C)(C)C)cc(C(C)(C)C)c1)Oc1cc(C(C)(C)C)cc(C(C)(C)C)c1,H2 Permeability Barrer,74.99999993,Barrer,sim
*=NP(=NP(=*)(Cl)Oc1cc(C(C)(C)C)cc(C(C)(C)C)c1)(Oc1cc(C(C)(C)C)cc(C(C)(C)C)c1)Oc1cc(C(C)(C)C)cc(C(C)(C)C)c1,O2 Permeability Barrer,11.0,Barrer,sim
*=NP(=NP(=*)(OCC(C)(C)C)Oc1ccccc1)(Oc1ccccc1)Oc1ccccc1,Co2 Permeability Barrer,72.60000005,Barrer,exp
*=NP(=NP(=*)(OCC(C)(C)C)Oc1ccccc1)(Oc1ccccc1)Oc1ccccc1,O2 Permeability Barrer,10.39999999,Barrer,exp
*=NP(=NP(=*)(OCC(C)(C)C)Oc1ccccc1)(Oc1ccccc1)Oc1ccccc1,Co2 Permeability Barrer,72.60000005,Barrer,sim
*=NP(=NP(=*)(OCC(C)(C)C)Oc1ccccc1)(Oc1ccccc1)Oc1ccccc1,O2 Permeability Barrer,10.39999999,Barrer,sim
*=NP(=NP(=*)(Oc1ccc(OC)cc1)Oc1ccccc1CC=C)(OCCCOCCOC)Oc1ccc(OC)cc1,Co2 Permeability Barrer,250.0000002,Barrer,exp
*=NP(=NP(=*)(Oc1ccc(OC)cc1)Oc1ccccc1CC=C)(OCCCOCCOC)Oc1ccc(OC)cc1,H2 Permeability Barrer,25.00000002,Barrer,exp
*=NP(=NP(=*)(Oc1ccc(OC)cc1)Oc1ccccc1CC=C)(OCCCOCCOC)Oc1ccc(OC)cc1,O2 Permeability Barrer,7.0,Barrer,exp
*=NP(=NP(=*)(Oc1ccc(OC)cc1)Oc1ccccc1CC=C)(OCCCOCCOC)Oc1ccc(OC)cc1,Co2 Permeability Barrer,250.0000002,Barrer,sim
*=NP(=NP(=*)(Oc1ccc(OC)cc1)Oc1ccccc1CC=C)(OCCCOCCOC)Oc1ccc(OC)cc1,H2 Permeability Barrer,25.00000002,Barrer,sim
*=NP(=NP(=*)(Oc1ccc(OC)cc1)Oc1ccccc1CC=C)(OCCCOCCOC)Oc1ccc(OC)cc1,O2 Permeability Barrer,7.0,Barrer,sim
*=NP(=NP(=*)(Oc1ccccc1)Oc1ccc([Si](C)(C)C)cc1)(Oc1ccc(Br)cc1)Oc1ccc([Si](C)(C)C)cc1,Co2 Permeability Barrer,115.9999999,Barrer,exp
*=NP(=NP(=*)(Oc1ccccc1)Oc1ccc([Si](C)(C)C)cc1)(Oc1ccc(Br)cc1)Oc1ccc([Si](C)(C)C)cc1,O2 Permeability Barrer,30.69999997,Barrer,exp
*=NP(=NP(=*)(Oc1ccccc1)Oc1ccc([Si](C)(C)C)cc1)(Oc1ccc(Br)cc1)Oc1ccc([Si](C)(C)C)cc1,Co2 Permeability Barrer,115.9999999,Barrer,sim
*=NP(=NP(=*)(Oc1ccccc1)Oc1ccc([Si](C)(C)C)cc1)(Oc1ccc(Br)cc1)Oc1ccc([Si](C)(C)C)cc1,O2 Permeability Barrer,30.69999997,Barrer,sim
*=NP(=NP(=*)(Oc1ccccc1)Oc1ccc([Si](C)(C)c2ccccc2)cc1)(Oc1ccc(Br)cc1)Oc1ccc([Si](C)(C)c2ccccc2)cc1,Co2 Permeability Barrer,44.8,Barrer,exp
*=NP(=NP(=*)(Oc1ccccc1)Oc1ccc([Si](C)(C)c2ccccc2)cc1)(Oc1ccc(Br)cc1)Oc1ccc([Si](C)(C)c2ccccc2)cc1,O2 Permeability Barrer,7.800000006,Barrer,exp
*=NP(=NP(=*)(Oc1ccccc1)Oc1ccc([Si](C)(C)c2ccccc2)cc1)(Oc1ccc(Br)cc1)Oc1ccc([Si](C)(C)c2ccccc2)cc1,Co2 Permeability Barrer,44.8,Barrer,sim
*=NP(=NP(=*)(Oc1ccccc1)Oc1ccc([Si](C)(C)c2ccccc2)cc1)(Oc1ccc(Br)cc1)Oc1ccc([Si](C)(C)c2ccccc2)cc1,O2 Permeability Barrer,7.800000006,Barrer,sim
*=NP(=NP(=*)(Oc1ccccc1)Oc1ccc([Si](C)(c2ccccc2)c2ccccc2)cc1)(Oc1ccc(Br)cc1)Oc1ccc([Si](C)(c2ccccc2)c2ccccc2)cc1,Co2 Permeability Barrer,5.6,Barrer,exp
*=NP(=NP(=*)(Oc1ccccc1)Oc1ccc([Si](C)(c2ccccc2)c2ccccc2)cc1)(Oc1ccc(Br)cc1)Oc1ccc([Si](C)(c2ccccc2)c2ccccc2)cc1,O2 Permeability Barrer,1.299999999,Barrer,exp
*=NP(=NP(=*)(Oc1ccccc1)Oc1ccc([Si](C)(c2ccccc2)c2ccccc2)cc1)(Oc1ccc(Br)cc1)Oc1ccc([Si](C)(c2ccccc2)c2ccccc2)cc1,Co2 Permeability Barrer,5.6,Barrer,sim
*=NP(=NP(=*)(Oc1ccccc1)Oc1ccc([Si](C)(c2ccccc2)c2ccccc2)cc1)(Oc1ccc(Br)cc1)Oc1ccc([Si](C)(c2ccccc2)c2ccccc2)cc1,O2 Permeability Barrer,1.299999999,Barrer,sim
*=NP(=NP(=NC(=*)Cl)(Cl)Cl)(Cl)Cl,Glass transition temperature,-21.0,C,exp
*=NP(=NP(=NC(=*)Oc1ccc(cc1)Br)(Oc1ccc(cc1)Br)Oc1ccc(cc1)Br)(Oc1ccc(cc1)Br)Oc1ccc(cc1)Br,Glass transition temperature,45.0,C,exp
*=NP(=NP(=NC(=*)Oc1ccc(cc1)C(C)(C)C)(Oc1ccc(cc1)C(C)(C)C)Oc1ccc(cc1)C(C)(C)C)(Oc1ccc(cc1)C(C)(C)C)Oc1ccc(cc1)C(C)(C)C,Glass transition temperature,74.0,C,exp
*=NP(=NP(=NC(=*)Oc1ccc(cc1)C(F)(F)F)(Oc1ccc(cc1)C(F)(F)F)Oc1ccc(cc1)C(F)(F)F)(Oc1ccc(cc1)C(F)(F)F)Oc1ccc(cc1)C(F)(F)F,Glass transition temperature,31.0,C,exp
*=NP(=NP(=NC(=*)Oc1ccc(cc1)C(c1ccccc1)(C)C)(Oc1ccc(cc1)C(c1ccccc1)(C)C)Oc1ccc(cc1)C(c1ccccc1)(C)C)(Oc1ccc(cc1)C(c1ccccc1)(C)C)Oc1ccc(cc1)C(c1ccccc1)(C)C,Glass transition temperature,55.0,C,exp
*=NP(=NP(=NC(=*)Oc1ccccc1)(Oc1ccccc1)Oc1ccccc1)(Oc1ccccc1)Oc1ccccc1,Glass transition temperature,18.0,C,exp
*=NP(=NP(=NC(=*)Oc1ccccc1C(F)(F)F)(Oc1ccccc1C(F)(F)F)Oc1ccccc1C(F)(F)F)(Oc1ccccc1C(F)(F)F)Oc1ccccc1C(F)(F)F,Glass transition temperature,-20.0,C,exp
*=Nc1c(cc(cc1)c1cc(c(cc1)N=C=*)OC)OC,Melting temperature,-73.15,C,
*=Nc1c(cc(cc1c1ccccc1)c1ccc(cc1)c1cc(c2ccccc2)c(c(c1)c1ccccc1)N=Cc1ccc(cc1)C=*)c1ccccc1,Glass transition temperature,300.0,C,exp
*=Nc1c(cc(cc1c1ccccc1)c1ccc(cc1)c1cc(c2ccccc2)c(c(c1)c1ccccc1)N=Cc1ccc(cc1)C=*)c1ccccc1,Thermal decomposition temperature,430.0,C,exp
*=Nc1c(cc(cc1c1ccccc1)c1ccc(cc1)c1cc(c2ccccc2)c(c(c1)c1ccccc1)N=Cc1ccc(cc1)C=*)c1ccccc1,Thermal decomposition weight loss,0.5,%,exp
*=Nc1c2c(ccc1)c(ccc2)NC=*,Melting temperature,106.85,C,
*=Nc1cc(ccc1)NC=*,Melting temperature,-18.15,C,
*=Nc1ccc(cc1)C(=O)c1ccc(cc1)NC=*,Melting temperature,106.85,C,
*=Nc1ccc(cc1)C(c1ccc(cc1)C(c1ccc(cc1)N=C1OC(=O)c2c1cc(cc2)Oc1ccc2c(c1)C(=O)OC2=*)(C)C)(C)C,Glass transition temperature,247.0,C,exp
*=Nc1ccc(cc1)CCc1ccc(cc1)NC=*,Melting temperature,-8.15,C,
*=Nc1ccc(cc1)Cc1ccc(cc1)N=C(Nc1ccc(cc1C(=O)O)c1ccc(c(c1)C(=O)O)NC(=*)C)C,Thermal decomposition temperature,315.0,C,exp
*=Nc1ccc(cc1)Cc1ccc(cc1)N=C(Nc1ccc(cc1C(=O)O)c1ccc(c(c1)C(=O)O)NC(=*)C)C,Thermal decomposition weight loss,50.0,%,exp
*=Nc1ccc(cc1)Cc1ccc(cc1)N=C=*,Melting temperature,-130.15,C,
*=Nc1ccc(cc1)Cc1ccc(cc1)NC(=*)C,Glass transition temperature,142.0,C,exp
*=Nc1ccc(cc1)Cc1ccc(cc1)NC(=*)C,Thermal decomposition temperature,425.0,C,exp
*=Nc1ccc(cc1)Cc1ccc(cc1)NC(=*)C,Thermal decomposition weight loss,10.0,%,exp
*=Nc1ccc(cc1)Cc1ccc(cc1)NC(=*)C,Melting temperature,205.0,C,exp
*=Nc1ccc(cc1)Cc1ccc(cc1)NC(=*)C,Melting temperature,-68.15,C,
*=Nc1ccc(cc1)Cc1ccc(cc1)NC(=*)c1ccccc1,Glass transition temperature,158.0,C,exp
*=Nc1ccc(cc1)Cc1ccc(cc1)NC(=*)c1ccccc1,Thermal decomposition temperature,461.0,C,exp
*=Nc1ccc(cc1)Cc1ccc(cc1)NC(=*)c1ccccc1,Thermal decomposition weight loss,10.0,%,exp
*=Nc1ccc(cc1)Cc1ccc(cc1)NC=*,Melting temperature,45.1,C,
*=Nc1ccc(cc1)N=C(Nc1c(cc(cc1)c1cc(c(cc1)NC(=*)C)C(=O)O)C(=O)O)C,Glass transition temperature,-183.7695406,C,sim
*=Nc1ccc(cc1)N=C(Nc1ccc(cc1C(=O)O)c1ccc(c(c1)C(=O)O)NC(=*)C)C,Thermal decomposition temperature,347.5,C,exp
*=Nc1ccc(cc1)N=C(Nc1ccc(cc1C(=O)O)c1ccc(c(c1)C(=O)O)NC(=*)C)C,Thermal decomposition weight loss,50.0,%,exp
*=Nc1ccc(cc1)N=C(c1ccccc1)/C=C/C(=*)c1ccccc1,Glass transition temperature,157.0,C,exp
*=Nc1ccc(cc1)N=C(c1ccccc1)c1ccc(cc1)C(=*)c1ccccc1,Glass transition temperature,179.0,C,exp
*=Nc1ccc(cc1)N=Cc1c(cc(c(c1)OCCCCCCCCCCCCCC)C=*)OCCCCCCCCCCCCCC,Melting temperature,-13.15,C,
*=Nc1ccc(cc1)N=Cc1c(cc(c(c1)OCCCCCCCCCCCCCCCC)C=*)OCCCCCCCCCCCCCCCC,Melting temperature,-3.15,C,
*=Nc1ccc(cc1)NC=*,Melting temperature,106.85,C,
*=Nc1ccc(cc1)Oc1ccc(cc1)C(C(F)(F)F)(C(F)(F)F)c1ccc(cc1)Oc1ccc(cc1)N=c1oc(=O)c2c1cc1c(=*)oc(=O)c1c2,Glass transition temperature,287.0,C,exp
*=Nc1ccc(cc1)c1ccc(cc1)NC=*,Melting temperature,106.85,C,
*=Nc1cccc(c1)N=C(c1ccccc1)/C=C/C(=*)c1ccccc1,Glass transition temperature,178.0,C,exp
*=Nc1cccc(c1)N=C(c1ccccc1)c1ccc(cc1)C(=*)c1ccccc1,Glass transition temperature,179.0,C,exp
*=Nc1cccc(c1)S(=O)(=O)c1cccc(c1)N=C1OC(=O)c2c1cc(cc2)Oc1ccc2c(c1)C(=O)OC2=*,Glass transition temperature,190.0,C,exp
*=Nc1cccc(c1)S(=O)(=O)c1cccc(c1)N=C1OC(=O)c2c1cc(cc2)Oc1ccc2c(c1)C(=O)OC2=*,Thermal decomposition temperature,405.0,C,exp
*=Nc1cccc(c1)S(=O)(=O)c1cccc(c1)N=C1OC(=O)c2c1cc(cc2)Oc1ccc2c(c1)C(=O)OC2=*,Thermal decomposition weight loss,5.0,%,exp
*=c1c2cc3c(cc2c(=O)o1)c(=O)oc3=Nc1cc(ccc1)Oc1cc(ccc1)Oc1cc(ccc1)N=*,Glass transition temperature,-140.6246738,C,sim
*=c1sc(cs1)c1ccc(cc1)C=*,Glass transition temperature,-167.8127184,C,sim
*C#C/C=C/*,Melting temperature,26.85,C,
*C#CC#Cc1cc(c(s1)*)C,Thermal decomposition temperature,550.0,C,exp
*C#CC#Cc1cc(c(s1)*)C,Thermal decomposition weight loss,6.0,%,exp
*C#CC#Cc1ccc(cc1)*,Thermal decomposition temperature,645.0,C,exp
*C#CC#Cc1ccc(cc1)*,Thermal decomposition weight loss,10.0,%,exp
*C#CC#Cc1ccc(s1)*,Thermal decomposition temperature,457.5,C,exp
*C#CC#Cc1ccc(s1)*,Thermal decomposition weight loss,16.5,%,exp
*C#CC#Cc1ccc(s1)*,Melting temperature,160.0,C,exp
*C#CC#Cc1ccc(s1)c1ccc(s1)*,Thermal decomposition temperature,550.0,C,exp
*C#CC#Cc1ccc(s1)c1ccc(s1)*,Thermal decomposition weight loss,9.5,%,exp
*C#CC#Cc1sc(c(c1)c1ccccc1)*,Thermal decomposition temperature,550.0,C,exp
*C#CC#Cc1sc(c(c1)c1ccccc1)*,Thermal decomposition weight loss,6.0,%,exp
*C#CC#Cc1sc2c(c1)sc(c2)*,Thermal decomposition temperature,550.0,C,exp
*C#CC#Cc1sc2c(c1)sc(c2)*,Thermal decomposition weight loss,12.0,%,exp
*C#CC(=C(*)CCCCOC(=O)NC)CCCCOC(=O)NC,Melting temperature,-71.3,C,
*C#CC(=C(*)CCCCOC(=O)NCCC)CCCCOC(=O)NCCC,Glass transition temperature,-232.4487612,C,sim
*C#CC(=C(*)CCCCOC(=O)NCCC)CCCCOC(=O)NCCC,Melting temperature,-42.3,C,
*C#CC(=C(*)CCCCOC(=O)NCCCC)CCCCOC(=O)NCCCC,Melting temperature,-43.3,C,
*C#CC(=C(*)CCCCOC(=O)NCCCCC)CCCCOC(=O)NCCCCC,Melting temperature,-76.3,C,
*C#CC(=C(*)CCCCOC(=O)NCCCCCC)CCCCOC(=O)NCCCCCC,Glass transition temperature,-267.9300867,C,sim
*C#CC(=C(*)CCCCOC(=O)NCCCCCC)CCCCOC(=O)NCCCCCC,Melting temperature,-65.3,C,
*C#CC(=C(*)CCCCOC(=O)NCCCCCCC)CCCCOC(=O)NCCCCCCC,Melting temperature,-83.3,C,
*C#CC(=C(*)CCCCOC(=O)NCCCCCCCC)CCCCOC(=O)NCCCCCCCC,Melting temperature,-86.3,C,
*C#CC(=C(*)CCCCOC(=O)NCCCCCCCCC)CCCCOC(=O)NCCCCCCCCC,Melting temperature,-83.3,C,
*C#CC(=C(*)CCCCOC(=O)NCCCCCCCCCC)CCCCOC(=O)NCCCCCCCCCC,Melting temperature,-93.3,C,
*C#CC(=C(*)COS(=O)(=O)c1ccc(cc1)C)COS(=O)(=O)c1ccc(cc1)C,Glass transition temperature,-346.15,C,
*C#CC(=C(*)Cn1c2ccc(cc2c2cc(ccc12)CCCCCCCCCCCCCCCC)CCCCCCCCCCCCCCCC)Cn1c2ccc(cc2c2cc(ccc12)CCCCCCCCCCCCCCCC)CCCCCCCCCCCCCCCC,Glass transition temperature,-275.3878185,C,sim
*C#CC(=C(*)OS(=O)(=O)c1ccc(cc1)C)OS(=O)(=O)c1ccc(cc1)C,Glass transition temperature,-109.0481081,C,sim
*C#CC(=C(*)c1cncnc1)CCCCOC(=O)NCC(=O)OCCCC,Glass transition temperature,-199.1577293,C,sim
*C#CC(=C(CCCCOC(=O)NC)*)CCCCOC(=O)NC,Melting temperature,202.0,C,exp
*C#CC(=C(COS(=O)(=O)c1ccc(cc1)C)*)COS(=O)(=O)c1ccc(cc1)C,Glass transition temperature,-73.0,C,exp
*C#CC(=C(COS(=O)(=O)c1ccc(cc1)C)*)COS(=O)(=O)c1ccc(cc1)C,Thermal decomposition temperature,210.0,C,exp
*C#CC(=C(Cn1cnc2c1cccc2)*)Cn1cnc2c1cccc2,Thermal decomposition temperature,180.0,C,exp
*C#Cc1cc(ccc1)Oc1nc(nc(n1)Oc1ccc(cc1)*)Oc1ccc(cc1)*,Melting temperature,-33.15,C,
*C#Cc1ccc(cc1)C#C[SiH](c1ccccc1)*,Thermal decomposition temperature,577.0,C,exp
*C#Cc1ccc(cc1)C#C[SiH](c1ccccc1)*,Thermal decomposition weight loss,5.0,%,exp
*C#Cc1ccc(s1)*,Thermal decomposition temperature,437.0,C,exp
*C#Cc1ccc(s1)*,Thermal decomposition weight loss,20.0,%,exp
*C#Cc1ccc(s1)*,Melting temperature,150.0,C,exp
*C#Cc1cccc(c1)C#C[SiH](C)*,Glass transition temperature,72.0,C,exp
*C#Cc1cccc(c1)C#C[SiH](C)*,Thermal decomposition temperature,850.0,C,exp
*C#Cc1cccc(c1)C#C[SiH](C)*,Thermal decomposition weight loss,5.0,%,exp
*C#Cc1cccc(c1)C#C[SiH](c1ccccc1)*,Glass transition temperature,52.0,C,exp
*C#Cc1cccc(c1)C#C[SiH](c1ccccc1)*,Thermal decomposition temperature,877.0,C,exp
*C#Cc1cccc(c1)C#C[SiH](c1ccccc1)*,Thermal decomposition weight loss,5.0,%,exp
*C#Cc1cccc(c1)C#C[Si](C)(C)*,Glass transition temperature,50.0,C,exp
*C#Cc1cccc(c1)C#C[Si](C)(C)*,Thermal decomposition temperature,636.0,C,exp
*C#Cc1cccc(c1)C#C[Si](C)(C)*,Thermal decomposition weight loss,5.0,%,exp
*C#Cc1cccc(c1)C#C[Si](C)(C)*,Melting temperature,118.0,C,exp
*C#Cc1cccc(c1)C#C[Si](c1ccccc1)(c1ccccc1)*,Thermal decomposition temperature,547.0,C,exp
*C#Cc1cccc(c1)C#C[Si](c1ccccc1)(c1ccccc1)*,Thermal decomposition weight loss,5.0,%,exp
*C#Cc1cccc(c1)Oc1nc(Oc2ccc(cc2)*)nc(n1)Oc1ccc(cc1)*,Glass transition temperature,130.0,C,exp
*C#Cc1cccc(c1)Oc1nc(Oc2ccc(cc2)*)nc(n1)Oc1ccc(cc1)*,Thermal decomposition temperature,357.5,C,exp
*C#Cc1cccc(c1)Oc1nc(Oc2ccc(cc2)*)nc(n1)Oc1ccc(cc1)*,Thermal decomposition weight loss,6.5,%,exp
*C#Cc1cccc(c1)Oc1nc(Oc2ccc(cc2)*)nc(n1)Oc1ccc(cc1)*,Melting temperature,240.0,C,exp
*C#Cc1ccccc1C#C[SiH](c1ccccc1)*,Glass transition temperature,71.0,C,exp
*C#Cc1ccccc1C#C[SiH](c1ccccc1)*,Thermal decomposition temperature,567.0,C,exp
*C#Cc1ccccc1C#C[SiH](c1ccccc1)*,Thermal decomposition weight loss,5.0,%,exp
*C(*)(Cl)F,Glass transition temperature,-196.15,C,
*C(*)(F)F,Glass transition temperature,-215.94,C,
*C(*)(F)F,Melting temperature,53.7874846,C,
*C(*)C,Glass transition temperature,-150.7632327,C,sim
*C(*)C,Melting temperature,-128.15,C,
*C(*)C(=O)OC,Glass transition temperature,-192.9,C,
*C(*)C(=O)OC(C)(C)C,Glass transition temperature,-260.4116226,C,sim
*C(*)C(=O)OC(C)C,Glass transition temperature,-203.15,C,
*C(*)C(=O)OC(CC)(C)C,Glass transition temperature,-136.5821664,C,sim
*C(*)C(=O)OC1CCCCC1,Glass transition temperature,-133.15,C,
*C(*)C(=O)OCC,Glass transition temperature,-260.8,C,
*C(*)C(=O)OCCC,Glass transition temperature,-288.15,C,
*C(*)CC,Melting temperature,-185.15,C,
*C(*)F,Glass transition temperature,-189.82,C,
*C(*)O,Glass transition temperature,-136.15,C,
*C(/C=C/C)C*,Melting temperature,5.0,C,exp
*C(=C(*)C)CCC,Glass transition temperature,-73.15,C,
*C(=C(*)C)CCCCC,Glass transition temperature,-93.15,C,
*C(=C(*)C)CCCCCCC,Glass transition temperature,-113.15,C,
*C(=C(*)C)SCC,Glass transition temperature,-113.15,C,
*C(=C(*)C)SCCCCCC,Glass transition temperature,-163.15,C,
*C(=C(*)C)SCCCCCCCCCC,Glass transition temperature,-213.15,C,
*C(=C(*)C)[Ge](C)(C)C,Glass transition temperature,-23.15,C,
*C(=C(*)C)[Si](C)(C)C,Glass transition temperature,-74.85,C,
*C(=C(*)C)[Si](CC)(C)C,Glass transition temperature,-116.0490137,C,sim
*C(=C(*)C)[Si](CCCC)(C)C,Glass transition temperature,-120.6257764,C,sim
*C(=C(*)C)[Si](CCCCCC)(C)C,Glass transition temperature,-73.15,C,
*C(=C(*)C)[Si](CC[Si](C)(C)C)(C)C,Glass transition temperature,-73.15,C,
*C(=C(*)C)[Si](C[Si](C)(C)C)(C)C,Glass transition temperature,-73.15,C,
*C(=C(*)C)c1ccccc1,Glass transition temperature,-73.15,C,
*C(=C(*)Cl)CCCC,Glass transition temperature,-83.15,C,
*C(=C(*)Cl)CCCCCC,Glass transition temperature,-123.15,C,
*C(=C(*)Cl)CCCCCCCC,Glass transition temperature,-183.15,C,
*C(=C(*)Cl)c1ccccc1,Glass transition temperature,-58.15,C,
*C(=C(*)c1ccc(C(C)(C)C)cc1)c1ccc(O)cc1,Co2 Permeability Barrer,530.0000005,Barrer,exp
*C(=C(*)c1ccc(C(C)(C)C)cc1)c1ccc(O)cc1,H2 Permeability Barrer,340.0,Barrer,exp
*C(=C(*)c1ccc(C(C)(C)C)cc1)c1ccc(O)cc1,O2 Permeability Barrer,81.99999993,Barrer,exp
*C(=C(*)c1ccc(C(C)(C)C)cc1)c1ccc(O)cc1,Co2 Permeability Barrer,530.0000005,Barrer,sim
*C(=C(*)c1ccc(C(C)(C)C)cc1)c1ccc(O)cc1,H2 Permeability Barrer,340.0,Barrer,sim
*C(=C(*)c1ccc(C(C)(C)C)cc1)c1ccc(O)cc1,O2 Permeability Barrer,81.99999993,Barrer,sim
*C(=C(*)c1ccc(C(C)(C)C)cc1)c1ccc(O[Si](C)(C)C(C)(C)C)cc1,Co2 Permeability Barrer,2300.0,Barrer,exp
*C(=C(*)c1ccc(C(C)(C)C)cc1)c1ccc(O[Si](C)(C)C(C)(C)C)cc1,H2 Permeability Barrer,1000.0,Barrer,exp
*C(=C(*)c1ccc(C(C)(C)C)cc1)c1ccc(O[Si](C)(C)C(C)(C)C)cc1,O2 Permeability Barrer,470.0000001,Barrer,exp
*C(=C(*)c1ccc(C(C)(C)C)cc1)c1ccc(O[Si](C)(C)C(C)(C)C)cc1,Co2 Permeability Barrer,2300.0,Barrer,sim
*C(=C(*)c1ccc(C(C)(C)C)cc1)c1ccc(O[Si](C)(C)C(C)(C)C)cc1,H2 Permeability Barrer,1000.0,Barrer,sim
*C(=C(*)c1ccc(C(C)(C)C)cc1)c1ccc(O[Si](C)(C)C(C)(C)C)cc1,O2 Permeability Barrer,470.0000001,Barrer,sim
*C(=C(*)c1ccc(C(C)(C)C)cc1)c1ccccc1,Co2 Permeability Barrer,3000.000002,Barrer,exp
*C(=C(*)c1ccc(C(C)(C)C)cc1)c1ccccc1,O2 Permeability Barrer,819.9999993,Barrer,exp
*C(=C(*)c1ccc(C(C)(C)C)cc1)c1ccccc1,Co2 Permeability Barrer,3000.000002,Barrer,sim
*C(=C(*)c1ccc(C(C)(C)C)cc1)c1ccccc1,O2 Permeability Barrer,819.9999993,Barrer,sim
*C(=C(*)c1ccc(C(C)C)cc1)c1ccccc1,Co2 Permeability Barrer,1100.0,Barrer,exp
*C(=C(*)c1ccc(C(C)C)cc1)c1ccccc1,O2 Permeability Barrer,300.0000002,Barrer,exp
*C(=C(*)c1ccc(C(C)C)cc1)c1ccccc1,Co2 Permeability Barrer,1100.0,Barrer,sim
*C(=C(*)c1ccc(C(C)C)cc1)c1ccccc1,O2 Permeability Barrer,300.0000002,Barrer,sim
*C(=C(*)c1ccc(CCCC)cc1)c1ccccc1,Co2 Permeability Barrer,160.0000001,Barrer,exp
*C(=C(*)c1ccc(CCCC)cc1)c1ccccc1,O2 Permeability Barrer,36.99999999,Barrer,exp
*C(=C(*)c1ccc(CCCC)cc1)c1ccccc1,Co2 Permeability Barrer,160.0000001,Barrer,sim
*C(=C(*)c1ccc(CCCC)cc1)c1ccccc1,O2 Permeability Barrer,36.99999999,Barrer,sim
*C(=C(*)c1ccc([Si](C)(C)C)cc1)c1ccc(O[Si](C)(C)C(C)(C)C)cc1,Co2 Permeability Barrer,3800.000003,Barrer,exp
*C(=C(*)c1ccc([Si](C)(C)C)cc1)c1ccc(O[Si](C)(C)C(C)(C)C)cc1,H2 Permeability Barrer,1500.0,Barrer,exp
*C(=C(*)c1ccc([Si](C)(C)C)cc1)c1ccc(O[Si](C)(C)C(C)(C)C)cc1,O2 Permeability Barrer,829.9999993,Barrer,exp
*C(=C(*)c1ccc([Si](C)(C)C)cc1)c1ccc(O[Si](C)(C)C(C)(C)C)cc1,Co2 Permeability Barrer,3800.000003,Barrer,sim
*C(=C(*)c1ccc([Si](C)(C)C)cc1)c1ccc(O[Si](C)(C)C(C)(C)C)cc1,H2 Permeability Barrer,1500.0,Barrer,sim
*C(=C(*)c1ccc([Si](C)(C)C)cc1)c1ccc(O[Si](C)(C)C(C)(C)C)cc1,O2 Permeability Barrer,829.9999993,Barrer,sim
*C(=C(*)c1ccc([Si](C)(C)CCCCCCCC)cc1)c1ccc(C(C)(C)C)cc1,Co2 Permeability Barrer,100.0,Barrer,exp
*C(=C(*)c1ccc([Si](C)(C)CCCCCCCC)cc1)c1ccc(C(C)(C)C)cc1,O2 Permeability Barrer,26.0,Barrer,exp
*C(=C(*)c1ccc([Si](C)(C)CCCCCCCC)cc1)c1ccc(C(C)(C)C)cc1,Co2 Permeability Barrer,100.0,Barrer,sim
*C(=C(*)c1ccc([Si](C)(C)CCCCCCCC)cc1)c1ccc(C(C)(C)C)cc1,O2 Permeability Barrer,26.0,Barrer,sim
*C(=C(*)c1ccc([Si](C)(C)CCCCCCCC)cc1)c1ccc(C(C)C)cc1,Co2 Permeability Barrer,120.0,Barrer,exp
*C(=C(*)c1ccc([Si](C)(C)CCCCCCCC)cc1)c1ccc(C(C)C)cc1,O2 Permeability Barrer,29.00000001,Barrer,exp
*C(=C(*)c1ccc([Si](C)(C)CCCCCCCC)cc1)c1ccc(C(C)C)cc1,Co2 Permeability Barrer,120.0,Barrer,sim
*C(=C(*)c1ccc([Si](C)(C)CCCCCCCC)cc1)c1ccc(C(C)C)cc1,O2 Permeability Barrer,29.00000001,Barrer,sim
*C(=C(*)c1ccc([Si](C)(C)CCCCCCCC)cc1)c1ccc(CCCC)cc1,Co2 Permeability Barrer,110.0,Barrer,exp
*C(=C(*)c1ccc([Si](C)(C)CCCCCCCC)cc1)c1ccc(CCCC)cc1,O2 Permeability Barrer,25.00000002,Barrer,exp
*C(=C(*)c1ccc([Si](C)(C)CCCCCCCC)cc1)c1ccc(CCCC)cc1,Co2 Permeability Barrer,110.0,Barrer,sim
*C(=C(*)c1ccc([Si](C)(C)CCCCCCCC)cc1)c1ccc(CCCC)cc1,O2 Permeability Barrer,25.00000002,Barrer,sim
*C(=C(*)c1ccc([Si](C)(C)CCCCCCCC)cc1)c1ccccc1,Co2 Permeability Barrer,169.9999999,Barrer,exp
*C(=C(*)c1ccc([Si](C)(C)CCCCCCCC)cc1)c1ccccc1,O2 Permeability Barrer,34.0,Barrer,exp
*C(=C(*)c1ccc([Si](C)(C)CCCCCCCC)cc1)c1ccccc1,Co2 Permeability Barrer,169.9999999,Barrer,sim
*C(=C(*)c1ccc([Si](C)(C)CCCCCCCC)cc1)c1ccccc1,O2 Permeability Barrer,34.0,Barrer,sim
*C(=C(*)c1ccc2c(c1)C(C)(C)c1cc(Br)ccc1-2)c1ccccc1,Co2 Permeability Barrer,8000.0,Barrer,exp
*C(=C(*)c1ccc2c(c1)C(C)(C)c1cc(Br)ccc1-2)c1ccccc1,H2 Permeability Barrer,3699.999999,Barrer,exp
*C(=C(*)c1ccc2c(c1)C(C)(C)c1cc(Br)ccc1-2)c1ccccc1,O2 Permeability Barrer,2000.000002,Barrer,exp
*C(=C(*)c1ccc2c(c1)C(C)(C)c1cc(Br)ccc1-2)c1ccccc1,Co2 Permeability Barrer,8000.0,Barrer,sim
*C(=C(*)c1ccc2c(c1)C(C)(C)c1cc(Br)ccc1-2)c1ccccc1,H2 Permeability Barrer,3699.999999,Barrer,sim
*C(=C(*)c1ccc2c(c1)C(C)(C)c1cc(Br)ccc1-2)c1ccccc1,O2 Permeability Barrer,2000.000002,Barrer,sim
*C(=C(*)c1ccc2c(c1)C(C)(C)c1cc([Si](C)(C)C)ccc1-2)c1ccccc1,Co2 Permeability Barrer,18000.0,Barrer,exp
*C(=C(*)c1ccc2c(c1)C(C)(C)c1cc([Si](C)(C)C)ccc1-2)c1ccccc1,H2 Permeability Barrer,8500.000006,Barrer,exp
*C(=C(*)c1ccc2c(c1)C(C)(C)c1cc([Si](C)(C)C)ccc1-2)c1ccccc1,O2 Permeability Barrer,5400.000002,Barrer,exp
*C(=C(*)c1ccc2c(c1)C(C)(C)c1cc([Si](C)(C)C)ccc1-2)c1ccccc1,Co2 Permeability Barrer,18000.0,Barrer,sim
*C(=C(*)c1ccc2c(c1)C(C)(C)c1cc([Si](C)(C)C)ccc1-2)c1ccccc1,H2 Permeability Barrer,8500.000006,Barrer,sim
*C(=C(*)c1ccc2c(c1)C(C)(C)c1cc([Si](C)(C)C)ccc1-2)c1ccccc1,O2 Permeability Barrer,5400.000002,Barrer,sim
*C(=C(*)c1ccc2c(c1)C(C)(C)c1ccccc1-2)c1cc(F)cc(F)c1,Co2 Permeability Barrer,9199.999993,Barrer,exp
*C(=C(*)c1ccc2c(c1)C(C)(C)c1ccccc1-2)c1cc(F)cc(F)c1,H2 Permeability Barrer,4999.999996,Barrer,exp
*C(=C(*)c1ccc2c(c1)C(C)(C)c1ccccc1-2)c1cc(F)cc(F)c1,O2 Permeability Barrer,2699.999999,Barrer,exp
*C(=C(*)c1ccc2c(c1)C(C)(C)c1ccccc1-2)c1cc(F)cc(F)c1,Co2 Permeability Barrer,9199.999993,Barrer,sim
*C(=C(*)c1ccc2c(c1)C(C)(C)c1ccccc1-2)c1cc(F)cc(F)c1,H2 Permeability Barrer,4999.999996,Barrer,sim
*C(=C(*)c1ccc2c(c1)C(C)(C)c1ccccc1-2)c1cc(F)cc(F)c1,O2 Permeability Barrer,2699.999999,Barrer,sim
*C(=C(*)c1ccc2c(c1)C(C)(C)c1ccccc1-2)c1ccc(Br)cc1,Co2 Permeability Barrer,16999.99999,Barrer,exp
*C(=C(*)c1ccc2c(c1)C(C)(C)c1ccccc1-2)c1ccc(Br)cc1,H2 Permeability Barrer,8700.000008,Barrer,exp
*C(=C(*)c1ccc2c(c1)C(C)(C)c1ccccc1-2)c1ccc(Br)cc1,O2 Permeability Barrer,4999.999996,Barrer,exp
*C(=C(*)c1ccc2c(c1)C(C)(C)c1ccccc1-2)c1ccc(Br)cc1,Co2 Permeability Barrer,16999.99999,Barrer,sim
*C(=C(*)c1ccc2c(c1)C(C)(C)c1ccccc1-2)c1ccc(Br)cc1,H2 Permeability Barrer,8700.000008,Barrer,sim
*C(=C(*)c1ccc2c(c1)C(C)(C)c1ccccc1-2)c1ccc(Br)cc1,O2 Permeability Barrer,4999.999996,Barrer,sim
*C(=C(*)c1ccc2c(c1)C(C)(C)c1ccccc1-2)c1ccc(C(C)(C)C)cc1,Co2 Permeability Barrer,11000.0,Barrer,exp
*C(=C(*)c1ccc2c(c1)C(C)(C)c1ccccc1-2)c1ccc(C(C)(C)C)cc1,H2 Permeability Barrer,6299.999993,Barrer,exp
*C(=C(*)c1ccc2c(c1)C(C)(C)c1ccccc1-2)c1ccc(C(C)(C)C)cc1,O2 Permeability Barrer,3499.999997,Barrer,exp
*C(=C(*)c1ccc2c(c1)C(C)(C)c1ccccc1-2)c1ccc(C(C)(C)C)cc1,Co2 Permeability Barrer,11000.0,Barrer,sim
*C(=C(*)c1ccc2c(c1)C(C)(C)c1ccccc1-2)c1ccc(C(C)(C)C)cc1,H2 Permeability Barrer,6299.999993,Barrer,sim
*C(=C(*)c1ccc2c(c1)C(C)(C)c1ccccc1-2)c1ccc(C(C)(C)C)cc1,O2 Permeability Barrer,3499.999997,Barrer,sim
*C(=C(*)c1ccc2c(c1)C(C)(C)c1ccccc1-2)c1ccc(F)c(F)c1,Co2 Permeability Barrer,26000.0,Barrer,exp
*C(=C(*)c1ccc2c(c1)C(C)(C)c1ccccc1-2)c1ccc(F)c(F)c1,H2 Permeability Barrer,11000.0,Barrer,exp
*C(=C(*)c1ccc2c(c1)C(C)(C)c1ccccc1-2)c1ccc(F)c(F)c1,O2 Permeability Barrer,6600.000007,Barrer,exp
*C(=C(*)c1ccc2c(c1)C(C)(C)c1ccccc1-2)c1ccc(F)c(F)c1,Co2 Permeability Barrer,26000.0,Barrer,sim
*C(=C(*)c1ccc2c(c1)C(C)(C)c1ccccc1-2)c1ccc(F)c(F)c1,H2 Permeability Barrer,11000.0,Barrer,sim
*C(=C(*)c1ccc2c(c1)C(C)(C)c1ccccc1-2)c1ccc(F)c(F)c1,O2 Permeability Barrer,6600.000007,Barrer,sim
*C(=C(*)c1ccc2c(c1)C(C)(C)c1ccccc1-2)c1ccc(F)cc1,Co2 Permeability Barrer,21000.00001,Barrer,exp
*C(=C(*)c1ccc2c(c1)C(C)(C)c1ccccc1-2)c1ccc(F)cc1,H2 Permeability Barrer,11000.0,Barrer,exp
*C(=C(*)c1ccc2c(c1)C(C)(C)c1ccccc1-2)c1ccc(F)cc1,O2 Permeability Barrer,6199.999993,Barrer,exp
*C(=C(*)c1ccc2c(c1)C(C)(C)c1ccccc1-2)c1ccc(F)cc1,Co2 Permeability Barrer,21000.00001,Barrer,sim
*C(=C(*)c1ccc2c(c1)C(C)(C)c1ccccc1-2)c1ccc(F)cc1,H2 Permeability Barrer,11000.0,Barrer,sim
*C(=C(*)c1ccc2c(c1)C(C)(C)c1ccccc1-2)c1ccc(F)cc1,O2 Permeability Barrer,6199.999993,Barrer,sim
*C(=C(*)c1ccc2c(c1)C(C)(C)c1ccccc1-2)c1ccc([Si](C)(C)C)cc1,Co2 Permeability Barrer,1900.0,Barrer,exp
*C(=C(*)c1ccc2c(c1)C(C)(C)c1ccccc1-2)c1ccc([Si](C)(C)C)cc1,H2 Permeability Barrer,1100.0,Barrer,exp
*C(=C(*)c1ccc2c(c1)C(C)(C)c1ccccc1-2)c1ccc([Si](C)(C)C)cc1,O2 Permeability Barrer,470.0000001,Barrer,exp
*C(=C(*)c1ccc2c(c1)C(C)(C)c1ccccc1-2)c1ccc([Si](C)(C)C)cc1,Co2 Permeability Barrer,1900.0,Barrer,sim
*C(=C(*)c1ccc2c(c1)C(C)(C)c1ccccc1-2)c1ccc([Si](C)(C)C)cc1,H2 Permeability Barrer,1100.0,Barrer,sim
*C(=C(*)c1ccc2c(c1)C(C)(C)c1ccccc1-2)c1ccc([Si](C)(C)C)cc1,O2 Permeability Barrer,470.0000001,Barrer,sim
*C(=C(*)c1ccc2c(c1)C(C)(C)c1ccccc1-2)c1cccc(F)c1,Co2 Permeability Barrer,18000.0,Barrer,exp
*C(=C(*)c1ccc2c(c1)C(C)(C)c1ccccc1-2)c1cccc(F)c1,H2 Permeability Barrer,9900.000009,Barrer,exp
*C(=C(*)c1ccc2c(c1)C(C)(C)c1ccccc1-2)c1cccc(F)c1,O2 Permeability Barrer,5900.000005,Barrer,exp
*C(=C(*)c1ccc2c(c1)C(C)(C)c1ccccc1-2)c1cccc(F)c1,Co2 Permeability Barrer,18000.0,Barrer,sim
*C(=C(*)c1ccc2c(c1)C(C)(C)c1ccccc1-2)c1cccc(F)c1,H2 Permeability Barrer,9900.000009,Barrer,sim
*C(=C(*)c1ccc2c(c1)C(C)(C)c1ccccc1-2)c1cccc(F)c1,O2 Permeability Barrer,5900.000005,Barrer,sim
*C(=C(*)c1ccc2c(c1)C(C)(C)c1ccccc1-2)c1ccccc1,Co2 Permeability Barrer,16999.99999,Barrer,exp
*C(=C(*)c1ccc2c(c1)C(C)(C)c1ccccc1-2)c1ccccc1,H2 Permeability Barrer,8100.000002,Barrer,exp
*C(=C(*)c1ccc2c(c1)C(C)(C)c1ccccc1-2)c1ccccc1,O2 Permeability Barrer,4799.999996,Barrer,exp
*C(=C(*)c1ccc2c(c1)C(C)(C)c1ccccc1-2)c1ccccc1,Co2 Permeability Barrer,16999.99999,Barrer,sim
*C(=C(*)c1ccc2c(c1)C(C)(C)c1ccccc1-2)c1ccccc1,H2 Permeability Barrer,8100.000002,Barrer,sim
*C(=C(*)c1ccc2c(c1)C(C)(C)c1ccccc1-2)c1ccccc1,O2 Permeability Barrer,4799.999996,Barrer,sim
*C(=C(*)c1ccc2c(c1)C1(CC1)c1ccccc1-2)c1ccc([Si](C)(C)C)cc1,Co2 Permeability Barrer,4100.000003,Barrer,exp
*C(=C(*)c1ccc2c(c1)C1(CC1)c1ccccc1-2)c1ccc([Si](C)(C)C)cc1,H2 Permeability Barrer,1900.0,Barrer,exp
*C(=C(*)c1ccc2c(c1)C1(CC1)c1ccccc1-2)c1ccc([Si](C)(C)C)cc1,O2 Permeability Barrer,1000.0,Barrer,exp
*C(=C(*)c1ccc2c(c1)C1(CC1)c1ccccc1-2)c1ccc([Si](C)(C)C)cc1,Co2 Permeability Barrer,4100.000003,Barrer,sim
*C(=C(*)c1ccc2c(c1)C1(CC1)c1ccccc1-2)c1ccc([Si](C)(C)C)cc1,H2 Permeability Barrer,1900.0,Barrer,sim
*C(=C(*)c1ccc2c(c1)C1(CC1)c1ccccc1-2)c1ccc([Si](C)(C)C)cc1,O2 Permeability Barrer,1000.0,Barrer,sim
*C(=C(*)c1ccc2c(c1)C1(CC1)c1ccccc1-2)c1ccccc1,Co2 Permeability Barrer,3199.999998,Barrer,exp
*C(=C(*)c1ccc2c(c1)C1(CC1)c1ccccc1-2)c1ccccc1,H2 Permeability Barrer,1400.000001,Barrer,exp
*C(=C(*)c1ccc2c(c1)C1(CC1)c1ccccc1-2)c1ccccc1,O2 Permeability Barrer,660.0000007,Barrer,exp
*C(=C(*)c1ccc2c(c1)C1(CC1)c1ccccc1-2)c1ccccc1,Co2 Permeability Barrer,3199.999998,Barrer,sim
*C(=C(*)c1ccc2c(c1)C1(CC1)c1ccccc1-2)c1ccccc1,H2 Permeability Barrer,1400.000001,Barrer,sim
*C(=C(*)c1ccc2c(c1)C1(CC1)c1ccccc1-2)c1ccccc1,O2 Permeability Barrer,660.0000007,Barrer,sim
*C(=C(*)c1cccc(O)c1)c1ccc(C(C)(C)C)cc1,Co2 Permeability Barrer,3000.000002,Barrer,exp
*C(=C(*)c1cccc(O)c1)c1ccc(C(C)(C)C)cc1,H2 Permeability Barrer,1699.999999,Barrer,exp
*C(=C(*)c1cccc(O)c1)c1ccc(C(C)(C)C)cc1,O2 Permeability Barrer,580.0000006,Barrer,exp
*C(=C(*)c1cccc(O)c1)c1ccc(C(C)(C)C)cc1,Co2 Permeability Barrer,3000.000002,Barrer,sim
*C(=C(*)c1cccc(O)c1)c1ccc(C(C)(C)C)cc1,H2 Permeability Barrer,1699.999999,Barrer,sim
*C(=C(*)c1cccc(O)c1)c1ccc(C(C)(C)C)cc1,O2 Permeability Barrer,580.0000006,Barrer,sim
*C(=C(*)c1cccc(O[Si](C)(C)C(C)(C)C)c1)c1ccc(C(C)(C)C)cc1,Co2 Permeability Barrer,7199.999993,Barrer,exp
*C(=C(*)c1cccc(O[Si](C)(C)C(C)(C)C)c1)c1ccc(C(C)(C)C)cc1,H2 Permeability Barrer,3900.0,Barrer,exp
*C(=C(*)c1cccc(O[Si](C)(C)C(C)(C)C)c1)c1ccc(C(C)(C)C)cc1,O2 Permeability Barrer,2100.000001,Barrer,exp
*C(=C(*)c1cccc(O[Si](C)(C)C(C)(C)C)c1)c1ccc(C(C)(C)C)cc1,Co2 Permeability Barrer,7199.999993,Barrer,sim
*C(=C(*)c1cccc(O[Si](C)(C)C(C)(C)C)c1)c1ccc(C(C)(C)C)cc1,H2 Permeability Barrer,3900.0,Barrer,sim
*C(=C(*)c1cccc(O[Si](C)(C)C(C)(C)C)c1)c1ccc(C(C)(C)C)cc1,O2 Permeability Barrer,2100.000001,Barrer,sim
*C(=C(*)c1cccc(O[Si](C)(C)C(C)(C)C)c1)c1ccc([Si](C)(C)C)cc1,Co2 Permeability Barrer,2900.000001,Barrer,exp
*C(=C(*)c1cccc(O[Si](C)(C)C(C)(C)C)c1)c1ccc([Si](C)(C)C)cc1,H2 Permeability Barrer,1600.000001,Barrer,exp
*C(=C(*)c1cccc(O[Si](C)(C)C(C)(C)C)c1)c1ccc([Si](C)(C)C)cc1,O2 Permeability Barrer,810.0000002,Barrer,exp
*C(=C(*)c1cccc(O[Si](C)(C)C(C)(C)C)c1)c1ccc([Si](C)(C)C)cc1,Co2 Permeability Barrer,2900.000001,Barrer,sim
*C(=C(*)c1cccc(O[Si](C)(C)C(C)(C)C)c1)c1ccc([Si](C)(C)C)cc1,H2 Permeability Barrer,1600.000001,Barrer,sim
*C(=C(*)c1cccc(O[Si](C)(C)C(C)(C)C)c1)c1ccc([Si](C)(C)C)cc1,O2 Permeability Barrer,810.0000002,Barrer,sim
*C(=C(*)c1ccccc1)CC,Glass transition temperature,-73.15,C,
*C(=C(*)c1ccccc1)CCCCCC,Glass transition temperature,-73.15,C,
*C(=C(*)c1ccccc1)c1cc(ccc1)[Ge](C)(C)C,Glass transition temperature,-73.15,C,
*C(=C(*)c1ccccc1)c1cc(ccc1)[Si](C)(C)C,Glass transition temperature,-73.15,C,
*C(=C(*)c1ccccc1)c1ccc(cc1)C(C)(C)C,Glass transition temperature,-73.15,C,
*C(=C(*)c1ccccc1)c1ccc(cc1)CCCC,Glass transition temperature,-73.15,C,
*C(=C(*)c1ccccc1)c1ccc(cc1)Oc1ccccc1,Glass transition temperature,-73.15,C,
*C(=C(*)c1ccccc1)c1ccc(cc1)[Si](C(C)C)(C(C)C)C(C)C,Glass transition temperature,-23.15,C,
*C(=C(*)c1ccccc1)c1ccc(cc1)[Si](C)(C)C,Glass transition temperature,-73.15,C,
*C(=C(*)c1ccccc1)c1ccccc1,Co2 Permeability Barrer,4199.999996,Barrer,exp
*C(=C(*)c1ccccc1)c1ccccc1,O2 Permeability Barrer,1200.0,Barrer,exp
*C(=C(*)c1ccccc1)c1ccccc1,Co2 Permeability Barrer,4199.999996,Barrer,sim
*C(=C(*)c1ccccc1)c1ccccc1,O2 Permeability Barrer,1200.0,Barrer,sim
*C(=C(Br)*)Br,Thermal decomposition temperature,160.0,C,exp
*C(=C(Br)*)Br,Thermal decomposition weight loss,7.5,%,exp
*C(=C(C(C(*)(F)F)(C(F)(F)F)F)F)F,Glass transition temperature,-276.15,C,
*C(=C(C(C(*)([2H])[2H])([2H])[2H])[2H])C([2H])([2H])[2H],Glass transition temperature,-331.15,C,
*C(=C(C(C(F)(F)F)(C(F)(F)*)F)F)F,Glass transition temperature,-3.0,C,exp
*C(=C(C(C([2H])([2H])*)([2H])[2H])[2H])C([2H])([2H])[2H],Glass transition temperature,-58.0,C,exp
*C(=C(C(C*)(F)F)F)Cl,Glass transition temperature,-290.15,C,
*C(=C(C)*)c1ccccc1,Elongation at break,4.3,%,exp
*C(=C(C)*)c1ccccc1,Tensile stress strength at break,0.093,GPa,exp
*C(=C(C)*)c1ccccc1,Glass transition temperature,200.0,C,exp
*C(=C(CC*)C)C,Glass transition temperature,-226.6535809,C,sim
*C(=C(CC*)c1ccccc1)c1ccccc1,Glass transition temperature,-152.65,C,
*C(=C(Cl)*)CCCC,Elongation at break,6.5,%,exp
*C(=C(Cl)*)CCCC,Tensile stress strength at break,0.05,GPa,exp
*C(=C(Cl)*)CCCC,Glass transition temperature,190.0,C,exp
*C(=C(Cl)*)c1ccccc1,Elongation at break,3.75,%,exp
*C(=C(Cl)*)c1ccccc1,Tensile stress strength at break,0.0805,GPa,exp
*C(=C(Cl)*)c1ccccc1,Glass transition temperature,215.0,C,exp
*C(=C(F)F)C(*)(F)F,Melting temperature,-147.65,C,
*C(=C(I)*)c1ccccc1,Thermal decomposition temperature,342.5,C,exp
*C(=C(I)*)c1ccccc1,Thermal decomposition weight loss,10.0,%,exp
*C(=C([Ge](C)(C)C)*)C,Glass transition temperature,250.0,C,exp
*C(=C([Si](C)(C)C)*)C,Elongation at break,73.0,%,exp
*C(=C([Si](C)(C)C)*)C,Tensile stress strength at break,0.04,GPa,exp
*C(=C([Si](C)(C)C)*)C,Glass transition temperature,200.0,C,exp
*C(=C([Si](C)(C)C)*)C,Thermal decomposition temperature,330.0,C,exp
*C(=C([Si](C)(C)C)*)C,Thermal decomposition weight loss,3.0,%,exp
*C(=C([Si](CC[Si](C)(C)C)(C)C)*)C,Elongation at break,33.0,%,exp
*C(=C([Si](CC[Si](C)(C)C)(C)C)*)C,Tensile stress strength at break,0.033,GPa,exp
*C(=C([Si](CC[Si](C)(C)C)(C)C)*)C,Glass transition temperature,200.0,C,exp
*C(=C([Si](C[Si](C)(C)C)(C)C)*)C,Elongation at break,26.0,%,exp
*C(=C([Si](C[Si](C)(C)C)(C)C)*)C,Tensile stress strength at break,0.027,GPa,exp
*C(=C([Si](C[Si](C)(C)C)(C)C)*)C,Glass transition temperature,200.0,C,exp
*C(=C(c1ccc(cc1)Oc1ccccc1)*)c1ccccc1,Elongation at break,0.9,%,exp
*C(=C(c1ccc(cc1)Oc1ccccc1)*)c1ccccc1,Tensile stress strength at break,0.019,GPa,exp
*C(=C(c1ccc(cc1)Oc1ccccc1)*)c1ccccc1,Glass transition temperature,200.0,C,exp
*C(=C(c1ccc(cc1)[Si](C)(C)C)*)C,Glass transition temperature,-5.0,C,exp
*C(=C(c1ccccc1)*)c1ccc(cc1)C(C)(C)C,Elongation at break,3.4,%,exp
*C(=C(c1ccccc1)*)c1ccc(cc1)C(C)(C)C,Tensile stress strength at break,0.011,GPa,exp
*C(=C(c1ccccc1)*)c1ccc(cc1)C(C)(C)C,Glass transition temperature,200.0,C,exp
*C(=C(c1ccccc1)*)c1ccc(cc1)[Si](C(C)C)(C(C)C)C(C)C,Glass transition temperature,250.0,C,exp
*C(=C(c1ccccc1)*)c1ccc(cc1)[Si](C)(C)C,Elongation at break,1.5,%,exp
*C(=C(c1ccccc1)*)c1ccc(cc1)[Si](C)(C)C,Tensile stress strength at break,0.019,GPa,exp
*C(=C(c1ccccc1)*)c1ccc(cc1)[Si](C)(C)C,Glass transition temperature,200.0,C,exp
*C(=C(c1ccccc1)*)c1cccc(c1)[Ge](C)(C)C,Elongation at break,1.1,%,exp
*C(=C(c1ccccc1)*)c1cccc(c1)[Ge](C)(C)C,Tensile stress strength at break,0.011,GPa,exp
*C(=C(c1ccccc1)*)c1cccc(c1)[Ge](C)(C)C,Glass transition temperature,200.0,C,exp
*C(=C(c1ccccc1)*)c1cccc(c1)[Si](C)(C)C,Elongation at break,2.1,%,exp
*C(=C(c1ccccc1)*)c1cccc(c1)[Si](C)(C)C,Tensile stress strength at break,0.014,GPa,exp
*C(=C(c1ccccc1)*)c1cccc(c1)[Si](C)(C)C,Glass transition temperature,200.0,C,exp
*C(=C)C*,Melting temperature,-168.4833333,C,
*C(=C*)C,Glass transition temperature,-269.1267786,C,sim
*C(=C*)C#N,Melting temperature,400.0,C,exp
*C(=C*)C#N,Melting temperature,126.85,C,
*C(=C*)C(=O)C,Glass transition temperature,115.0,C,exp
*C(=C*)C(=O)C,Thermal decomposition temperature,430.0,C,exp
*C(=C*)C(=O)C,Thermal decomposition weight loss,96.0,%,exp
*C(=C*)C(=O)C,Melting temperature,133.0,C,exp
*C(=C*)C(C)(C)C,Glass transition temperature,-73.15,C,
*C(=C*)C(CCC)[Si](c1ccccc1)(C)C,Glass transition temperature,-163.15,C,
*C(=C*)C(CCCCC)[Si](C)(C)C,Glass transition temperature,-103.15,C,
*C(=C*)C(CCCCCCC)[Si](C)(C)C,Glass transition temperature,-123.15,C,
*C(=C*)C([Si](CCCCCC)(C)C)CCC,Glass transition temperature,-233.15,C,
*C(=C*)CCCCCCCCCCOc1ccc(cc1)c1ccc(cc1)OCC(CCCCCC)F,Glass transition temperature,-245.8041952,C,sim
*C(=C*)CCCOC(=O)c1c(ccc(c1)c1ccc(cc1)OC)c1ccc(cc1)OC,Glass transition temperature,-200.75,C,
*C(=C*)CCCOc1ccc(cc1)C1CCC(CC1)CCC,Melting temperature,-203.15,C,
*C(=C*)CCCOc1ccc(cc1)C1CCC(CC1)CCCCC,Melting temperature,-173.15,C,
*C(=C*)CCCOc1ccc(cc1)C1CCC(CC1)CCCCCCCC,Melting temperature,-186.15,C,
*C(=C*)CCCOc1ccc(cc1)OC(=O)c1ccc(cc1)OC,Glass transition temperature,-253.15,C,
*C(=C*)CCCOc1ccc(cc1)OC(=O)c1ccc(cc1)OCCCC,Glass transition temperature,-237.15,C,
*C(=C*)CCCOc1ccc(cc1)OC(=O)c1ccc(cc1)OCCCCCCCC,Glass transition temperature,-234.9,C,
*C(=C*)CCCOc1ccc(cc1)c1ccc(cc1)CCCCC,Melting temperature,-141.15,C,
*C(=C*)CNS(=O)(=O)CC,Glass transition temperature,-228.401752,C,sim
*C(=C*)CO,Melting temperature,400.0,C,exp
*C(=C*)CO,Melting temperature,126.85,C,
*C(=C*)OCCCC,Melting temperature,400.0,C,exp
*C(=C*)OCCCC,Melting temperature,126.85,C,
*C(=C*)c1c(c(c(c(c1F)F)CCCC)F)F,Glass transition temperature,-163.15,C,
*C(=C*)c1c(cc(cc1C)C(C)(C)C)C,Glass transition temperature,-73.15,C,
*C(=C*)c1c(ccc(c1)C(=O)Oc1ccc(cc1)OCCCCCC)C(=O)Oc1ccc(cc1)OCCCCCC,Melting temperature,-79.15,C,
*C(=C*)c1c(cccc1)C,Glass transition temperature,-11.4876449,C,sim
*C(=C*)c1c(cccc1)C(F)(F)F,Glass transition temperature,-143.15,C,
*C(=C*)c1c(cccc1)C[Si](C)(C)C,Glass transition temperature,-103.15,C,
*C(=C*)c1c(cccc1)[Ge](C)(C)C,Glass transition temperature,-93.15,C,
*C(=C*)c1c(cccc1)[Si](C)(C)C,Glass transition temperature,-83.15,C,
*C(=C*)c1c(sc(c1)C(F)(F)F)C(F)(F)F,Glass transition temperature,-218.5709945,C,sim
*C(=C*)c1cc(c(c(c1)CO)OCc1ccc(cc1)CNC(COCCCCCCCC)C)CO,Glass transition temperature,-207.3651896,C,sim
*C(=C*)c1cc(sc1C)C,Thermal decomposition temperature,301.0,C,exp
*C(=C*)c1cc(sc1C)C,Thermal decomposition weight loss,0.0,%,exp
*C(=C*)c1ccc(cc1)C(=O)c1ccc(cc1)[N+](=O)[O-],Melting temperature,26.85,C,
*C(=C*)c1ccc(cc1)OCCCCCC(=O)Oc1c(c(c(c(c1F)F)F)F)F,Glass transition temperature,-199.3180154,C,sim
*C(=C*)c1ccc(cc1)S(=O)(=O)c1ccccc1,Melting temperature,-10.65,C,
*C(=C*)c1ccc(cc1)[N+](=O)[O-],Glass transition temperature,-285.7558375,C,sim
*C(=C*)c1ccc(cc1)n1c(=O)c2cc3c(cc2c1=O)c(=O)n(c3=O)c1ccc(cc1)C#C,Glass transition temperature,146.85,C,
*C(=C*)c1ccccc1,Glass transition temperature,-207.0200857,C,sim
*C(=C*)c1ccccc1,Melting temperature,-83.3642857,C,
*C(=C*)c1nc2c(n1C)cccc2,Glass transition temperature,-279.2541998,C,sim
*C(=C*)c1nc2c(n1C)cccc2,Melting temperature,6.85,C,
*C(=CC(C*)C)C,Glass transition temperature,-271.07,C,
*C(=CC(C*)C)C,Melting temperature,-103.15,C,
*C(=CCC*)C,Glass transition temperature,-334.13,C,
*C(=CCC*)C(C)(C)C,Glass transition temperature,-253.15,C,
*C(=CCC*)C(C)(C)C,Melting temperature,-167.15,C,
*C(=CCC*)C(C)C,Glass transition temperature,-320.15,C,
*C(=CCC*)CCC,Melting temperature,-231.15,C,
*C(=CCC*)CCCCCCC,Glass transition temperature,-356.15,C,
*C(=CCC*)CCCCCCCCCC,Glass transition temperature,-326.15,C,
*C(=CCC*)Cl,Glass transition temperature,-316.5,C,
*C(=CCC*)Cl,Melting temperature,-210.5710526,C,
*C(=CCC*)c1ccccc1,Glass transition temperature,-236.53,C,
*C(=CCCC*)c1ccc(cc1)Cl,Glass transition temperature,-257.15,C,
*C(=CCCC*)c1ccc(cc1)OC,Glass transition temperature,-262.15,C,
*C(=CCCC*)c1ccccc1,Glass transition temperature,-273.15,C,
*C(=O)/C=C(/C(=O)N1CC(C)N(CC1C)*)\C,Thermal decomposition temperature,360.0,C,exp
*C(=O)C(C)(C)*,Thermal decomposition temperature,300.0,C,exp
*C(=O)C(C)(C)*,Melting temperature,250.0,C,exp
*C(=O)C(c1ccc(cc1)*)O,Melting temperature,255.0,C,exp
*C(=O)C(c1ccc(s1)*)O,Glass transition temperature,91.0,C,exp
*C(=O)C(c1ccc(s1)*)O,Thermal decomposition temperature,150.0,C,exp
*C(=O)C(c1ccc(s1)*)O,Thermal decomposition weight loss,1.0,%,exp
*C(=O)C(c1ccc(s1)*)O,Melting temperature,154.0,C,exp
*C(=O)C(c1ccc(s1)*)O,Melting temperature,310.0,C,exp
*C(=O)C1C2C=CC(C1*)C2,Glass transition temperature,94.0,C,exp
*C(=O)C1C2C=CC(C1*)C2,Melting temperature,204.2,C,exp
*C(=O)C1C2C=CC(C1*)C2,Glass transition temperature,77.0,C,exp
*C(=O)C1C2C=CC(C1*)C2,Melting temperature,208.8,C,exp
*C(=O)C=CC(=O)N1CC(C)N(CC1C)*,Thermal decomposition temperature,370.0,C,exp
*C(=O)C=Cc1ccc(cc1)C=CC(=O)N1CC(=O)N(C1=O)*,Glass transition temperature,156.0,C,exp
*C(=O)C=Cc1ccc(cc1)C=CC(=O)N1CC(=O)N(C1=O)*,Thermal decomposition temperature,360.0,C,exp
*C(=O)C=Cc1ccc(cc1)C=CC(=O)N1CC(=O)N(C1=O)*,Thermal decomposition weight loss,7.5,%,exp
*C(=O)CC*,Glass transition temperature,-263.15,C,
*C(=O)CC*,Melting temperature,-25.7636364,C,
*C(=O)CCC(=O)Oc1cc2ccccc2cc1n1c(=O)[nH]n(c1=O)*,Thermal decomposition temperature,297.5,C,exp
*C(=O)CCC(=O)Oc1cc2ccccc2cc1n1c(=O)[nH]n(c1=O)*,Thermal decomposition weight loss,7.5,%,exp
*C(=O)CCC(=O)c1ccc(s1)c1ccc(s1)c1ccc(s1)*,Thermal decomposition temperature,283.5,C,exp
*C(=O)CCC(=O)c1ccc(s1)c1ccc(s1)c1ccc(s1)*,Thermal decomposition weight loss,2.5,%,exp
*C(=O)CCCCC(=O)Oc1cc2ccccc2cc1n1c(=O)[nH]n(c1=O)*,Thermal decomposition temperature,271.0,C,exp
*C(=O)CCCCC(=O)Oc1cc2ccccc2cc1n1c(=O)[nH]n(c1=O)*,Thermal decomposition weight loss,7.5,%,exp
*C(=O)CCCCC(=O)c1ccc(c2c1cccc2)C=C1CCC(=Cc2ccc(c3c2cccc3)*)C1=O,Thermal decomposition temperature,486.0,C,exp
*C(=O)CCCCC(=O)c1ccc(c2c1cccc2)C=C1CCC(=Cc2ccc(c3c2cccc3)*)C1=O,Thermal decomposition weight loss,30.0,%,exp
*C(=O)CCCCC(=O)c1ccc(c2c1cccc2)C=C1CCCC(=Cc2ccc(c3c2cccc3)*)C1=O,Thermal decomposition temperature,480.0,C,exp
*C(=O)CCCCC(=O)c1ccc(c2c1cccc2)C=C1CCCC(=Cc2ccc(c3c2cccc3)*)C1=O,Thermal decomposition weight loss,30.0,%,exp
*C(=O)CCCCC(=O)c1ccc(o1)C=C1CCC(=Cc2ccc(o2)*)C1=O,Thermal decomposition temperature,280.0,C,exp
*C(=O)CCCCC(=O)c1ccc(o1)C=C1CCC(=Cc2ccc(o2)*)C1=O,Thermal decomposition weight loss,30.0,%,exp
*C(=O)CCCCCCCCC(=O)N1CC(C)N(CC1C)*,Glass transition temperature,-60.5,C,exp
*C(=O)CCCCCCCCC(=O)N1CC(C)N(CC1C)*,Thermal decomposition temperature,320.0,C,exp
*C(=O)CCCCCCCCC(=O)c1ccc(c2c1cccc2)C=C1CCC(=Cc2ccc(c3c2cccc3)*)C1=O,Thermal decomposition temperature,478.0,C,exp
*C(=O)CCCCCCCCC(=O)c1ccc(c2c1cccc2)C=C1CCC(=Cc2ccc(c3c2cccc3)*)C1=O,Thermal decomposition weight loss,30.0,%,exp
*C(=O)CCCCCCCCC(=O)c1ccc(c2c1cccc2)C=C1CCCC(=Cc2ccc(c3c2cccc3)*)C1=O,Thermal decomposition temperature,480.0,C,exp
*C(=O)CCCCCCCCC(=O)c1ccc(c2c1cccc2)C=C1CCCC(=Cc2ccc(c3c2cccc3)*)C1=O,Thermal decomposition weight loss,30.0,%,exp
*C(=O)CCCCCCCCC(=O)c1ccc(cc1)C=C1CCC(=Cc2ccc(cc2)*)C1=O,Thermal decomposition temperature,220.0,C,exp
*C(=O)CCCCCCCCC(=O)c1ccc(cc1)C=C1CCC(=Cc2ccc(cc2)*)C1=O,Thermal decomposition weight loss,10.0,%,exp
*C(=O)CCCCCCCCC(=O)c1ccc(cc1)C=C1CCCC(=Cc2ccc(cc2)*)C1=O,Thermal decomposition temperature,215.0,C,exp
*C(=O)CCCCCCCCC(=O)c1ccc(cc1)C=C1CCCC(=Cc2ccc(cc2)*)C1=O,Thermal decomposition weight loss,10.0,%,exp
*C(=O)CCCCCCCCC(=O)c1ccc(o1)C=C1CCC(=Cc2ccc(o2)*)C1=O,Thermal decomposition temperature,275.0,C,exp
*C(=O)CCCCCCCCC(=O)c1ccc(o1)C=C1CCC(=Cc2ccc(o2)*)C1=O,Thermal decomposition weight loss,30.0,%,exp
*C(=O)CCCCCCCCCCOc1ccc(cc1)c1c2nsnc2c(cc1)c1ccc(cc1)OCCCCCCCCCCC(=O)OCC(CO*)(CO*)C,Melting temperature,-181.95,C,
*C(=O)CCN1CCN(CC1)CCC(=O)N1CCN(C(C1)C)*,Melting temperature,217.0,C,exp
*C(=O)COc1c(Br)cc(C(C)(C)c2cc(Br)c(OC(=O)c3cc(*)cc(C(C)(C)C)c3)c(Br)c2)cc1Br,Co2 Permeability Barrer,21.5,Barrer,exp
*C(=O)COc1c(Br)cc(C(C)(C)c2cc(Br)c(OC(=O)c3cc(*)cc(C(C)(C)C)c3)c(Br)c2)cc1Br,H2 Permeability Barrer,54.00000002,Barrer,exp
*C(=O)COc1c(Br)cc(C(C)(C)c2cc(Br)c(OC(=O)c3cc(*)cc(C(C)(C)C)c3)c(Br)c2)cc1Br,O2 Permeability Barrer,5.630000002,Barrer,exp
*C(=O)COc1c(Br)cc(C(C)(C)c2cc(Br)c(OC(=O)c3cc(*)cc(C(C)(C)C)c3)c(Br)c2)cc1Br,Co2 Permeability Barrer,21.5,Barrer,sim
*C(=O)COc1c(Br)cc(C(C)(C)c2cc(Br)c(OC(=O)c3cc(*)cc(C(C)(C)C)c3)c(Br)c2)cc1Br,H2 Permeability Barrer,54.00000002,Barrer,sim
*C(=O)COc1c(Br)cc(C(C)(C)c2cc(Br)c(OC(=O)c3cc(*)cc(C(C)(C)C)c3)c(Br)c2)cc1Br,O2 Permeability Barrer,5.630000002,Barrer,sim
*C(=O)COc1c(Br)cc(C(c2cc(Br)c(OC(=O)c3cc(*)cc(C(C)(C)C)c3)c(Br)c2)(C(F)(F)F)C(F)(F)F)cc1Br,Co2 Permeability Barrer,85.09999998,Barrer,exp
*C(=O)COc1c(Br)cc(C(c2cc(Br)c(OC(=O)c3cc(*)cc(C(C)(C)C)c3)c(Br)c2)(C(F)(F)F)C(F)(F)F)cc1Br,H2 Permeability Barrer,148.9999999,Barrer,exp
*C(=O)COc1c(Br)cc(C(c2cc(Br)c(OC(=O)c3cc(*)cc(C(C)(C)C)c3)c(Br)c2)(C(F)(F)F)C(F)(F)F)cc1Br,O2 Permeability Barrer,22.10000002,Barrer,exp
*C(=O)COc1c(Br)cc(C(c2cc(Br)c(OC(=O)c3cc(*)cc(C(C)(C)C)c3)c(Br)c2)(C(F)(F)F)C(F)(F)F)cc1Br,Co2 Permeability Barrer,85.09999998,Barrer,sim
*C(=O)COc1c(Br)cc(C(c2cc(Br)c(OC(=O)c3cc(*)cc(C(C)(C)C)c3)c(Br)c2)(C(F)(F)F)C(F)(F)F)cc1Br,H2 Permeability Barrer,148.9999999,Barrer,sim
*C(=O)COc1c(Br)cc(C(c2cc(Br)c(OC(=O)c3cc(*)cc(C(C)(C)C)c3)c(Br)c2)(C(F)(F)F)C(F)(F)F)cc1Br,O2 Permeability Barrer,22.10000002,Barrer,sim
*C(=O)COc1c(Br)cc2c(c1Br)C(C)(C)c1cc(Br)c(OC(=O)c3cc(*)cc(C(C)(C)C)c3)c(Br)c1-2,Co2 Permeability Barrer,69.50000007,Barrer,exp
*C(=O)COc1c(Br)cc2c(c1Br)C(C)(C)c1cc(Br)c(OC(=O)c3cc(*)cc(C(C)(C)C)c3)c(Br)c1-2,H2 Permeability Barrer,141.0000001,Barrer,exp
*C(=O)COc1c(Br)cc2c(c1Br)C(C)(C)c1cc(Br)c(OC(=O)c3cc(*)cc(C(C)(C)C)c3)c(Br)c1-2,O2 Permeability Barrer,16.80000001,Barrer,exp
*C(=O)COc1c(Br)cc2c(c1Br)C(C)(C)c1cc(Br)c(OC(=O)c3cc(*)cc(C(C)(C)C)c3)c(Br)c1-2,Co2 Permeability Barrer,69.50000007,Barrer,sim
*C(=O)COc1c(Br)cc2c(c1Br)C(C)(C)c1cc(Br)c(OC(=O)c3cc(*)cc(C(C)(C)C)c3)c(Br)c1-2,H2 Permeability Barrer,141.0000001,Barrer,sim
*C(=O)COc1c(Br)cc2c(c1Br)C(C)(C)c1cc(Br)c(OC(=O)c3cc(*)cc(C(C)(C)C)c3)c(Br)c1-2,O2 Permeability Barrer,16.80000001,Barrer,sim
*C(=O)NC(=S)Nc1ccc(cc1)NC(=O)c1ccc(cc1)C(=O)Nc1ccc(cc1)N1C(=O)c2c(C1=O)cc(cc2)*,Glass transition temperature,292.0,C,exp
*C(=O)NC(=S)Nc1ccc(cc1)NC(=O)c1ccc(cc1)C(=O)Nc1ccc(cc1)N1C(=O)c2c(C1=O)cc(cc2)*,Thermal decomposition temperature,544.0,C,exp
*C(=O)NC(=S)Nc1ccc(cc1)NC(=O)c1ccc(cc1)C(=O)Nc1ccc(cc1)N1C(=O)c2c(C1=O)cc(cc2)*,Thermal decomposition weight loss,5.0,%,exp
*C(=O)NC(=S)Nc1ccc(cc1)NC(=O)c1cccc(c1)C(=O)Nc1ccc(cc1)N1C(=O)c2c(C1=O)cc(cc2)*,Glass transition temperature,290.0,C,exp
*C(=O)NC(=S)Nc1ccc(cc1)NC(=O)c1cccc(c1)C(=O)Nc1ccc(cc1)N1C(=O)c2c(C1=O)cc(cc2)*,Thermal decomposition temperature,534.0,C,exp
*C(=O)NC(=S)Nc1ccc(cc1)NC(=O)c1cccc(c1)C(=O)Nc1ccc(cc1)N1C(=O)c2c(C1=O)cc(cc2)*,Thermal decomposition weight loss,5.0,%,exp
*C(=O)NC(=S)Nc1cccnc1OC(=O)CCCCC(=O)Oc1ncccc1N1C(=O)c2c(C1=O)cc(cc2)*,Glass transition temperature,223.0,C,exp
*C(=O)NC(=S)Nc1cccnc1OC(=O)CCCCC(=O)Oc1ncccc1N1C(=O)c2c(C1=O)cc(cc2)*,Thermal decomposition temperature,372.0,C,exp
*C(=O)NC(=S)Nc1cccnc1OC(=O)CCCCC(=O)Oc1ncccc1N1C(=O)c2c(C1=O)cc(cc2)*,Thermal decomposition weight loss,5.0,%,exp
*C(=O)NC(=S)Nc1cccnc1OC(=O)c1ccc(cc1)C(=O)Oc1ncccc1N1C(=O)c2c(C1=O)cc(cc2)*,Glass transition temperature,230.0,C,exp
*C(=O)NC(=S)Nc1cccnc1OC(=O)c1ccc(cc1)C(=O)Oc1ncccc1N1C(=O)c2c(C1=O)cc(cc2)*,Thermal decomposition temperature,526.5,C,exp
*C(=O)NC(=S)Nc1cccnc1OC(=O)c1ccc(cc1)C(=O)Oc1ncccc1N1C(=O)c2c(C1=O)cc(cc2)*,Thermal decomposition weight loss,5.0,%,exp
*C(=O)NC(=S)Nc1cccnc1OC(=O)c1cccc(c1)C(=O)Oc1ncccc1N1C(=O)c2c(C1=O)cc(cc2)*,Glass transition temperature,225.0,C,exp
*C(=O)NC(=S)Nc1cccnc1OC(=O)c1cccc(c1)C(=O)Oc1ncccc1N1C(=O)c2c(C1=O)cc(cc2)*,Thermal decomposition temperature,517.5,C,exp
*C(=O)NC(=S)Nc1cccnc1OC(=O)c1cccc(c1)C(=O)Oc1ncccc1N1C(=O)c2c(C1=O)cc(cc2)*,Thermal decomposition weight loss,5.0,%,exp
*C(=O)NC(=S)Nc1ncccc1C(=O)Nc1ccc(cc1)NC(=O)c1cccnc1N1C(=O)c2c(C1=O)cc(cc2)*,Glass transition temperature,270.0,C,exp
*C(=O)NC(=S)Nc1ncccc1C(=O)Nc1ccc(cc1)NC(=O)c1cccnc1N1C(=O)c2c(C1=O)cc(cc2)*,Thermal decomposition temperature,562.0,C,exp
*C(=O)NC(=S)Nc1ncccc1C(=O)Nc1ccc(cc1)NC(=O)c1cccnc1N1C(=O)c2c(C1=O)cc(cc2)*,Thermal decomposition weight loss,10.0,%,exp
*C(=O)NC(=S)Nc1ncccc1C(=O)Nc1ccc(cc1)Oc1ccc(cc1)C(c1ccc(cc1)Oc1ccc(cc1)NC(=O)c1cccnc1N1C(=O)c2c(C1=O)cc(cc2)*)(C)C,Glass transition temperature,264.0,C,exp
*C(=O)NC(=S)Nc1ncccc1C(=O)Nc1ccc(cc1)Oc1ccc(cc1)C(c1ccc(cc1)Oc1ccc(cc1)NC(=O)c1cccnc1N1C(=O)c2c(C1=O)cc(cc2)*)(C)C,Thermal decomposition temperature,548.0,C,exp
*C(=O)NC(=S)Nc1ncccc1C(=O)Nc1ccc(cc1)Oc1ccc(cc1)C(c1ccc(cc1)Oc1ccc(cc1)NC(=O)c1cccnc1N1C(=O)c2c(C1=O)cc(cc2)*)(C)C,Thermal decomposition weight loss,10.0,%,exp
*C(=O)NC(=S)Nc1ncccc1C(=O)Nc1ccc(cc1)Oc1ccc(cc1)NC(=O)c1cccnc1N1C(=O)c2c(C1=O)cc(cc2)*,Glass transition temperature,265.0,C,exp
*C(=O)NC(=S)Nc1ncccc1C(=O)Nc1ccc(cc1)Oc1ccc(cc1)NC(=O)c1cccnc1N1C(=O)c2c(C1=O)cc(cc2)*,Thermal decomposition temperature,550.0,C,exp
*C(=O)NC(=S)Nc1ncccc1C(=O)Nc1ccc(cc1)Oc1ccc(cc1)NC(=O)c1cccnc1N1C(=O)c2c(C1=O)cc(cc2)*,Thermal decomposition weight loss,10.0,%,exp
*C(=O)NC(=S)Nc1ncccc1C(=O)Nc1cccc2c1cccc2NC(=O)c1cccnc1N1C(=O)c2c(C1=O)cc(cc2)*,Glass transition temperature,267.0,C,exp
*C(=O)NC(=S)Nc1ncccc1C(=O)Nc1cccc2c1cccc2NC(=O)c1cccnc1N1C(=O)c2c(C1=O)cc(cc2)*,Thermal decomposition temperature,554.0,C,exp
*C(=O)NC(=S)Nc1ncccc1C(=O)Nc1cccc2c1cccc2NC(=O)c1cccnc1N1C(=O)c2c(C1=O)cc(cc2)*,Thermal decomposition weight loss,10.0,%,exp
*C(=O)NC1CCC(CC1)CC1CCC(CC1)NC(=O)c1ccc(cc1)N1C(=O)c2c(C1=O)cc(cc2)*,Glass transition temperature,275.0,C,exp
*C(=O)NC1CCC(CC1)CC1CCC(CC1)NC(=O)c1ccc(cc1)N1C(=O)c2c(C1=O)cc(cc2)*,Thermal decomposition temperature,365.0,C,exp
*C(=O)NC1CCC(CC1)CC1CCC(CC1)NC(=O)c1ccc(cc1)N1C(=O)c2c(C1=O)cc(cc2)*,Thermal decomposition weight loss,5.0,%,exp
*C(=O)NC1CCCC(O1)*,Glass transition temperature,145.0,C,exp
*C(=O)NC1CCCC(O1)*,Thermal decomposition temperature,322.5,C,exp
*C(=O)NC1CCCC(O1)*,Melting temperature,287.5,C,exp
*C(=O)NCCCCCCCCCCNC(=O)c1cc(O)cc(n1)*,Melting temperature,137.0,C,exp
*C(=O)NCCCCCCCCCCNC(=O)c1ccc(nc1)*,Melting temperature,232.0,C,exp
*C(=O)NCCCCCCCCCCNC(=O)c1ccc(o1)*,Melting temperature,130.0,C,exp
*C(=O)NCCCCCCCCCCNC(=O)c1ccc(s1)*,Melting temperature,250.0,C,exp
*C(=O)NCCCCCCCCCCNC(=O)c1cccc(n1)*,Melting temperature,200.0,C,exp
*C(=O)NCCCCCCCCCCNC(=O)c1ccnc(c1)*,Melting temperature,190.0,C,exp
*C(=O)NCCCCCCCCCCNC(=O)c1cncc(c1)*,Melting temperature,210.0,C,exp
*C(=O)NCCCCCCCCNC(=O)c1cc(O)cc(n1)*,Melting temperature,86.0,C,exp
*C(=O)NCCCCCCCCNC(=O)c1ccc(nc1)*,Melting temperature,232.0,C,exp
*C(=O)NCCCCCCCCNC(=O)c1ccc(o1)*,Melting temperature,125.0,C,exp
*C(=O)NCCCCCCCCNC(=O)c1ccc(s1)*,Melting temperature,304.0,C,exp
*C(=O)NCCCCCCCCNC(=O)c1cccc(n1)*,Melting temperature,192.0,C,exp
*C(=O)NCCCCCCCCNC(=O)c1ccnc(c1)*,Melting temperature,190.0,C,exp
*C(=O)NCCCCCCCCNC(=O)c1cncc(c1)*,Melting temperature,214.0,C,exp
*C(=O)NCCCCCCNC(=O)C1=COC=C(O1)*,Melting temperature,77.0,C,exp
*C(=O)NCCCCCCNC(=O)C1C=CNN1*,Melting temperature,140.0,C,exp
*C(=O)NCCCCCCNC(=O)C1COC(CO1)*,Thermal decomposition temperature,375.0,C,exp
*C(=O)NCCCCCCNC(=O)C1COC(CO1)*,Melting temperature,300.0,C,exp
*C(=O)NCCCCCCNC(=O)c1cc(*)c(nc1C)C,Melting temperature,140.0,C,exp
*C(=O)NCCCCCCNC(=O)c1cc(O)cc(n1)*,Melting temperature,178.0,C,exp
*C(=O)NCCCCCCNC(=O)c1ccc(cc1)N1C(=O)c2c(C1=O)cc(cc2)*,Glass transition temperature,225.0,C,exp
*C(=O)NCCCCCCNC(=O)c1ccc(cc1)N1C(=O)c2c(C1=O)cc(cc2)*,Thermal decomposition temperature,330.0,C,exp
*C(=O)NCCCCCCNC(=O)c1ccc(cc1)N1C(=O)c2c(C1=O)cc(cc2)*,Thermal decomposition weight loss,0.0,%,exp
*C(=O)NCCCCCCNC(=O)c1ccc(nc1)*,Glass transition temperature,80.0,C,exp
*C(=O)NCCCCCCNC(=O)c1ccc(nc1)*,Melting temperature,270.0,C,exp
*C(=O)NCCCCCCNC(=O)c1ccc(o1)*,Melting temperature,170.0,C,exp
*C(=O)NCCCCCCNC(=O)c1ccc(s1)*,Melting temperature,315.0,C,exp
*C(=O)NCCCCCCNC(=O)c1cccc(n1)*,Melting temperature,175.0,C,exp
*C(=O)NCCCCCCNC(=O)c1cccnc1*,Melting temperature,103.0,C,exp
*C(=O)NCCCCCCNC(=O)c1ccnc(c1)*,Melting temperature,162.5,C,exp
*C(=O)NCCCCCCNC(=O)c1ccncc1*,Melting temperature,101.0,C,exp
*C(=O)NCCCCCCNC(=O)c1cncc(c1)*,Melting temperature,245.0,C,exp
*C(=O)NCCCCCCNC(=O)c1cnn(c1)*,Melting temperature,271.0,C,exp
*C(=O)NCCCCCCNC(=O)c1ncn(c1*)C,Glass transition temperature,86.0,C,exp
*C(=O)NCCCCCCNC(=O)c1ncn(c1*)C,Thermal decomposition temperature,445.0,C,exp
*C(=O)NCCCCCCNC(=O)c1ncn(c1*)C,Thermal decomposition weight loss,1.0,%,exp
*C(=O)NCCC[Si](O[Si](CCCNC(=O)c1ccc2c(c1)C(=O)N(C2=O)c1ccc(cc1)Cc1ccc(cc1)N1C(=O)c2c(C1=O)cc(cc2)*)(C)C)(C)C,Thermal decomposition temperature,363.0,C,exp
*C(=O)NCCC[Si](O[Si](CCCNC(=O)c1ccc2c(c1)C(=O)N(C2=O)c1ccc(cc1)Cc1ccc(cc1)N1C(=O)c2c(C1=O)cc(cc2)*)(C)C)(C)C,Thermal decomposition weight loss,10.0,%,exp
*C(=O)NCCN(c1ccc(cc1)C=Cc1ccc(cc1)[N+](=O)[O-])CCNC(=O)c1ccc(cc1)N1C(=O)c2c(C1=O)cc(cc2)*,Glass transition temperature,178.0,C,exp
*C(=O)NCCN(c1ccc(cc1)C=Cc1ccc(cc1)[N+](=O)[O-])CCNC(=O)c1ccc(cc1)N1C(=O)c2c(C1=O)cc(cc2)*,Thermal decomposition temperature,220.0,C,exp
*C(=O)NCCN(c1ccc(cc1)C=Cc1ccc(cc1)[N+](=O)[O-])CCNC(=O)c1ccc2c(c1)C(=O)N(C2=O)c1ccc(cc1)Oc1ccc(cc1)N1C(=O)c2c(C1=O)cc(cc2)*,Glass transition temperature,224.0,C,exp
*C(=O)NCCN(c1ccc(cc1)C=Cc1ccc(cc1)[N+](=O)[O-])CCNC(=O)c1ccc2c(c1)C(=O)N(C2=O)c1ccc(cc1)Oc1ccc(cc1)N1C(=O)c2c(C1=O)cc(cc2)*,Thermal decomposition temperature,260.0,C,exp
*C(=O)NCCN(c1ccc(cc1)C=Cc1ccc(cc1)[N+](=O)[O-])CCNC(=O)c1cccc(c1)N1C(=O)c2c(C1=O)cc(cc2)*,Glass transition temperature,178.0,C,exp
*C(=O)NCCN(c1ccc(cc1)C=Cc1ccc(cc1)[N+](=O)[O-])CCNC(=O)c1cccc(c1)N1C(=O)c2c(C1=O)cc(cc2)*,Thermal decomposition temperature,220.0,C,exp
*C(=O)NCCNC(=O)c1ccc(cc1)N1C(=O)c2c(C1=O)cc(cc2)*,Glass transition temperature,235.0,C,exp
*C(=O)NCCNC(=O)c1ccc(cc1)N1C(=O)c2c(C1=O)cc(cc2)*,Thermal decomposition temperature,330.0,C,exp
*C(=O)NCCNC(=O)c1ccc(cc1)N1C(=O)c2c(C1=O)cc(cc2)*,Thermal decomposition weight loss,0.0,%,exp
*C(=O)NNC(=O)C(=O)NNC(=O)c1ccc(cn1)c1ccc(nc1)*,Melting temperature,350.0,C,exp
*C(=O)NNC(=O)C(=O)NNC(=O)c1cncc(n1)*,Melting temperature,365.0,C,exp
*C(=O)NNC(=O)c1ccc(cc1)[Si](c1ccccc1)(c1ccccc1)c1ccc(cc1)C(=O)NNC(=O)c1ccc(nc1)*,Glass transition temperature,272.0,C,exp
*C(=O)NNC(=O)c1ccc(cc1)[Si](c1ccccc1)(c1ccccc1)c1ccc(cc1)C(=O)NNC(=O)c1ccc(nc1)*,Thermal decomposition temperature,458.0,C,exp
*C(=O)NNC(=O)c1ccc(cc1)[Si](c1ccccc1)(c1ccccc1)c1ccc(cc1)C(=O)NNC(=O)c1ccc(nc1)*,Thermal decomposition weight loss,1.0,%,exp
*C(=O)NNC(=O)c1ccc(cc1)[Si](c1ccccc1)(c1ccccc1)c1ccc(cc1)C(=O)NNC(=O)c1ccc(nc1)*,Melting temperature,417.0,C,exp
*C(=O)NNC(=O)c1ccc(cc1)[Si](c1ccccc1)(c1ccccc1)c1ccc(cc1)C(=O)NNC(=O)c1ccc(nc1)*,Glass transition temperature,240.0,C,exp
*C(=O)NNC(=O)c1ccc(cc1)[Si](c1ccccc1)(c1ccccc1)c1ccc(cc1)C(=O)NNC(=O)c1ccc(nc1)*,Thermal decomposition temperature,326.0,C,exp
*C(=O)NNC(=O)c1ccc(cc1)[Si](c1ccccc1)(c1ccccc1)c1ccc(cc1)C(=O)NNC(=O)c1ccc(nc1)*,Thermal decomposition weight loss,1.0,%,exp
*C(=O)NNC(=O)c1ccc(cc1)[Si](c1ccccc1)(c1ccccc1)c1ccc(cc1)C(=O)NNC(=O)c1cccc(n1)*,Thermal decomposition temperature,362.0,C,exp
*C(=O)NNC(=O)c1ccc(cc1)[Si](c1ccccc1)(c1ccccc1)c1ccc(cc1)C(=O)NNC(=O)c1cccc(n1)*,Thermal decomposition weight loss,1.0,%,exp
*C(=O)NNC(=O)c1ccc(cc1)[Si](c1ccccc1)(c1ccccc1)c1ccc(cc1)C(=O)NNC(=O)c1cncc(c1)*,Glass transition temperature,234.0,C,exp
*C(=O)NNC(=O)c1ccc(cc1)[Si](c1ccccc1)(c1ccccc1)c1ccc(cc1)C(=O)NNC(=O)c1cncc(c1)*,Thermal decomposition temperature,320.0,C,exp
*C(=O)NNC(=O)c1ccc(cc1)[Si](c1ccccc1)(c1ccccc1)c1ccc(cc1)C(=O)NNC(=O)c1cncc(c1)*,Thermal decomposition weight loss,1.0,%,exp
*C(=O)NNC(=O)c1ccc(nc1)*,Melting temperature,370.0,C,exp
*C(=O)NNC(=O)c1ccc(s1)C(=O)NNC(=O)c1ccc(nc1)*,Melting temperature,360.0,C,exp
*C(=O)NNC(=O)c1cccc(c1)C(=O)NNC(=O)c1ccc(nc1)*,Melting temperature,345.0,C,exp
*C(=O)NNC(=O)c1cccc(c1)C(=O)NNC(=O)c1cccc(n1)*,Melting temperature,380.0,C,exp
*C(=O)NNC(=O)c1cccc(c1)C(=O)NNC(=O)c1cnc(cn1)*,Melting temperature,380.0,C,exp
*C(=O)NNC(=O)c1cccc(n1)*,Melting temperature,360.0,C,exp
*C(=O)NNC(=O)c1cccc(n1)C(=O)NNC(=O)c1ccc(nc1)*,Melting temperature,350.0,C,exp
*C(=O)NNC(=O)c1cnc(cn1)*,Melting temperature,350.0,C,exp
*C(=O)NNC(=O)c1cncc(c1)C(=O)NNC(=O)c1ccc(nc1)*,Melting temperature,350.0,C,exp
*C(=O)Nc1cc(Cl)nc(c1)NC(=O)c1ccc2c(c1)C(=O)N(C2=O)c1ccc(cc1)OCCCOc1ccc(cc1)N1C(=O)c2c(C1=O)cc(cc2)*,Thermal decomposition temperature,305.0,C,exp
*C(=O)Nc1cc(Cl)nc(c1)NC(=O)c1ccc2c(c1)C(=O)N(C2=O)c1ccc(cc1)OCCCOc1ccc(cc1)N1C(=O)c2c(C1=O)cc(cc2)*,Thermal decomposition weight loss,7.5,%,exp
*C(=O)Nc1cc(NC(=O)c2ccc3c(c2)C(=O)N(C3=O)c2cc(cc(c2)N2C(=O)c3c(C2=O)cc(cc3)*)c2nnc(o2)c2ccccn2)cc(c1)c1nnc(o1)c1ccccn1,Glass transition temperature,164.0,C,exp
*C(=O)Nc1cc(NC(=O)c2ccc3c(c2)C(=O)N(C3=O)c2cc(cc(c2)N2C(=O)c3c(C2=O)cc(cc3)*)c2nnc(o2)c2ccccn2)cc(c1)c1nnc(o1)c1ccccn1,Thermal decomposition temperature,275.5,C,exp
*C(=O)Nc1cc(NC(=O)c2ccc3c(c2)C(=O)N(C3=O)c2cc(cc(c2)N2C(=O)c3c(C2=O)cc(cc3)*)c2nnc(o2)c2ccccn2)cc(c1)c1nnc(o1)c1ccccn1,Thermal decomposition weight loss,10.0,%,exp
*C(=O)Nc1cc(NC(=O)c2ccc3c(c2)C(=O)N(C3=O)c2cc(cc(c2)N2C(=O)c3c(C2=O)cc(cc3)*)c2nnc(o2)c2ccccn2)cc(c1)c1nnc(o1)c1ccccn1,Melting temperature,298.0,C,exp
*C(=O)Nc1cc(NC(=O)c2ccc3c(c2)C(=O)N(C3=O)c2cc(cc(c2)N2C(=O)c3c(C2=O)cc(cc3)*)c2oc3c(n2)cccc3)cc(c1)c1[nH]c2c(n1)cccc2,Glass transition temperature,371.0,C,exp
*C(=O)Nc1cc(NC(=O)c2ccc3c(c2)C(=O)N(C3=O)c2cc(cc(c2)N2C(=O)c3c(C2=O)cc(cc3)*)c2oc3c(n2)cccc3)cc(c1)c1[nH]c2c(n1)cccc2,Thermal decomposition temperature,587.0,C,exp
*C(=O)Nc1cc(NC(=O)c2ccc3c(c2)C(=O)N(C3=O)c2cc(cc(c2)N2C(=O)c3c(C2=O)cc(cc3)*)c2oc3c(n2)cccc3)cc(c1)c1[nH]c2c(n1)cccc2,Thermal decomposition weight loss,10.0,%,exp
*C(=O)Nc1cc(NC(=O)c2ccc3c(c2)C(=O)N(C3=O)c2cc(cc(c2)N2C(=O)c3c(C2=O)cc(cc3)*)c2sc3c(n2)cccc3)cc(c1)c1[nH]c2c(n1)cccc2,Glass transition temperature,368.0,C,exp
*C(=O)Nc1cc(NC(=O)c2ccc3c(c2)C(=O)N(C3=O)c2cc(cc(c2)N2C(=O)c3c(C2=O)cc(cc3)*)c2sc3c(n2)cccc3)cc(c1)c1[nH]c2c(n1)cccc2,Thermal decomposition temperature,568.0,C,exp
*C(=O)Nc1cc(NC(=O)c2ccc3c(c2)C(=O)N(C3=O)c2cc(cc(c2)N2C(=O)c3c(C2=O)cc(cc3)*)c2sc3c(n2)cccc3)cc(c1)c1[nH]c2c(n1)cccc2,Thermal decomposition weight loss,10.0,%,exp
*C(=O)Nc1cc(NC(=O)c2ccc3c(c2)C(=O)N(C3=O)c2cccc(c2)N2C(=O)c3c(C2=O)cc(cc3)*)cc(c1)c1[nH]c2c(n1)cccc2,Glass transition temperature,361.0,C,exp
*C(=O)Nc1cc(NC(=O)c2ccc3c(c2)C(=O)N(C3=O)c2cccc(c2)N2C(=O)c3c(C2=O)cc(cc3)*)cc(c1)c1[nH]c2c(n1)cccc2,Thermal decomposition temperature,541.0,C,exp
*C(=O)Nc1cc(NC(=O)c2ccc3c(c2)C(=O)N(C3=O)c2cccc(c2)N2C(=O)c3c(C2=O)cc(cc3)*)cc(c1)c1[nH]c2c(n1)cccc2,Thermal decomposition weight loss,10.0,%,exp
*C(=O)Nc1cc(NC(=O)c2ccc3c(c2)nc([nH]3)c2cc(cc(c2)N2C(=O)c3c(C2=O)cccc3)c2nc3c([nH]2)ccc(c3)*)cc(c1)c1nc2c([nH]1)cccc2,Glass transition temperature,334.0,C,exp
*C(=O)Nc1cc(NC(=O)c2ccc3c(c2)nc([nH]3)c2cc(cc(c2)N2C(=O)c3c(C2=O)cccc3)c2nc3c([nH]2)ccc(c3)*)cc(c1)c1nc2c([nH]1)cccc2,Thermal decomposition temperature,540.0,C,exp
*C(=O)Nc1cc(NC(=O)c2ccc3c(c2)nc([nH]3)c2cc(cc(c2)N2C(=O)c3c(C2=O)cccc3)c2nc3c([nH]2)ccc(c3)*)cc(c1)c1nc2c([nH]1)cccc2,Thermal decomposition weight loss,10.0,%,exp
*C(=O)Nc1cc(NC(=O)c2ccc3c(c2)nc([nH]3)c2cccc(c2)c2nc3c([nH]2)ccc(c3)*)cc(c1)c1nc2c([nH]1)cccc2,Glass transition temperature,315.0,C,exp
*C(=O)Nc1cc(NC(=O)c2ccc3c(c2)nc([nH]3)c2cccc(c2)c2nc3c([nH]2)ccc(c3)*)cc(c1)c1nc2c([nH]1)cccc2,Thermal decomposition temperature,501.0,C,exp
*C(=O)Nc1cc(NC(=O)c2ccc3c(c2)nc([nH]3)c2cccc(c2)c2nc3c([nH]2)ccc(c3)*)cc(c1)c1nc2c([nH]1)cccc2,Thermal decomposition weight loss,10.0,%,exp
*C(=O)Nc1cc(NC(=O)c2cccc(n2)*)cc(c1)c1nnc(o1)c1ccccn1,Glass transition temperature,255.0,C,exp
*C(=O)Nc1cc(NC(=O)c2cccc(n2)*)cc(c1)c1nnc(o1)c1ccccn1,Thermal decomposition temperature,303.0,C,exp
*C(=O)Nc1cc(NC(=O)c2cccc(n2)*)cc(c1)c1nnc(o1)c1ccccn1,Thermal decomposition weight loss,10.0,%,exp
*C(=O)Nc1cc(NC(=O)c2cccc(n2)*)cc(c1)c1nnc(o1)c1ccccn1,Melting temperature,478.0,C,exp
*C(=O)Nc1cc(NC(=O)c2cncc(c2)*)cc(c1)c1nnc(o1)c1ccccn1,Glass transition temperature,185.0,C,exp
*C(=O)Nc1cc(NC(=O)c2cncc(c2)*)cc(c1)c1nnc(o1)c1ccccn1,Thermal decomposition temperature,270.0,C,exp
*C(=O)Nc1cc(NC(=O)c2cncc(c2)*)cc(c1)c1nnc(o1)c1ccccn1,Thermal decomposition weight loss,10.0,%,exp
*C(=O)Nc1cc(NC(=O)c2cncc(c2)*)cc(c1)c1nnc(o1)c1ccccn1,Melting temperature,305.0,C,exp
*C(=O)Nc1cc(cc(c1)C(=O)NCCc1ccc(c(c1)O)O)NC(=O)C(N1C(=O)c2c(C1=O)cc(cc2)*)C(C)C,Thermal decomposition temperature,374.5,C,exp
*C(=O)Nc1cc(cc(c1)C(=O)NCCc1ccc(c(c1)O)O)NC(=O)C(N1C(=O)c2c(C1=O)cc(cc2)*)C(C)C,Thermal decomposition weight loss,7.5,%,exp
*C(=O)Nc1cc(cc(c1)C(=O)Nc1cccnc1)NC(=O)C(N1C(=O)c2c(C1=O)cc(cc2)*)C(C)C,Thermal decomposition temperature,368.0,C,exp
*C(=O)Nc1cc(cc(c1)C(=O)Nc1cccnc1)NC(=O)C(N1C(=O)c2c(C1=O)cc(cc2)*)C(C)C,Thermal decomposition weight loss,5.0,%,exp
*C(=O)Nc1cc(cc(c1Oc1ccc(cc1)C(F)(F)F)NC(=O)c1ccc2c(c1)C(=O)N(C2=O)c1cc(cc(c1Oc1ccc(cc1)C(F)(F)F)N1C(=O)c2c(C1=O)ccc(c2)*)C(F)(F)F)C(F)(F)F,Glass transition temperature,315.0,C,exp
*C(=O)Nc1cc(cc(c1Oc1ccc(cc1)C(F)(F)F)NC(=O)c1ccc2c(c1)C(=O)N(C2=O)c1cc(cc(c1Oc1ccc(cc1)C(F)(F)F)N1C(=O)c2c(C1=O)ccc(c2)*)C(F)(F)F)C(F)(F)F,Thermal decomposition temperature,539.0,C,exp
*C(=O)Nc1cc(cc(c1Oc1ccc(cc1)C(F)(F)F)NC(=O)c1ccc2c(c1)C(=O)N(C2=O)c1cc(cc(c1Oc1ccc(cc1)C(F)(F)F)N1C(=O)c2c(C1=O)ccc(c2)*)C(F)(F)F)C(F)(F)F,Thermal decomposition weight loss,7.5,%,exp
*C(=O)Nc1cc(ccc1Oc1cccc2c1cccc2Oc1ccc(cc1NC(=O)c1ccc2c(c1)C(=O)N(C2=O)c1ccc(c(c1)c1ccccc1)Oc1ccc(cc1c1ccccc1)N1C(=O)c2c(C1=O)cc(cc2)*)C(F)(F)F)C(F)(F)F,Glass transition temperature,376.0,C,exp
*C(=O)Nc1cc(ccc1Oc1cccc2c1cccc2Oc1ccc(cc1NC(=O)c1ccc2c(c1)C(=O)N(C2=O)c1ccc(c(c1)c1ccccc1)Oc1ccc(cc1c1ccccc1)N1C(=O)c2c(C1=O)cc(cc2)*)C(F)(F)F)C(F)(F)F,Thermal decomposition temperature,516.0,C,exp
*C(=O)Nc1cc(ccc1Oc1cccc2c1cccc2Oc1ccc(cc1NC(=O)c1ccc2c(c1)C(=O)N(C2=O)c1ccc(c(c1)c1ccccc1)Oc1ccc(cc1c1ccccc1)N1C(=O)c2c(C1=O)cc(cc2)*)C(F)(F)F)C(F)(F)F,Thermal decomposition weight loss,7.5,%,exp
*C(=O)Nc1ccc(C2(c3ccc(NC(=O)c4cc(*)cc(C(C)(C)C)c4)cc3)c3ccccc3-c3ccccc32)cc1,Co2 Permeability Barrer,37.69999998,Barrer,exp
*C(=O)Nc1ccc(C2(c3ccc(NC(=O)c4cc(*)cc(C(C)(C)C)c4)cc3)c3ccccc3-c3ccccc32)cc1,O2 Permeability Barrer,8.0,Barrer,exp
*C(=O)Nc1ccc(C2(c3ccc(NC(=O)c4cc(*)cc(C(C)(C)C)c4)cc3)c3ccccc3-c3ccccc32)cc1,Co2 Permeability Barrer,37.69999998,Barrer,sim
*C(=O)Nc1ccc(C2(c3ccc(NC(=O)c4cc(*)cc(C(C)(C)C)c4)cc3)c3ccccc3-c3ccccc32)cc1,O2 Permeability Barrer,8.0,Barrer,sim
*C(=O)Nc1ccc(Cc2ccc(NC(=O)c3cc(*)cc(C(C)(C)C)c3)cc2)cc1,Co2 Permeability Barrer,4.959999994,Barrer,exp
*C(=O)Nc1ccc(Cc2ccc(NC(=O)c3cc(*)cc(C(C)(C)C)c3)cc2)cc1,O2 Permeability Barrer,1.159999999,Barrer,exp
*C(=O)Nc1ccc(Cc2ccc(NC(=O)c3cc(*)cc(C(C)(C)C)c3)cc2)cc1,Co2 Permeability Barrer,4.959999994,Barrer,sim
*C(=O)Nc1ccc(Cc2ccc(NC(=O)c3cc(*)cc(C(C)(C)C)c3)cc2)cc1,O2 Permeability Barrer,1.159999999,Barrer,sim
*C(=O)Nc1ccc(c(c1)C(F)(F)F)c1ccc(cc1C(F)(F)F)NC(=O)c1ccc2c(c1)C(=O)N(C2=O)c1c(C)cc(c(c1C)N1C(=O)c2c(C1=O)cc(cc2)*)C,Glass transition temperature,267.0,C,exp
*C(=O)Nc1ccc(c(c1)C(F)(F)F)c1ccc(cc1C(F)(F)F)NC(=O)c1ccc2c(c1)C(=O)N(C2=O)c1c(C)cc(c(c1C)N1C(=O)c2c(C1=O)cc(cc2)*)C,Thermal decomposition temperature,505.0,C,exp
*C(=O)Nc1ccc(c(c1)C(F)(F)F)c1ccc(cc1C(F)(F)F)NC(=O)c1ccc2c(c1)C(=O)N(C2=O)c1c(C)cc(c(c1C)N1C(=O)c2c(C1=O)cc(cc2)*)C,Thermal decomposition weight loss,7.5,%,exp
*C(=O)Nc1ccc(c(c1)C)c1ccc(cc1C)NC(=O)c1ccc2c(c1)C(=O)N(C2=O)c1c(C)cc(c(c1C)N1C(=O)c2c(C1=O)cc(cc2)*)C,Glass transition temperature,259.0,C,exp
*C(=O)Nc1ccc(c(c1)C)c1ccc(cc1C)NC(=O)c1ccc2c(c1)C(=O)N(C2=O)c1c(C)cc(c(c1C)N1C(=O)c2c(C1=O)cc(cc2)*)C,Thermal decomposition temperature,500.5,C,exp
*C(=O)Nc1ccc(c(c1)C)c1ccc(cc1C)NC(=O)c1ccc2c(c1)C(=O)N(C2=O)c1c(C)cc(c(c1C)N1C(=O)c2c(C1=O)cc(cc2)*)C,Thermal decomposition weight loss,7.5,%,exp
*C(=O)Nc1ccc(c(c1)NC(=O)c1ccc2c(c1)C(=O)N(C2=O)c1c(C)c(C)c(c(c1C)C)N1C(=O)c2c(C1=O)cc(cc2)*)N=Nc1ccc(cc1)[N+](=O)[O-],Thermal decomposition temperature,370.0,C,exp
*C(=O)Nc1ccc(c(c1)NC(=O)c1ccc2c(c1)C(=O)N(C2=O)c1c(C)c(C)c(c(c1C)C)N1C(=O)c2c(C1=O)cc(cc2)*)N=Nc1ccc(cc1)[N+](=O)[O-],Thermal decomposition weight loss,5.0,%,exp
*C(=O)Nc1ccc(c(c1)NC(=O)c1ccc2c(c1)C(=O)N(C2=O)c1c(C)cc(cc1C)Cc1cc(C)c(c(c1)C)N1C(=O)c2c(C1=O)cc(cc2)*)N=Nc1ccc(cc1)[N+](=O)[O-],Glass transition temperature,264.0,C,exp
*C(=O)Nc1ccc(c(c1)NC(=O)c1ccc2c(c1)C(=O)N(C2=O)c1c(C)cc(cc1C)Cc1cc(C)c(c(c1)C)N1C(=O)c2c(C1=O)cc(cc2)*)N=Nc1ccc(cc1)[N+](=O)[O-],Thermal decomposition temperature,400.0,C,exp
*C(=O)Nc1ccc(c(c1)NC(=O)c1ccc2c(c1)C(=O)N(C2=O)c1c(C)cc(cc1C)Cc1cc(C)c(c(c1)C)N1C(=O)c2c(C1=O)cc(cc2)*)N=Nc1ccc(cc1)[N+](=O)[O-],Thermal decomposition weight loss,5.0,%,exp
*C(=O)Nc1ccc(c(c1)NC(=O)c1ccc2c(c1)C(=O)N(C2=O)c1c(C)cc(cc1C)c1cc(C)c(c(c1)C)N1C(=O)c2c(C1=O)cc(cc2)*)N=Nc1ccc(cc1)[N+](=O)[O-],Glass transition temperature,278.0,C,exp
*C(=O)Nc1ccc(c(c1)NC(=O)c1ccc2c(c1)C(=O)N(C2=O)c1c(C)cc(cc1C)c1cc(C)c(c(c1)C)N1C(=O)c2c(C1=O)cc(cc2)*)N=Nc1ccc(cc1)[N+](=O)[O-],Thermal decomposition temperature,380.0,C,exp
*C(=O)Nc1ccc(c(c1)NC(=O)c1ccc2c(c1)C(=O)N(C2=O)c1c(C)cc(cc1C)c1cc(C)c(c(c1)C)N1C(=O)c2c(C1=O)cc(cc2)*)N=Nc1ccc(cc1)[N+](=O)[O-],Thermal decomposition weight loss,5.0,%,exp
*C(=O)Nc1ccc(c(c1)NC(=O)c1ccc2c(c1)C(=O)N(C2=O)c1ccc(cc1)Cc1ccc(cc1)N1C(=O)c2c(C1=O)cc(cc2)*)N=Nc1ccc(cc1)[N+](=O)[O-],Thermal decomposition temperature,350.0,C,exp
*C(=O)Nc1ccc(c(c1)NC(=O)c1ccc2c(c1)C(=O)N(C2=O)c1ccc(cc1)Cc1ccc(cc1)N1C(=O)c2c(C1=O)cc(cc2)*)N=Nc1ccc(cc1)[N+](=O)[O-],Thermal decomposition weight loss,5.0,%,exp
*C(=O)Nc1ccc(c(c1)NC(=O)c1ccc2c(c1)C(=O)N(C2=O)c1ccc(cc1C)Cc1ccc(c(c1)C)N1C(=O)c2c(C1=O)cc(cc2)*)N=Nc1ccc(cc1)[N+](=O)[O-],Thermal decomposition temperature,370.0,C,exp
*C(=O)Nc1ccc(c(c1)NC(=O)c1ccc2c(c1)C(=O)N(C2=O)c1ccc(cc1C)Cc1ccc(c(c1)C)N1C(=O)c2c(C1=O)cc(cc2)*)N=Nc1ccc(cc1)[N+](=O)[O-],Thermal decomposition weight loss,5.0,%,exp
*C(=O)Nc1ccc(c(c1)NC(=O)c1ccc2c(c1)C(=O)N(C2=O)c1ccc(cc1C)c1ccc(c(c1)C)N1C(=O)c2c(C1=O)cc(cc2)*)N=Nc1ccc(cc1)[N+](=O)[O-],Thermal decomposition temperature,400.0,C,exp
*C(=O)Nc1ccc(c(c1)NC(=O)c1ccc2c(c1)C(=O)N(C2=O)c1ccc(cc1C)c1ccc(c(c1)C)N1C(=O)c2c(C1=O)cc(cc2)*)N=Nc1ccc(cc1)[N+](=O)[O-],Thermal decomposition weight loss,5.0,%,exp
*C(=O)Nc1ccc(c(c1)NC(=O)c1cccc(n1)*)Oc1ccc(cc1)c1cc(nc(c1)c1ccccc1)c1ccccc1,Glass transition temperature,233.0,C,exp
*C(=O)Nc1ccc(c(c1)NC(=O)c1cccc(n1)*)Oc1ccc(cc1)c1cc(nc(c1)c1ccccc1)c1ccccc1,Thermal decomposition temperature,392.5,C,exp
*C(=O)Nc1ccc(c(c1)NC(=O)c1cccc(n1)*)Oc1ccc(cc1)c1cc(nc(c1)c1ccccc1)c1ccccc1,Thermal decomposition weight loss,7.5,%,exp
*C(=O)Nc1ccc(c(c1)OCCCCCCS(=O)(=O)c1ccc(cc1)C=Cc1ccc(cc1)N(C)C)NC(=O)c1ccc2c(c1)C(=O)N(C2=O)c1ccc(cc1)Oc1ccc(cc1)N1C(=O)c2c(C1=O)cc(cc2)*,Glass transition temperature,192.0,C,exp
*C(=O)Nc1ccc(c(c1)OCCCCCCS(=O)(=O)c1ccc(cc1)C=Cc1ccc(cc1)N(C)C)NC(=O)c1ccc2c(c1)C(=O)N(C2=O)c1ccc(cc1)Oc1ccc(cc1)N1C(=O)c2c(C1=O)cc(cc2)*,Thermal decomposition temperature,236.0,C,exp
*C(=O)Nc1ccc(c(c1)OCCCCCCS(=O)(=O)c1ccc(cc1)C=Cc1ccc(cc1)N(C)C)NC(=O)c1ccc2c(c1)C(=O)N(C2=O)c1ccc(cc1)Oc1ccc(cc1)N1C(=O)c2c(C1=O)cc(cc2)*,Thermal decomposition weight loss,0.0,%,exp
*C(=O)Nc1ccc(c(c1)c1ccccc1)Oc1ccc(cc1c1ccccc1)NC(=O)c1ccc2c(c1)C(=O)N(C2=O)c1cc(cc(c1Oc1ccc(cc1)C(F)(F)F)N1C(=O)c2c(C1=O)cc(cc2)*)C(F)(F)F,Glass transition temperature,312.0,C,exp
*C(=O)Nc1ccc(c(c1)c1ccccc1)Oc1ccc(cc1c1ccccc1)NC(=O)c1ccc2c(c1)C(=O)N(C2=O)c1cc(cc(c1Oc1ccc(cc1)C(F)(F)F)N1C(=O)c2c(C1=O)cc(cc2)*)C(F)(F)F,Thermal decomposition temperature,524.5,C,exp
*C(=O)Nc1ccc(c(c1)c1ccccc1)Oc1ccc(cc1c1ccccc1)NC(=O)c1ccc2c(c1)C(=O)N(C2=O)c1cc(cc(c1Oc1ccc(cc1)C(F)(F)F)N1C(=O)c2c(C1=O)cc(cc2)*)C(F)(F)F,Thermal decomposition weight loss,7.5,%,exp
*C(=O)Nc1ccc(c(c1)c1ccccc1)Oc1ccc(cc1c1ccccc1)NC(=O)c1ccc2c(c1)C(=O)N(C2=O)c1ccc(c(c1)c1ccccc1)Oc1ccc(cc1c1ccccc1)N1C(=O)c2c(C1=O)cc(cc2)*,Glass transition temperature,369.0,C,exp
*C(=O)Nc1ccc(c(c1)c1ccccc1)Oc1ccc(cc1c1ccccc1)NC(=O)c1ccc2c(c1)C(=O)N(C2=O)c1ccc(c(c1)c1ccccc1)Oc1ccc(cc1c1ccccc1)N1C(=O)c2c(C1=O)cc(cc2)*,Thermal decomposition temperature,500.0,C,exp
*C(=O)Nc1ccc(c(c1)c1ccccc1)Oc1ccc(cc1c1ccccc1)NC(=O)c1ccc2c(c1)C(=O)N(C2=O)c1ccc(c(c1)c1ccccc1)Oc1ccc(cc1c1ccccc1)N1C(=O)c2c(C1=O)cc(cc2)*,Thermal decomposition weight loss,7.5,%,exp
*C(=O)Nc1ccc(cc1)C(=O)Nc1ccc(cc1)NC(=O)c1ccc2c(c1)nc([nH]2)c1ccc(cc1)c1nc2c([nH]1)ccc(c2)*,Glass transition temperature,300.0,C,exp
*C(=O)Nc1ccc(cc1)C(=O)Nc1ccc(cc1)NC(=O)c1ccc2c(c1)nc([nH]2)c1ccc(cc1)c1nc2c([nH]1)ccc(c2)*,Thermal decomposition temperature,495.0,C,exp
*C(=O)Nc1ccc(cc1)C(=O)Nc1ccc(cc1)NC(=O)c1ccc2c(c1)nc([nH]2)c1ccc(cc1)c1nc2c([nH]1)ccc(c2)*,Thermal decomposition weight loss,0.0,%,exp
*C(=O)Nc1ccc(cc1)C(=O)Nc1ccc(cc1)NC(=O)c1ccc2c(c1)nc([nH]2)c1cccc(c1)c1nc2c([nH]1)ccc(c2)*,Glass transition temperature,322.0,C,exp
*C(=O)Nc1ccc(cc1)C(=O)Nc1ccc(cc1)NC(=O)c1ccc2c(c1)nc([nH]2)c1cccc(c1)c1nc2c([nH]1)ccc(c2)*,Thermal decomposition temperature,490.0,C,exp
*C(=O)Nc1ccc(cc1)C(=O)Nc1ccc(cc1)NC(=O)c1ccc2c(c1)nc([nH]2)c1cccc(c1)c1nc2c([nH]1)ccc(c2)*,Thermal decomposition weight loss,0.0,%,exp
*C(=O)Nc1ccc(cc1)C(=O)c1ccc(cc1)NC(=O)c1ccc2c(c1)C(=O)N(C2=O)c1cccc(c1)P(=O)(c1cccc(c1)N1C(=O)c2c(C1=O)cc(cc2)*)c1ccccc1,Glass transition temperature,238.0,C,exp
*C(=O)Nc1ccc(cc1)C(=O)c1ccc(cc1)NC(=O)c1ccc2c(c1)C(=O)N(C2=O)c1cccc(c1)P(=O)(c1cccc(c1)N1C(=O)c2c(C1=O)cc(cc2)*)c1ccccc1,Thermal decomposition temperature,690.0,C,exp
*C(=O)Nc1ccc(cc1)C(=O)c1ccc(cc1)NC(=O)c1ccc2c(c1)C(=O)N(C2=O)c1cccc(c1)P(=O)(c1cccc(c1)N1C(=O)c2c(C1=O)cc(cc2)*)c1ccccc1,Thermal decomposition weight loss,22.5,%,exp
*C(=O)Nc1ccc(cc1)C(C(F)(F)F)(C(F)(F)F)c1ccc(cc1)NC(=O)c1ccc(cc1C)N1C(=O)c2c(C1=O)cc(cc2)*,Glass transition temperature,355.0,C,exp
*C(=O)Nc1ccc(cc1)C(C(F)(F)F)(C(F)(F)F)c1ccc(cc1)NC(=O)c1ccc(cc1C)N1C(=O)c2c(C1=O)cc(cc2)*,Thermal decomposition temperature,355.0,C,exp
*C(=O)Nc1ccc(cc1)C(C(F)(F)F)(C(F)(F)F)c1ccc(cc1)NC(=O)c1ccc(cc1C)N1C(=O)c2c(C1=O)cc(cc2)*,Thermal decomposition weight loss,10.0,%,exp
*C(=O)Nc1ccc(cc1)C(C(F)(F)F)(C(F)(F)F)c1ccc(cc1)NC(=O)c1ccc2c(c1)C(=O)N(C2=O)c1c(C)cc(c(c1C)N1C(=O)c2c(C1=O)cc(cc2)*)C,Glass transition temperature,250.0,C,exp
*C(=O)Nc1ccc(cc1)C(C(F)(F)F)(C(F)(F)F)c1ccc(cc1)NC(=O)c1ccc2c(c1)C(=O)N(C2=O)c1c(C)cc(c(c1C)N1C(=O)c2c(C1=O)cc(cc2)*)C,Thermal decomposition temperature,480.0,C,exp
*C(=O)Nc1ccc(cc1)C(C(F)(F)F)(C(F)(F)F)c1ccc(cc1)NC(=O)c1ccc2c(c1)C(=O)N(C2=O)c1c(C)cc(c(c1C)N1C(=O)c2c(C1=O)cc(cc2)*)C,Thermal decomposition weight loss,10.0,%,exp
*C(=O)Nc1ccc(cc1)C(C(F)(F)F)(C(F)(F)F)c1ccc(cc1)NC(=O)c1ccc2c(c1)C(=O)N(C2=O)c1c(C)cc(c2c1cccc2)c1cc(C)c(c2c1cccc2)N1C(=O)c2c(C1=O)cc(cc2)*,Glass transition temperature,250.0,C,exp
*C(=O)Nc1ccc(cc1)C(C(F)(F)F)(C(F)(F)F)c1ccc(cc1)NC(=O)c1ccc2c(c1)C(=O)N(C2=O)c1c(C)cc(c2c1cccc2)c1cc(C)c(c2c1cccc2)N1C(=O)c2c(C1=O)cc(cc2)*,Thermal decomposition temperature,480.0,C,exp
*C(=O)Nc1ccc(cc1)C(C(F)(F)F)(C(F)(F)F)c1ccc(cc1)NC(=O)c1ccc2c(c1)C(=O)N(C2=O)c1c(C)cc(c2c1cccc2)c1cc(C)c(c2c1cccc2)N1C(=O)c2c(C1=O)cc(cc2)*,Thermal decomposition weight loss,10.0,%,exp
*C(=O)Nc1ccc(cc1)C(C(F)(F)F)(C(F)(F)F)c1ccc(cc1)NC(=O)c1ccc2c(c1)C(=O)N(C2=O)c1c(C)cc(cc1C)c1cc(C)c(c(c1)C)N1C(=O)c2c(C1=O)cc(cc2)*,Glass transition temperature,386.0,C,exp
*C(=O)Nc1ccc(cc1)C(C(F)(F)F)(C(F)(F)F)c1ccc(cc1)NC(=O)c1ccc2c(c1)C(=O)N(C2=O)c1c(C)cc(cc1C)c1cc(C)c(c(c1)C)N1C(=O)c2c(C1=O)cc(cc2)*,Thermal decomposition temperature,480.0,C,exp
*C(=O)Nc1ccc(cc1)C(C(F)(F)F)(C(F)(F)F)c1ccc(cc1)NC(=O)c1ccc2c(c1)C(=O)N(C2=O)c1c(C)cc(cc1C)c1cc(C)c(c(c1)C)N1C(=O)c2c(C1=O)cc(cc2)*,Thermal decomposition weight loss,10.0,%,exp
*C(=O)Nc1ccc(cc1)C(C(F)(F)F)(C(F)(F)F)c1ccc(cc1)NC(=O)c1ccc2c(c1)C(=O)N(C2=O)c1ccc(cc1)Oc1ccc2c(c1)cc(cc2)Oc1ccc(cc1)N1C(=O)c2c(C1=O)cc(cc2)*,Elongation at break,14.0,%,exp
*C(=O)Nc1ccc(cc1)C(C(F)(F)F)(C(F)(F)F)c1ccc(cc1)NC(=O)c1ccc2c(c1)C(=O)N(C2=O)c1ccc(cc1)Oc1ccc2c(c1)cc(cc2)Oc1ccc(cc1)N1C(=O)c2c(C1=O)cc(cc2)*,Tensile stress strength at break,0.071,GPa,exp
*C(=O)Nc1ccc(cc1)C(C(F)(F)F)(C(F)(F)F)c1ccc(cc1)NC(=O)c1ccc2c(c1)C(=O)N(C2=O)c1ccc(cc1)Oc1ccc2c(c1)cc(cc2)Oc1ccc(cc1)N1C(=O)c2c(C1=O)cc(cc2)*,Glass transition temperature,292.0,C,exp
*C(=O)Nc1ccc(cc1)C(C(F)(F)F)(C(F)(F)F)c1ccc(cc1)NC(=O)c1ccc2c(c1)C(=O)N(C2=O)c1ccc(cc1)Oc1ccc2c(c1)cc(cc2)Oc1ccc(cc1)N1C(=O)c2c(C1=O)cc(cc2)*,Thermal decomposition temperature,532.0,C,exp
*C(=O)Nc1ccc(cc1)C(C(F)(F)F)(C(F)(F)F)c1ccc(cc1)NC(=O)c1ccc2c(c1)C(=O)N(C2=O)c1ccc(cc1)Oc1ccc2c(c1)cc(cc2)Oc1ccc(cc1)N1C(=O)c2c(C1=O)cc(cc2)*,Thermal decomposition weight loss,10.0,%,exp
*C(=O)Nc1ccc(cc1)C(C(F)(F)F)(C(F)(F)F)c1ccc(cc1)NC(=O)c1ccc2c(c1)C(=O)N(C2=O)c1ccc(cc1)Oc1cccc2c1cccc2Oc1ccc(cc1)N1C(=O)c2c(C1=O)cc(cc2)*,Elongation at break,7.0,%,exp
*C(=O)Nc1ccc(cc1)C(C(F)(F)F)(C(F)(F)F)c1ccc(cc1)NC(=O)c1ccc2c(c1)C(=O)N(C2=O)c1ccc(cc1)Oc1cccc2c1cccc2Oc1ccc(cc1)N1C(=O)c2c(C1=O)cc(cc2)*,Tensile stress strength at break,0.086,GPa,exp
*C(=O)Nc1ccc(cc1)C(C(F)(F)F)(C(F)(F)F)c1ccc(cc1)NC(=O)c1ccc2c(c1)C(=O)N(C2=O)c1ccc(cc1)Oc1cccc2c1cccc2Oc1ccc(cc1)N1C(=O)c2c(C1=O)cc(cc2)*,Glass transition temperature,283.0,C,exp
*C(=O)Nc1ccc(cc1)C(C(F)(F)F)(C(F)(F)F)c1ccc(cc1)NC(=O)c1ccc2c(c1)C(=O)N(C2=O)c1ccc(cc1)Oc1cccc2c1cccc2Oc1ccc(cc1)N1C(=O)c2c(C1=O)cc(cc2)*,Thermal decomposition temperature,529.0,C,exp
*C(=O)Nc1ccc(cc1)C(C(F)(F)F)(C(F)(F)F)c1ccc(cc1)NC(=O)c1ccc2c(c1)C(=O)N(C2=O)c1ccc(cc1)Oc1cccc2c1cccc2Oc1ccc(cc1)N1C(=O)c2c(C1=O)cc(cc2)*,Thermal decomposition weight loss,10.0,%,exp
*C(=O)Nc1ccc(cc1)C(C(F)(F)F)(C(F)(F)F)c1ccc(cc1)NC(=O)c1ccc2c(c1)C(=O)N(C2=O)c1cccc2c1cccc2N1C(=O)c2c(C1=O)cc(cc2)*,Glass transition temperature,250.0,C,exp
*C(=O)Nc1ccc(cc1)C(C(F)(F)F)(C(F)(F)F)c1ccc(cc1)NC(=O)c1ccc2c(c1)C(=O)N(C2=O)c1cccc2c1cccc2N1C(=O)c2c(C1=O)cc(cc2)*,Thermal decomposition temperature,480.0,C,exp
*C(=O)Nc1ccc(cc1)C(C(F)(F)F)(C(F)(F)F)c1ccc(cc1)NC(=O)c1ccc2c(c1)C(=O)N(C2=O)c1cccc2c1cccc2N1C(=O)c2c(C1=O)cc(cc2)*,Thermal decomposition weight loss,10.0,%,exp
*C(=O)Nc1ccc(cc1)C1(CC(C)CC(C1)(C)C)c1ccc(cc1)N1C(=O)c2c(C1=O)cc(cc2)*,Tensile stress strength at break,0.079,GPa,exp
*C(=O)Nc1ccc(cc1)C1(CC(C)CC(C1)(C)C)c1ccc(cc1)N1C(=O)c2c(C1=O)cc(cc2)*,Glass transition temperature,328.0,C,exp
*C(=O)Nc1ccc(cc1)C1(CC(C)CC(C1)(C)C)c1ccc(cc1)N1C(=O)c2c(C1=O)cc(cc2)*,Thermal decomposition temperature,593.5,C,exp
*C(=O)Nc1ccc(cc1)C1(CC(C)CC(C1)(C)C)c1ccc(cc1)N1C(=O)c2c(C1=O)cc(cc2)*,Thermal decomposition weight loss,36.1,%,exp
*C(=O)Nc1ccc(cc1)C1(CCC(CC1)C(C)(C)C)c1ccc(cc1)N1C(=O)c2c(C1=O)cc(cc2)*,Tensile stress strength at break,0.083,GPa,exp
*C(=O)Nc1ccc(cc1)C1(CCC(CC1)C(C)(C)C)c1ccc(cc1)N1C(=O)c2c(C1=O)cc(cc2)*,Glass transition temperature,331.0,C,exp
*C(=O)Nc1ccc(cc1)C1(CCC(CC1)C(C)(C)C)c1ccc(cc1)N1C(=O)c2c(C1=O)cc(cc2)*,Thermal decomposition temperature,584.5,C,exp
*C(=O)Nc1ccc(cc1)C1(CCC(CC1)C(C)(C)C)c1ccc(cc1)N1C(=O)c2c(C1=O)cc(cc2)*,Thermal decomposition weight loss,34.7,%,exp
*C(=O)Nc1ccc(cc1)C1(CCCCC1)c1ccc(cc1)N1C(=O)c2c(C1=O)cc(cc2)*,Tensile stress strength at break,0.092,GPa,exp
*C(=O)Nc1ccc(cc1)C1(CCCCC1)c1ccc(cc1)N1C(=O)c2c(C1=O)cc(cc2)*,Glass transition temperature,319.0,C,exp
*C(=O)Nc1ccc(cc1)C1(CCCCC1)c1ccc(cc1)N1C(=O)c2c(C1=O)cc(cc2)*,Thermal decomposition temperature,596.5,C,exp
*C(=O)Nc1ccc(cc1)C1(CCCCC1)c1ccc(cc1)N1C(=O)c2c(C1=O)cc(cc2)*,Thermal decomposition weight loss,33.7,%,exp
*C(=O)Nc1ccc(cc1)C1(c2ccc(cc2)NC(=O)c2ccc3c(c2)C(=O)N(C3=O)c2ccc(cc2)C2(c3ccc(cc3)N3C(=O)c4c(C3=O)cc(cc4)*)c3ccccc3-c3c2cccc3)c2ccccc2-c2c1cccc2,Thermal decomposition temperature,494.0,C,exp
*C(=O)Nc1ccc(cc1)C1(c2ccc(cc2)NC(=O)c2ccc3c(c2)C(=O)N(C3=O)c2ccc(cc2)C2(c3ccc(cc3)N3C(=O)c4c(C3=O)cc(cc4)*)c3ccccc3-c3c2cccc3)c2ccccc2-c2c1cccc2,Thermal decomposition weight loss,5.0,%,exp
*C(=O)Nc1ccc(cc1)C1(c2ccc(cc2)NC(=O)c2ccc3c(c2)C(=O)N(C3=O)c2ccc(cc2)Oc2ccc(cc2)N2C(=O)c3c(C2=O)cc(cc3)*)c2ccccc2-c2c1cccc2,Glass transition temperature,240.0,C,exp
*C(=O)Nc1ccc(cc1)C1(c2ccc(cc2)NC(=O)c2ccc3c(c2)C(=O)N(C3=O)c2ccc(cc2)Oc2ccc(cc2)N2C(=O)c3c(C2=O)cc(cc3)*)c2ccccc2-c2c1cccc2,Thermal decomposition temperature,475.0,C,exp
*C(=O)Nc1ccc(cc1)C1(c2ccc(cc2)NC(=O)c2ccc3c(c2)C(=O)N(C3=O)c2ccc(cc2)Oc2ccc(cc2)N2C(=O)c3c(C2=O)cc(cc3)*)c2ccccc2-c2c1cccc2,Thermal decomposition weight loss,5.0,%,exp
*C(=O)Nc1ccc(cc1)C1(c2ccc(cc2)NC(=O)c2ccc3c(c2)C(=O)N(C3=O)c2ccc(cc2)Oc2cccc(c2)Oc2ccc(cc2)N2C(=O)c3c(C2=O)cc(cc3)*)c2ccccc2-c2c1cccc2,Glass transition temperature,278.0,C,exp
*C(=O)Nc1ccc(cc1)C1(c2ccc(cc2)NC(=O)c2ccc3c(c2)C(=O)N(C3=O)c2ccc(cc2)Oc2cccc(c2)Oc2ccc(cc2)N2C(=O)c3c(C2=O)cc(cc3)*)c2ccccc2-c2c1cccc2,Thermal decomposition temperature,492.0,C,exp
*C(=O)Nc1ccc(cc1)C1(c2ccc(cc2)NC(=O)c2ccc3c(c2)C(=O)N(C3=O)c2ccc(cc2)Oc2cccc(c2)Oc2ccc(cc2)N2C(=O)c3c(C2=O)cc(cc3)*)c2ccccc2-c2c1cccc2,Thermal decomposition weight loss,5.0,%,exp
*C(=O)Nc1ccc(cc1)C1(c2ccc(cc2)NC(=O)c2ccc3c(c2)C(=O)N(C3=O)c2ccc(cc2)Oc2cccc3c2cccc3Oc2ccc(cc2)N2C(=O)c3c(C2=O)cc(cc3)*)c2ccccc2-c2c1cccc2,Elongation at break,5.0,%,exp
*C(=O)Nc1ccc(cc1)C1(c2ccc(cc2)NC(=O)c2ccc3c(c2)C(=O)N(C3=O)c2ccc(cc2)Oc2cccc3c2cccc3Oc2ccc(cc2)N2C(=O)c3c(C2=O)cc(cc3)*)c2ccccc2-c2c1cccc2,Tensile stress strength at break,0.083,GPa,exp
*C(=O)Nc1ccc(cc1)C1(c2ccc(cc2)NC(=O)c2ccc3c(c2)C(=O)N(C3=O)c2ccc(cc2)Oc2cccc3c2cccc3Oc2ccc(cc2)N2C(=O)c3c(C2=O)cc(cc3)*)c2ccccc2-c2c1cccc2,Thermal decomposition temperature,529.0,C,exp
*C(=O)Nc1ccc(cc1)C1(c2ccc(cc2)NC(=O)c2ccc3c(c2)C(=O)N(C3=O)c2ccc(cc2)Oc2cccc3c2cccc3Oc2ccc(cc2)N2C(=O)c3c(C2=O)cc(cc3)*)c2ccccc2-c2c1cccc2,Thermal decomposition weight loss,10.0,%,exp
*C(=O)Nc1ccc(cc1)C1(c2ccc(cc2)NC(=O)c2ccc3c(c2)C(=O)N(C3=O)c2ccc(cc2)Sc2ccc(cc2)Oc2ccc(cc2)Sc2ccc(cc2)N2C(=O)c3c(C2=O)cc(cc3)*)c2ccccc2-c2c1cccc2,Glass transition temperature,264.0,C,exp
*C(=O)Nc1ccc(cc1)C1(c2ccc(cc2)NC(=O)c2ccc3c(c2)C(=O)N(C3=O)c2ccc(cc2)Sc2ccc(cc2)Oc2ccc(cc2)Sc2ccc(cc2)N2C(=O)c3c(C2=O)cc(cc3)*)c2ccccc2-c2c1cccc2,Thermal decomposition temperature,471.5,C,exp
*C(=O)Nc1ccc(cc1)C1(c2ccc(cc2)NC(=O)c2ccc3c(c2)C(=O)N(C3=O)c2ccc(cc2)Sc2ccc(cc2)Oc2ccc(cc2)Sc2ccc(cc2)N2C(=O)c3c(C2=O)cc(cc3)*)c2ccccc2-c2c1cccc2,Thermal decomposition weight loss,5.0,%,exp
*C(=O)Nc1ccc(cc1)C1(c2ccc(cc2)NC(=O)c2ccc3c(c2)C(=O)N(C3=O)c2cccc(c2)N2C(=O)c3c(C2=O)cc(cc3)*)c2ccccc2-c2c1cccc2,Glass transition temperature,209.0,C,exp
*C(=O)Nc1ccc(cc1)C1(c2ccc(cc2)NC(=O)c2ccc3c(c2)C(=O)N(C3=O)c2cccc3c2cccc3N2C(=O)c3c(C2=O)cc(cc3)*)c2ccccc2-c2c1cccc2,Thermal decomposition temperature,483.0,C,exp
*C(=O)Nc1ccc(cc1)C1(c2ccc(cc2)NC(=O)c2ccc3c(c2)C(=O)N(C3=O)c2cccc3c2cccc3N2C(=O)c3c(C2=O)cc(cc3)*)c2ccccc2-c2c1cccc2,Thermal decomposition weight loss,5.0,%,exp
*C(=O)Nc1ccc(cc1)Cc1ccc(cc1)N1C(=O)CC(C1=O)N1C(=O)c2c(C1=O)cc(cc2)*,Glass transition temperature,123.0,C,exp
*C(=O)Nc1ccc(cc1)Cc1ccc(cc1)N1C(=O)CC(C1=O)N1C(=O)c2c(C1=O)cc(cc2)*,Thermal decomposition temperature,200.0,C,exp
*C(=O)Nc1ccc(cc1)Cc1ccc(cc1)N1C(=O)CC(C1=O)N1C(=O)c2c(C1=O)cc(cc2)*,Thermal decomposition weight loss,10.0,%,exp
*C(=O)Nc1ccc(cc1)Cc1ccc(cc1)N1C(=O)c2c(C1=O)cc(cc2)*,Glass transition temperature,279.5,C,exp
*C(=O)Nc1ccc(cc1)Cc1ccc(cc1)N1C(=O)c2c(C1=O)cc(cc2)*,Thermal decomposition temperature,630.0,C,exp
*C(=O)Nc1ccc(cc1)Cc1ccc(cc1)N1C(=O)c2c(C1=O)cc(cc2)*,Thermal decomposition weight loss,23.5,%,exp
*C(=O)Nc1ccc(cc1)Cc1ccc(cc1)NC(=O)c1ccc(cc1)N1C(=O)c2c(C1=O)cc(cc2)*,Glass transition temperature,222.0,C,exp
*C(=O)Nc1ccc(cc1)Cc1ccc(cc1)NC(=O)c1ccc(cc1)N1C(=O)c2c(C1=O)cc(cc2)*,Thermal decomposition temperature,300.0,C,exp
*C(=O)Nc1ccc(cc1)Cc1ccc(cc1)NC(=O)c1ccc(cc1)N1C(=O)c2c(C1=O)cc(cc2)*,Thermal decomposition weight loss,0.0,%,exp
*C(=O)Nc1ccc(cc1)Cc1ccc(cc1)NC(=O)c1ccc2c(c1)C(=O)N(C2=O)c1ccc(c(c1)N1C(=O)c2c(C1=O)cc(cc2)*)N=Nc1ccc(cc1)C,Glass transition temperature,268.0,C,exp
*C(=O)Nc1ccc(cc1)Cc1ccc(cc1)NC(=O)c1ccc2c(c1)C(=O)N(C2=O)c1ccc(c(c1)N1C(=O)c2c(C1=O)cc(cc2)*)N=Nc1ccc(cc1)C,Thermal decomposition temperature,445.0,C,exp
*C(=O)Nc1ccc(cc1)Cc1ccc(cc1)NC(=O)c1ccc2c(c1)C(=O)N(C2=O)c1ccc(c(c1)N1C(=O)c2c(C1=O)cc(cc2)*)N=Nc1ccc(cc1)C,Thermal decomposition weight loss,5.0,%,exp
*C(=O)Nc1ccc(cc1)Cc1ccc(cc1)NC(=O)c1ccc2c(c1)C(=O)N(C2=O)c1ccc(cc1)Oc1ccc(cc1)C1(NC(=O)c2c1cccc2)c1ccc(cc1)Oc1ccc(cc1)N1C(=O)c2c(C1=O)cc(cc2)*,Elongation at break,12.0,%,exp
*C(=O)Nc1ccc(cc1)Cc1ccc(cc1)NC(=O)c1ccc2c(c1)C(=O)N(C2=O)c1ccc(cc1)Oc1ccc(cc1)C1(NC(=O)c2c1cccc2)c1ccc(cc1)Oc1ccc(cc1)N1C(=O)c2c(C1=O)cc(cc2)*,Tensile stress strength at break,0.08,GPa,exp
*C(=O)Nc1ccc(cc1)Cc1ccc(cc1)NC(=O)c1ccc2c(c1)C(=O)N(C2=O)c1ccc(cc1)Oc1ccc(cc1)C1(NC(=O)c2c1cccc2)c1ccc(cc1)Oc1ccc(cc1)N1C(=O)c2c(C1=O)cc(cc2)*,Thermal decomposition temperature,499.5,C,exp
*C(=O)Nc1ccc(cc1)Cc1ccc(cc1)NC(=O)c1ccc2c(c1)C(=O)N(C2=O)c1ccc(cc1)Oc1ccc(cc1)C1(NC(=O)c2c1cccc2)c1ccc(cc1)Oc1ccc(cc1)N1C(=O)c2c(C1=O)cc(cc2)*,Thermal decomposition weight loss,10.0,%,exp
*C(=O)Nc1ccc(cc1)Cc1ccc(cc1)NC(=O)c1ccc2c(c1)C(=O)N(C2=O)c1ccc(cc1)Oc1ccc(cc1)N1C(=O)c2c(C1=O)cc(cc2)*,Glass transition temperature,270.0,C,exp
*C(=O)Nc1ccc(cc1)Cc1ccc(cc1)NC(=O)c1ccc2c(c1)C(=O)N(C2=O)c1ccc(cc1)Oc1ccc(cc1)N1C(=O)c2c(C1=O)cc(cc2)*,Thermal decomposition temperature,454.0,C,exp
*C(=O)Nc1ccc(cc1)Cc1ccc(cc1)NC(=O)c1ccc2c(c1)C(=O)N(C2=O)c1ccc(cc1)Oc1ccc(cc1)N1C(=O)c2c(C1=O)cc(cc2)*,Thermal decomposition weight loss,5.0,%,exp
*C(=O)Nc1ccc(cc1)Cc1ccc(cc1)NC(=O)c1ccc2c(c1)C(=O)N(C2=O)c1ccc(cc1)Oc1ccc2c(c1)cc(cc2)Oc1ccc(cc1)N1C(=O)c2c(C1=O)cc(cc2)*,Glass transition temperature,273.0,C,exp
*C(=O)Nc1ccc(cc1)Cc1ccc(cc1)NC(=O)c1ccc2c(c1)C(=O)N(C2=O)c1ccc(cc1)Oc1ccc2c(c1)cc(cc2)Oc1ccc(cc1)N1C(=O)c2c(C1=O)cc(cc2)*,Thermal decomposition temperature,524.0,C,exp
*C(=O)Nc1ccc(cc1)Cc1ccc(cc1)NC(=O)c1ccc2c(c1)C(=O)N(C2=O)c1ccc(cc1)Oc1ccc2c(c1)cc(cc2)Oc1ccc(cc1)N1C(=O)c2c(C1=O)cc(cc2)*,Thermal decomposition weight loss,10.0,%,exp
*C(=O)Nc1ccc(cc1)Cc1ccc(cc1)NC(=O)c1ccc2c(c1)C(=O)N(C2=O)c1ccc(cc1)Oc1cccc2c1cccc2Oc1ccc(cc1)N1C(=O)c2c(C1=O)cc(cc2)*,Thermal decomposition temperature,514.0,C,exp
*C(=O)Nc1ccc(cc1)Cc1ccc(cc1)NC(=O)c1ccc2c(c1)C(=O)N(C2=O)c1ccc(cc1)Oc1cccc2c1cccc2Oc1ccc(cc1)N1C(=O)c2c(C1=O)cc(cc2)*,Thermal decomposition weight loss,10.0,%,exp
*C(=O)Nc1ccc(cc1)Cc1ccc(cc1)NC(=O)c1ccc2c(c1)C(=O)N(C2=O)c1ccc(cc1)S(=O)(=O)c1ccc(cc1)N1C(=O)c2c(C1=O)cc(cc2)*,Glass transition temperature,324.0,C,exp
*C(=O)Nc1ccc(cc1)Cc1ccc(cc1)NC(=O)c1ccc2c(c1)C(=O)N(C2=O)c1ccc(cc1)S(=O)(=O)c1ccc(cc1)N1C(=O)c2c(C1=O)cc(cc2)*,Thermal decomposition temperature,400.0,C,exp
*C(=O)Nc1ccc(cc1)Cc1ccc(cc1)NC(=O)c1ccc2c(c1)C(=O)N(C2=O)c1ccc(cc1)c1sc(c(c1c1ccccc1)c1ccccc1)c1ccc(cc1)N1C(=O)c2c(C1=O)cc(cc2)*,Elongation at break,32.5,%,exp
*C(=O)Nc1ccc(cc1)Cc1ccc(cc1)NC(=O)c1ccc2c(c1)C(=O)N(C2=O)c1ccc(cc1)c1sc(c(c1c1ccccc1)c1ccccc1)c1ccc(cc1)N1C(=O)c2c(C1=O)cc(cc2)*,Tensile stress strength at break,0.058,GPa,exp
*C(=O)Nc1ccc(cc1)Cc1ccc(cc1)NC(=O)c1ccc2c(c1)C(=O)N(C2=O)c1ccc(cc1)c1sc(c(c1c1ccccc1)c1ccccc1)c1ccc(cc1)N1C(=O)c2c(C1=O)cc(cc2)*,Glass transition temperature,253.0,C,exp
*C(=O)Nc1ccc(cc1)Cc1ccc(cc1)NC(=O)c1ccc2c(c1)C(=O)N(C2=O)c1ccc(cc1)c1sc(c(c1c1ccccc1)c1ccccc1)c1ccc(cc1)N1C(=O)c2c(C1=O)cc(cc2)*,Thermal decomposition temperature,684.5,C,exp
*C(=O)Nc1ccc(cc1)Cc1ccc(cc1)NC(=O)c1ccc2c(c1)C(=O)N(C2=O)c1ccc(cc1)c1sc(c(c1c1ccccc1)c1ccccc1)c1ccc(cc1)N1C(=O)c2c(C1=O)cc(cc2)*,Thermal decomposition weight loss,24.3,%,exp
*C(=O)Nc1ccc(cc1)Cc1ccc(cc1)NC(=O)c1ccc2c(c1)C(=O)N(C2=O)c1cccc(c1)P(=O)(c1cccc(c1)N1C(=O)c2c(C1=O)cc(cc2)*)c1ccccc1,Glass transition temperature,233.0,C,exp
*C(=O)Nc1ccc(cc1)Cc1ccc(cc1)NC(=O)c1ccc2c(c1)C(=O)N(C2=O)c1cccc(c1)P(=O)(c1cccc(c1)N1C(=O)c2c(C1=O)cc(cc2)*)c1ccccc1,Thermal decomposition temperature,666.0,C,exp
*C(=O)Nc1ccc(cc1)Cc1ccc(cc1)NC(=O)c1ccc2c(c1)C(=O)N(C2=O)c1cccc(c1)P(=O)(c1cccc(c1)N1C(=O)c2c(C1=O)cc(cc2)*)c1ccccc1,Thermal decomposition weight loss,24.0,%,exp
*C(=O)Nc1ccc(cc1)N1C(=O)CC(C1=O)N1C(=O)c2c(C1=O)cc(cc2)*,Glass transition temperature,120.0,C,exp
*C(=O)Nc1ccc(cc1)N1C(=O)CC(C1=O)N1C(=O)c2c(C1=O)cc(cc2)*,Thermal decomposition temperature,170.0,C,exp
*C(=O)Nc1ccc(cc1)N1C(=O)CC(C1=O)N1C(=O)c2c(C1=O)cc(cc2)*,Thermal decomposition weight loss,10.0,%,exp
*C(=O)Nc1ccc(cc1)NC(=O)c1ccc(cc1)N1C(=O)c2c(C1=O)cc(cc2)*,Glass transition temperature,297.5,C,exp
*C(=O)Nc1ccc(cc1)NC(=O)c1ccc(cc1)N1C(=O)c2c(C1=O)cc(cc2)*,Thermal decomposition temperature,400.0,C,exp
*C(=O)Nc1ccc(cc1)NC(=O)c1ccc(cc1)N1C(=O)c2c(C1=O)cc(cc2)*,Thermal decomposition weight loss,5.0,%,exp
*C(=O)Nc1ccc(cc1)NC(=O)c1ccc(cc1)NC(=O)c1ccc(cc1)c1nc2c([nH]1)ccc(c2)*,Elongation at break,6.7,%,exp
*C(=O)Nc1ccc(cc1)NC(=O)c1ccc(cc1)NC(=O)c1ccc(cc1)c1nc2c([nH]1)ccc(c2)*,Tensile stress strength at break,0.171,GPa,exp
*C(=O)Nc1ccc(cc1)NC(=O)c1ccc(cc1)NC(=O)c1ccc(cc1)c1nc2c([nH]1)ccc(c2)*,Glass transition temperature,295.0,C,exp
*C(=O)Nc1ccc(cc1)NC(=O)c1ccc(cc1)NC(=O)c1ccc(cc1)c1nc2c([nH]1)ccc(c2)*,Thermal decomposition temperature,495.0,C,exp
*C(=O)Nc1ccc(cc1)NC(=O)c1ccc(cc1)NC(=O)c1ccc(cc1)c1nc2c([nH]1)ccc(c2)*,Thermal decomposition weight loss,0.0,%,exp
*C(=O)Nc1ccc(cc1)NC(=O)c1ccc2c(c1)C(=O)N(C2=O)c1c(C)cc(c(c1C)N1C(=O)c2c(C1=O)cc(cc2)*)C,Glass transition temperature,327.0,C,exp
*C(=O)Nc1ccc(cc1)NC(=O)c1ccc2c(c1)C(=O)N(C2=O)c1c(C)cc(c(c1C)N1C(=O)c2c(C1=O)cc(cc2)*)C,Thermal decomposition temperature,526.5,C,exp
*C(=O)Nc1ccc(cc1)NC(=O)c1ccc2c(c1)C(=O)N(C2=O)c1c(C)cc(c(c1C)N1C(=O)c2c(C1=O)cc(cc2)*)C,Thermal decomposition weight loss,7.5,%,exp
*C(=O)Nc1ccc(cc1)NC(=O)c1ccc2c(c1)C(=O)N(C2=O)c1cc(cc(c1)N1C(=O)c2c(C1=O)cc(cc2)*)c1oc2c(n1)cccc2,Thermal decomposition temperature,561.0,C,exp
*C(=O)Nc1ccc(cc1)NC(=O)c1ccc2c(c1)C(=O)N(C2=O)c1cc(cc(c1)N1C(=O)c2c(C1=O)cc(cc2)*)c1oc2c(n1)cccc2,Thermal decomposition weight loss,10.0,%,exp
*C(=O)Nc1ccc(cc1)NC(=O)c1ccc2c(c1)C(=O)N(C2=O)c1cc(cc(c1)N1C(=O)c2c(C1=O)cc(cc2)*)c1sc2c(n1)cccc2,Glass transition temperature,356.0,C,exp
*C(=O)Nc1ccc(cc1)NC(=O)c1ccc2c(c1)C(=O)N(C2=O)c1cc(cc(c1)N1C(=O)c2c(C1=O)cc(cc2)*)c1sc2c(n1)cccc2,Thermal decomposition temperature,552.0,C,exp
*C(=O)Nc1ccc(cc1)NC(=O)c1ccc2c(c1)C(=O)N(C2=O)c1cc(cc(c1)N1C(=O)c2c(C1=O)cc(cc2)*)c1sc2c(n1)cccc2,Thermal decomposition weight loss,10.0,%,exp
*C(=O)Nc1ccc(cc1)NC(=O)c1ccc2c(c1)C(=O)N(C2=O)c1ccc(cc1)Oc1ccc(cc1)C1(NC(=O)c2c1cccc2)c1ccc(cc1)Oc1ccc(cc1)N1C(=O)c2c(C1=O)cc(cc2)*,Thermal decomposition temperature,515.0,C,exp
*C(=O)Nc1ccc(cc1)NC(=O)c1ccc2c(c1)C(=O)N(C2=O)c1ccc(cc1)Oc1ccc(cc1)C1(NC(=O)c2c1cccc2)c1ccc(cc1)Oc1ccc(cc1)N1C(=O)c2c(C1=O)cc(cc2)*,Thermal decomposition weight loss,10.0,%,exp
*C(=O)Nc1ccc(cc1)NC(=O)c1ccc2c(c1)C(=O)N(C2=O)c1ccc(cc1)Oc1ccc(cc1)N1C(=O)c2c(C1=O)cc(cc2)*,Thermal decomposition temperature,506.0,C,exp
*C(=O)Nc1ccc(cc1)NC(=O)c1ccc2c(c1)C(=O)N(C2=O)c1ccc(cc1)Oc1ccc(cc1)N1C(=O)c2c(C1=O)cc(cc2)*,Thermal decomposition weight loss,5.0,%,exp
*C(=O)Nc1ccc(cc1)NC(=O)c1ccc2c(c1)C(=O)N(C2=O)c1ccc(cc1)Oc1ccc2c(c1)cc(cc2)Oc1ccc(cc1)N1C(=O)c2c(C1=O)cc(cc2)*,Thermal decomposition temperature,523.5,C,exp
*C(=O)Nc1ccc(cc1)NC(=O)c1ccc2c(c1)C(=O)N(C2=O)c1ccc(cc1)Oc1ccc2c(c1)cc(cc2)Oc1ccc(cc1)N1C(=O)c2c(C1=O)cc(cc2)*,Thermal decomposition weight loss,10.0,%,exp
*C(=O)Nc1ccc(cc1)NC(=O)c1ccc2c(c1)C(=O)N(C2=O)c1ccc(cc1)Oc1ccc2c(c1)cc(cc2)Oc1ccc(cc1)N1C(=O)c2c(C1=O)cc(cc2)*,Melting temperature,460.0,C,exp
*C(=O)Nc1ccc(cc1)NC(=O)c1ccc2c(c1)C(=O)N(C2=O)c1ccc(cc1)Oc1cccc2c1cccc2N1C(=O)c2c(C1=O)cc(cc2)*,Glass transition temperature,307.0,C,exp
*C(=O)Nc1ccc(cc1)NC(=O)c1ccc2c(c1)C(=O)N(C2=O)c1ccc(cc1)Oc1cccc2c1cccc2N1C(=O)c2c(C1=O)cc(cc2)*,Thermal decomposition temperature,539.0,C,exp
*C(=O)Nc1ccc(cc1)NC(=O)c1ccc2c(c1)C(=O)N(C2=O)c1ccc(cc1)Oc1cccc2c1cccc2N1C(=O)c2c(C1=O)cc(cc2)*,Thermal decomposition weight loss,10.0,%,exp
*C(=O)Nc1ccc(cc1)NC(=O)c1ccc2c(c1)C(=O)N(C2=O)c1ccc(cc1)Oc1cccc2c1cccc2Oc1ccc(cc1)N1C(=O)c2c(C1=O)cc(cc2)*,Thermal decomposition temperature,514.5,C,exp
*C(=O)Nc1ccc(cc1)NC(=O)c1ccc2c(c1)C(=O)N(C2=O)c1ccc(cc1)Oc1cccc2c1cccc2Oc1ccc(cc1)N1C(=O)c2c(C1=O)cc(cc2)*,Thermal decomposition weight loss,10.0,%,exp
*C(=O)Nc1ccc(cc1)NC(=O)c1ccc2c(c1)C(=O)N(C2=O)c1ccc(cc1)S(=O)(=O)c1ccc(cc1)N1C(=O)c2c(C1=O)cc(cc2)*,Glass transition temperature,368.0,C,exp
*C(=O)Nc1ccc(cc1)NC(=O)c1ccc2c(c1)C(=O)N(C2=O)c1ccc(cc1)S(=O)(=O)c1ccc(cc1)N1C(=O)c2c(C1=O)cc(cc2)*,Thermal decomposition temperature,450.0,C,exp
*C(=O)Nc1ccc(cc1)NC(=O)c1ccc2c(c1)C(=O)N(C2=O)c1ccc(cc1)c1sc(c(c1c1ccccc1)c1ccccc1)c1ccc(cc1)N1C(=O)c2c(C1=O)cc(cc2)*,Glass transition temperature,333.0,C,exp
*C(=O)Nc1ccc(cc1)NC(=O)c1ccc2c(c1)C(=O)N(C2=O)c1ccc(cc1)c1sc(c(c1c1ccccc1)c1ccccc1)c1ccc(cc1)N1C(=O)c2c(C1=O)cc(cc2)*,Thermal decomposition temperature,695.0,C,exp
*C(=O)Nc1ccc(cc1)NC(=O)c1ccc2c(c1)C(=O)N(C2=O)c1ccc(cc1)c1sc(c(c1c1ccccc1)c1ccccc1)c1ccc(cc1)N1C(=O)c2c(C1=O)cc(cc2)*,Thermal decomposition weight loss,22.35,%,exp
*C(=O)Nc1ccc(cc1)NC(=O)c1ccc2c(c1)C(=O)N(C2=O)c1cccc(c1)N1C(=O)c2c(C1=O)cc(cc2)*,Glass transition temperature,341.0,C,exp
*C(=O)Nc1ccc(cc1)NC(=O)c1ccc2c(c1)C(=O)N(C2=O)c1cccc(c1)N1C(=O)c2c(C1=O)cc(cc2)*,Thermal decomposition temperature,533.0,C,exp
*C(=O)Nc1ccc(cc1)NC(=O)c1ccc2c(c1)C(=O)N(C2=O)c1cccc(c1)N1C(=O)c2c(C1=O)cc(cc2)*,Thermal decomposition weight loss,10.0,%,exp
*C(=O)Nc1ccc(cc1)NC(=O)c1ccc2c(c1)C(=O)N(C2=O)c1cccc(c1)P(=O)(c1cccc(c1)N1C(=O)c2c(C1=O)cc(cc2)*)c1ccccc1,Glass transition temperature,204.0,C,exp
*C(=O)Nc1ccc(cc1)NC(=O)c1ccc2c(c1)C(=O)N(C2=O)c1cccc(c1)P(=O)(c1cccc(c1)N1C(=O)c2c(C1=O)cc(cc2)*)c1ccccc1,Thermal decomposition temperature,502.5,C,exp
*C(=O)Nc1ccc(cc1)NC(=O)c1ccc2c(c1)C(=O)N(C2=O)c1cccc(c1)P(=O)(c1cccc(c1)N1C(=O)c2c(C1=O)cc(cc2)*)c1ccccc1,Thermal decomposition weight loss,10.0,%,exp
*C(=O)Nc1ccc(cc1)NC(=O)c1ccc2c(c1)nc([nH]2)c1cc(cc(c1)c1[nH]c2c(n1)cc(cc2)*)N1C(=O)c2c(C1=O)cccc2,Glass transition temperature,295.0,C,exp
*C(=O)Nc1ccc(cc1)NC(=O)c1ccc2c(c1)nc([nH]2)c1cc(cc(c1)c1[nH]c2c(n1)cc(cc2)*)N1C(=O)c2c(C1=O)cccc2,Thermal decomposition temperature,508.0,C,exp
*C(=O)Nc1ccc(cc1)NC(=O)c1ccc2c(c1)nc([nH]2)c1cc(cc(c1)c1[nH]c2c(n1)cc(cc2)*)N1C(=O)c2c(C1=O)cccc2,Thermal decomposition weight loss,10.0,%,exp
*C(=O)Nc1ccc(cc1)NC(=O)c1ccc2c(c1)nc([nH]2)c1cccc(c1)c1nc2c([nH]1)ccc(c2)*,Thermal decomposition temperature,466.0,C,exp
*C(=O)Nc1ccc(cc1)NC(=O)c1ccc2c(c1)nc([nH]2)c1cccc(c1)c1nc2c([nH]1)ccc(c2)*,Thermal decomposition weight loss,10.0,%,exp
*C(=O)Nc1ccc(cc1)NC(=O)c1cccc(c1)C(=O)Nc1ccc(cc1)N1C(=O)c2c(C1=O)cc(cc2)*,Elongation at break,2.2,%,exp
*C(=O)Nc1ccc(cc1)NC(=O)c1cccc(c1)C(=O)Nc1ccc(cc1)N1C(=O)c2c(C1=O)cc(cc2)*,Tensile stress strength at break,0.07205,GPa,exp
*C(=O)Nc1ccc(cc1)NC(=O)c1cccc(c1)C(=O)Nc1ccc(cc1)N1C(=O)c2c(C1=O)cc(cc2)*,Thermal decomposition temperature,500.0,C,exp
*C(=O)Nc1ccc(cc1)NC(=O)c1cccc(c1)C(=O)Nc1ccc(cc1)N1C(=O)c2c(C1=O)cc(cc2)*,Thermal decomposition weight loss,10.0,%,exp
*C(=O)Nc1ccc(cc1)Nc1ccc(cc1)N1C(=O)c2c(C1=O)cc(cc2)*,Thermal decomposition temperature,485.0,C,exp
*C(=O)Nc1ccc(cc1)Nc1ccc(cc1)N1C(=O)c2c(C1=O)cc(cc2)*,Thermal decomposition weight loss,10.0,%,exp
*C(=O)Nc1ccc(cc1)Oc1c(C)cc(cc1C)C(c1cc(C)c(c(c1)C)Oc1ccc(cc1)NC(=O)c1ccc2c(c1)C(=O)N(C2=O)c1ccc(cc1)Oc1ccc(cc1)C1(CC2CC1C1C2CCC1)c1ccc(cc1)Oc1ccc(cc1)N1C(=O)c2c(C1=O)cc(cc2)*)(C)C,Elongation at break,9.0,%,exp
*C(=O)Nc1ccc(cc1)Oc1c(C)cc(cc1C)C(c1cc(C)c(c(c1)C)Oc1ccc(cc1)NC(=O)c1ccc2c(c1)C(=O)N(C2=O)c1ccc(cc1)Oc1ccc(cc1)C1(CC2CC1C1C2CCC1)c1ccc(cc1)Oc1ccc(cc1)N1C(=O)c2c(C1=O)cc(cc2)*)(C)C,Tensile stress strength at break,0.084,GPa,exp
*C(=O)Nc1ccc(cc1)Oc1c(C)cc(cc1C)C(c1cc(C)c(c(c1)C)Oc1ccc(cc1)NC(=O)c1ccc2c(c1)C(=O)N(C2=O)c1ccc(cc1)Oc1ccc(cc1)C1(CC2CC1C1C2CCC1)c1ccc(cc1)Oc1ccc(cc1)N1C(=O)c2c(C1=O)cc(cc2)*)(C)C,Glass transition temperature,276.0,C,exp
*C(=O)Nc1ccc(cc1)Oc1c(C)cc(cc1C)C(c1cc(C)c(c(c1)C)Oc1ccc(cc1)NC(=O)c1ccc2c(c1)C(=O)N(C2=O)c1ccc(cc1)Oc1ccc(cc1)C1(CC2CC1C1C2CCC1)c1ccc(cc1)Oc1ccc(cc1)N1C(=O)c2c(C1=O)cc(cc2)*)(C)C,Thermal decomposition temperature,471.5,C,exp
*C(=O)Nc1ccc(cc1)Oc1c(C)cc(cc1C)C(c1cc(C)c(c(c1)C)Oc1ccc(cc1)NC(=O)c1ccc2c(c1)C(=O)N(C2=O)c1ccc(cc1)Oc1ccc(cc1)C1(CC2CC1C1C2CCC1)c1ccc(cc1)Oc1ccc(cc1)N1C(=O)c2c(C1=O)cc(cc2)*)(C)C,Thermal decomposition weight loss,5.0,%,exp
*C(=O)Nc1ccc(cc1)Oc1cc(c(cc1C(C)(C)C)Oc1ccc(cc1)NC(=O)c1ccc2c(c1)C(=O)N(C2=O)c1ccc(cc1)Oc1ccc(cc1)C1(CC2CC1C1C2CCC1)c1ccc(cc1)Oc1ccc(cc1)N1C(=O)c2c(C1=O)cc(cc2)*)C(C)(C)C,Elongation at break,7.0,%,exp
*C(=O)Nc1ccc(cc1)Oc1cc(c(cc1C(C)(C)C)Oc1ccc(cc1)NC(=O)c1ccc2c(c1)C(=O)N(C2=O)c1ccc(cc1)Oc1ccc(cc1)C1(CC2CC1C1C2CCC1)c1ccc(cc1)Oc1ccc(cc1)N1C(=O)c2c(C1=O)cc(cc2)*)C(C)(C)C,Tensile stress strength at break,0.085,GPa,exp
*C(=O)Nc1ccc(cc1)Oc1cc(c(cc1C(C)(C)C)Oc1ccc(cc1)NC(=O)c1ccc2c(c1)C(=O)N(C2=O)c1ccc(cc1)Oc1ccc(cc1)C1(CC2CC1C1C2CCC1)c1ccc(cc1)Oc1ccc(cc1)N1C(=O)c2c(C1=O)cc(cc2)*)C(C)(C)C,Glass transition temperature,290.0,C,exp
*C(=O)Nc1ccc(cc1)Oc1cc(c(cc1C(C)(C)C)Oc1ccc(cc1)NC(=O)c1ccc2c(c1)C(=O)N(C2=O)c1ccc(cc1)Oc1ccc(cc1)C1(CC2CC1C1C2CCC1)c1ccc(cc1)Oc1ccc(cc1)N1C(=O)c2c(C1=O)cc(cc2)*)C(C)(C)C,Thermal decomposition temperature,487.5,C,exp
*C(=O)Nc1ccc(cc1)Oc1cc(c(cc1C(C)(C)C)Oc1ccc(cc1)NC(=O)c1ccc2c(c1)C(=O)N(C2=O)c1ccc(cc1)Oc1ccc(cc1)C1(CC2CC1C1C2CCC1)c1ccc(cc1)Oc1ccc(cc1)N1C(=O)c2c(C1=O)cc(cc2)*)C(C)(C)C,Thermal decomposition weight loss,5.0,%,exp
*C(=O)Nc1ccc(cc1)Oc1ccc(c(c1)C(C)(C)C)Oc1ccc(cc1)NC(=O)c1ccc2c(c1)C(=O)N(C2=O)c1ccc(cc1)Oc1ccc(cc1)C1(CC2CC1C1C2CCC1)c1ccc(cc1)Oc1ccc(cc1)N1C(=O)c2c(C1=O)cc(cc2)*,Elongation at break,8.0,%,exp
*C(=O)Nc1ccc(cc1)Oc1ccc(c(c1)C(C)(C)C)Oc1ccc(cc1)NC(=O)c1ccc2c(c1)C(=O)N(C2=O)c1ccc(cc1)Oc1ccc(cc1)C1(CC2CC1C1C2CCC1)c1ccc(cc1)Oc1ccc(cc1)N1C(=O)c2c(C1=O)cc(cc2)*,Tensile stress strength at break,0.077,GPa,exp
*C(=O)Nc1ccc(cc1)Oc1ccc(c(c1)C(C)(C)C)Oc1ccc(cc1)NC(=O)c1ccc2c(c1)C(=O)N(C2=O)c1ccc(cc1)Oc1ccc(cc1)C1(CC2CC1C1C2CCC1)c1ccc(cc1)Oc1ccc(cc1)N1C(=O)c2c(C1=O)cc(cc2)*,Glass transition temperature,275.0,C,exp
*C(=O)Nc1ccc(cc1)Oc1ccc(c(c1)C(C)(C)C)Oc1ccc(cc1)NC(=O)c1ccc2c(c1)C(=O)N(C2=O)c1ccc(cc1)Oc1ccc(cc1)C1(CC2CC1C1C2CCC1)c1ccc(cc1)Oc1ccc(cc1)N1C(=O)c2c(C1=O)cc(cc2)*,Thermal decomposition temperature,482.0,C,exp
*C(=O)Nc1ccc(cc1)Oc1ccc(c(c1)C(C)(C)C)Oc1ccc(cc1)NC(=O)c1ccc2c(c1)C(=O)N(C2=O)c1ccc(cc1)Oc1ccc(cc1)C1(CC2CC1C1C2CCC1)c1ccc(cc1)Oc1ccc(cc1)N1C(=O)c2c(C1=O)cc(cc2)*,Thermal decomposition weight loss,5.0,%,exp
*C(=O)Nc1ccc(cc1)Oc1ccc(c(c1)C)c1ccc(cc1C)Oc1ccc(cc1)NC(=O)c1ccc2c(c1)C(=O)N(C2=O)c1ccc(cc1)Oc1ccc(cc1)C1(CC2CC1C1C2CCC1)c1ccc(cc1)Oc1ccc(cc1)N1C(=O)c2c(C1=O)cc(cc2)*,Elongation at break,7.0,%,exp
*C(=O)Nc1ccc(cc1)Oc1ccc(c(c1)C)c1ccc(cc1C)Oc1ccc(cc1)NC(=O)c1ccc2c(c1)C(=O)N(C2=O)c1ccc(cc1)Oc1ccc(cc1)C1(CC2CC1C1C2CCC1)c1ccc(cc1)Oc1ccc(cc1)N1C(=O)c2c(C1=O)cc(cc2)*,Tensile stress strength at break,0.087,GPa,exp
*C(=O)Nc1ccc(cc1)Oc1ccc(c(c1)C)c1ccc(cc1C)Oc1ccc(cc1)NC(=O)c1ccc2c(c1)C(=O)N(C2=O)c1ccc(cc1)Oc1ccc(cc1)C1(CC2CC1C1C2CCC1)c1ccc(cc1)Oc1ccc(cc1)N1C(=O)c2c(C1=O)cc(cc2)*,Glass transition temperature,265.0,C,exp
*C(=O)Nc1ccc(cc1)Oc1ccc(c(c1)C)c1ccc(cc1C)Oc1ccc(cc1)NC(=O)c1ccc2c(c1)C(=O)N(C2=O)c1ccc(cc1)Oc1ccc(cc1)C1(CC2CC1C1C2CCC1)c1ccc(cc1)Oc1ccc(cc1)N1C(=O)c2c(C1=O)cc(cc2)*,Thermal decomposition temperature,490.5,C,exp
*C(=O)Nc1ccc(cc1)Oc1ccc(c(c1)C)c1ccc(cc1C)Oc1ccc(cc1)NC(=O)c1ccc2c(c1)C(=O)N(C2=O)c1ccc(cc1)Oc1ccc(cc1)C1(CC2CC1C1C2CCC1)c1ccc(cc1)Oc1ccc(cc1)N1C(=O)c2c(C1=O)cc(cc2)*,Thermal decomposition weight loss,5.0,%,exp
*C(=O)Nc1ccc(cc1)Oc1ccc(cc1)C(=O)c1ccc(cc1)Oc1ccc(cc1)NC(=O)c1ccc(nc1)*,Glass transition temperature,170.0,C,exp
*C(=O)Nc1ccc(cc1)Oc1ccc(cc1)C(=O)c1ccc(cc1)Oc1ccc(cc1)NC(=O)c1ccc(nc1)*,Thermal decomposition temperature,455.0,C,exp
*C(=O)Nc1ccc(cc1)Oc1ccc(cc1)C(=O)c1ccc(cc1)Oc1ccc(cc1)NC(=O)c1ccc(nc1)*,Thermal decomposition weight loss,9.0,%,exp
*C(=O)Nc1ccc(cc1)Oc1ccc(cc1)C(C(F)(F)F)(C(F)(F)F)c1ccc(cc1)Oc1ccc(cc1)NC(=O)c1ccc2c(c1)C(=O)N(C2=O)c1ccc(cc1)Oc1ccc(cc1)C1(CC2CC1C1C2CCC1)c1ccc(cc1)Oc1ccc(cc1)N1C(=O)c2c(C1=O)cc(cc2)*,Elongation at break,8.0,%,exp
*C(=O)Nc1ccc(cc1)Oc1ccc(cc1)C(C(F)(F)F)(C(F)(F)F)c1ccc(cc1)Oc1ccc(cc1)NC(=O)c1ccc2c(c1)C(=O)N(C2=O)c1ccc(cc1)Oc1ccc(cc1)C1(CC2CC1C1C2CCC1)c1ccc(cc1)Oc1ccc(cc1)N1C(=O)c2c(C1=O)cc(cc2)*,Tensile stress strength at break,0.083,GPa,exp
*C(=O)Nc1ccc(cc1)Oc1ccc(cc1)C(C(F)(F)F)(C(F)(F)F)c1ccc(cc1)Oc1ccc(cc1)NC(=O)c1ccc2c(c1)C(=O)N(C2=O)c1ccc(cc1)Oc1ccc(cc1)C1(CC2CC1C1C2CCC1)c1ccc(cc1)Oc1ccc(cc1)N1C(=O)c2c(C1=O)cc(cc2)*,Glass transition temperature,254.0,C,exp
*C(=O)Nc1ccc(cc1)Oc1ccc(cc1)C(C(F)(F)F)(C(F)(F)F)c1ccc(cc1)Oc1ccc(cc1)NC(=O)c1ccc2c(c1)C(=O)N(C2=O)c1ccc(cc1)Oc1ccc(cc1)C1(CC2CC1C1C2CCC1)c1ccc(cc1)Oc1ccc(cc1)N1C(=O)c2c(C1=O)cc(cc2)*,Thermal decomposition temperature,488.0,C,exp
*C(=O)Nc1ccc(cc1)Oc1ccc(cc1)C(C(F)(F)F)(C(F)(F)F)c1ccc(cc1)Oc1ccc(cc1)NC(=O)c1ccc2c(c1)C(=O)N(C2=O)c1ccc(cc1)Oc1ccc(cc1)C1(CC2CC1C1C2CCC1)c1ccc(cc1)Oc1ccc(cc1)N1C(=O)c2c(C1=O)cc(cc2)*,Thermal decomposition weight loss,5.0,%,exp
*C(=O)Nc1ccc(cc1)Oc1ccc(cc1)C(C(F)(F)F)(C(F)(F)F)c1ccc(cc1)Oc1ccc(cc1)NC(=O)c1ccc2c(c1)C(=O)N(C2=O)c1ccc(cc1)Oc1ccc2c(c1)cc(cc2)Oc1ccc(cc1)N1C(=O)c2c(C1=O)cc(cc2)*,Elongation at break,9.0,%,exp
*C(=O)Nc1ccc(cc1)Oc1ccc(cc1)C(C(F)(F)F)(C(F)(F)F)c1ccc(cc1)Oc1ccc(cc1)NC(=O)c1ccc2c(c1)C(=O)N(C2=O)c1ccc(cc1)Oc1ccc2c(c1)cc(cc2)Oc1ccc(cc1)N1C(=O)c2c(C1=O)cc(cc2)*,Tensile stress strength at break,0.071,GPa,exp
*C(=O)Nc1ccc(cc1)Oc1ccc(cc1)C(C(F)(F)F)(C(F)(F)F)c1ccc(cc1)Oc1ccc(cc1)NC(=O)c1ccc2c(c1)C(=O)N(C2=O)c1ccc(cc1)Oc1ccc2c(c1)cc(cc2)Oc1ccc(cc1)N1C(=O)c2c(C1=O)cc(cc2)*,Glass transition temperature,250.0,C,exp
*C(=O)Nc1ccc(cc1)Oc1ccc(cc1)C(C(F)(F)F)(C(F)(F)F)c1ccc(cc1)Oc1ccc(cc1)NC(=O)c1ccc2c(c1)C(=O)N(C2=O)c1ccc(cc1)Oc1ccc2c(c1)cc(cc2)Oc1ccc(cc1)N1C(=O)c2c(C1=O)cc(cc2)*,Thermal decomposition temperature,539.0,C,exp
*C(=O)Nc1ccc(cc1)Oc1ccc(cc1)C(C(F)(F)F)(C(F)(F)F)c1ccc(cc1)Oc1ccc(cc1)NC(=O)c1ccc2c(c1)C(=O)N(C2=O)c1ccc(cc1)Oc1ccc2c(c1)cc(cc2)Oc1ccc(cc1)N1C(=O)c2c(C1=O)cc(cc2)*,Thermal decomposition weight loss,10.0,%,exp
*C(=O)Nc1ccc(cc1)Oc1ccc(cc1)C(C(F)(F)F)(C(F)(F)F)c1ccc(cc1)Oc1ccc(cc1)NC(=O)c1ccc2c(c1)C(=O)N(C2=O)c1ccc(cc1)Oc1cccc2c1cccc2Oc1ccc(cc1)N1C(=O)c2c(C1=O)cc(cc2)*,Elongation at break,10.0,%,exp
*C(=O)Nc1ccc(cc1)Oc1ccc(cc1)C(C(F)(F)F)(C(F)(F)F)c1ccc(cc1)Oc1ccc(cc1)NC(=O)c1ccc2c(c1)C(=O)N(C2=O)c1ccc(cc1)Oc1cccc2c1cccc2Oc1ccc(cc1)N1C(=O)c2c(C1=O)cc(cc2)*,Tensile stress strength at break,0.061,GPa,exp
*C(=O)Nc1ccc(cc1)Oc1ccc(cc1)C(C(F)(F)F)(C(F)(F)F)c1ccc(cc1)Oc1ccc(cc1)NC(=O)c1ccc2c(c1)C(=O)N(C2=O)c1ccc(cc1)Oc1cccc2c1cccc2Oc1ccc(cc1)N1C(=O)c2c(C1=O)cc(cc2)*,Glass transition temperature,231.0,C,exp
*C(=O)Nc1ccc(cc1)Oc1ccc(cc1)C(C(F)(F)F)(C(F)(F)F)c1ccc(cc1)Oc1ccc(cc1)NC(=O)c1ccc2c(c1)C(=O)N(C2=O)c1ccc(cc1)Oc1cccc2c1cccc2Oc1ccc(cc1)N1C(=O)c2c(C1=O)cc(cc2)*,Thermal decomposition temperature,531.5,C,exp
*C(=O)Nc1ccc(cc1)Oc1ccc(cc1)C(C(F)(F)F)(C(F)(F)F)c1ccc(cc1)Oc1ccc(cc1)NC(=O)c1ccc2c(c1)C(=O)N(C2=O)c1ccc(cc1)Oc1cccc2c1cccc2Oc1ccc(cc1)N1C(=O)c2c(C1=O)cc(cc2)*,Thermal decomposition weight loss,10.0,%,exp
*C(=O)Nc1ccc(cc1)Oc1ccc(cc1)C(c1ccc(cc1)Oc1ccc(cc1)N1C(=O)c2c(C1=O)cc(cc2)*)(C)C,Glass transition temperature,230.0,C,exp
*C(=O)Nc1ccc(cc1)Oc1ccc(cc1)C(c1ccc(cc1)Oc1ccc(cc1)N1C(=O)c2c(C1=O)cc(cc2)*)(C)C,Melting temperature,130.0,C,exp
*C(=O)Nc1ccc(cc1)Oc1ccc(cc1)C(c1ccc(cc1)Oc1ccc(cc1)NC(=O)c1ccc(cc1)N1C(=O)c2c(C1=O)cc(cc2)*)(C)C,Glass transition temperature,216.0,C,exp
*C(=O)Nc1ccc(cc1)Oc1ccc(cc1)C(c1ccc(cc1)Oc1ccc(cc1)NC(=O)c1ccc(cc1)N1C(=O)c2c(C1=O)cc(cc2)*)(C)C,Thermal decomposition temperature,449.0,C,exp
*C(=O)Nc1ccc(cc1)Oc1ccc(cc1)C(c1ccc(cc1)Oc1ccc(cc1)NC(=O)c1ccc(cc1)N1C(=O)c2c(C1=O)cc(cc2)*)(C)C,Thermal decomposition weight loss,0.0,%,exp
*C(=O)Nc1ccc(cc1)Oc1ccc(cc1)C(c1ccc(cc1)Oc1ccc(cc1)NC(=O)c1ccc2c(c1)C(=O)N(C2=O)c1ccc(cc1)Oc1ccc2c(c1)cc(cc2)Oc1ccc(cc1)N1C(=O)c2c(C1=O)cc(cc2)*)(C)C,Elongation at break,6.0,%,exp
*C(=O)Nc1ccc(cc1)Oc1ccc(cc1)C(c1ccc(cc1)Oc1ccc(cc1)NC(=O)c1ccc2c(c1)C(=O)N(C2=O)c1ccc(cc1)Oc1ccc2c(c1)cc(cc2)Oc1ccc(cc1)N1C(=O)c2c(C1=O)cc(cc2)*)(C)C,Tensile stress strength at break,0.078,GPa,exp
*C(=O)Nc1ccc(cc1)Oc1ccc(cc1)C(c1ccc(cc1)Oc1ccc(cc1)NC(=O)c1ccc2c(c1)C(=O)N(C2=O)c1ccc(cc1)Oc1ccc2c(c1)cc(cc2)Oc1ccc(cc1)N1C(=O)c2c(C1=O)cc(cc2)*)(C)C,Glass transition temperature,250.0,C,exp
*C(=O)Nc1ccc(cc1)Oc1ccc(cc1)C(c1ccc(cc1)Oc1ccc(cc1)NC(=O)c1ccc2c(c1)C(=O)N(C2=O)c1ccc(cc1)Oc1ccc2c(c1)cc(cc2)Oc1ccc(cc1)N1C(=O)c2c(C1=O)cc(cc2)*)(C)C,Thermal decomposition temperature,503.5,C,exp
*C(=O)Nc1ccc(cc1)Oc1ccc(cc1)C(c1ccc(cc1)Oc1ccc(cc1)NC(=O)c1ccc2c(c1)C(=O)N(C2=O)c1ccc(cc1)Oc1ccc2c(c1)cc(cc2)Oc1ccc(cc1)N1C(=O)c2c(C1=O)cc(cc2)*)(C)C,Thermal decomposition weight loss,10.0,%,exp
*C(=O)Nc1ccc(cc1)Oc1ccc(cc1)C(c1ccc(cc1)Oc1ccc(cc1)NC(=O)c1ccc2c(c1)C(=O)N(C2=O)c1ccc(cc1)Oc1cccc(c1)N1C(=O)c2c(C1=O)cc(cc2)*)(C)C,Glass transition temperature,207.0,C,exp
*C(=O)Nc1ccc(cc1)Oc1ccc(cc1)C(c1ccc(cc1)Oc1ccc(cc1)NC(=O)c1ccc2c(c1)C(=O)N(C2=O)c1ccc(cc1)Oc1cccc(c1)N1C(=O)c2c(C1=O)cc(cc2)*)(C)C,Thermal decomposition temperature,456.0,C,exp
*C(=O)Nc1ccc(cc1)Oc1ccc(cc1)C(c1ccc(cc1)Oc1ccc(cc1)NC(=O)c1ccc2c(c1)C(=O)N(C2=O)c1ccc(cc1)Oc1cccc(c1)N1C(=O)c2c(C1=O)cc(cc2)*)(C)C,Thermal decomposition weight loss,0.0,%,exp
*C(=O)Nc1ccc(cc1)Oc1ccc(cc1)C(c1ccc(cc1)Oc1ccc(cc1)NC(=O)c1ccc2c(c1)C(=O)N(C2=O)c1ccc(cc1)Oc1cccc2c1cccc2Oc1ccc(cc1)N1C(=O)c2c(C1=O)cc(cc2)*)(C)C,Elongation at break,8.0,%,exp
*C(=O)Nc1ccc(cc1)Oc1ccc(cc1)C(c1ccc(cc1)Oc1ccc(cc1)NC(=O)c1ccc2c(c1)C(=O)N(C2=O)c1ccc(cc1)Oc1cccc2c1cccc2Oc1ccc(cc1)N1C(=O)c2c(C1=O)cc(cc2)*)(C)C,Tensile stress strength at break,0.074,GPa,exp
*C(=O)Nc1ccc(cc1)Oc1ccc(cc1)C(c1ccc(cc1)Oc1ccc(cc1)NC(=O)c1ccc2c(c1)C(=O)N(C2=O)c1ccc(cc1)Oc1cccc2c1cccc2Oc1ccc(cc1)N1C(=O)c2c(C1=O)cc(cc2)*)(C)C,Glass transition temperature,235.0,C,exp
*C(=O)Nc1ccc(cc1)Oc1ccc(cc1)C(c1ccc(cc1)Oc1ccc(cc1)NC(=O)c1ccc2c(c1)C(=O)N(C2=O)c1ccc(cc1)Oc1cccc2c1cccc2Oc1ccc(cc1)N1C(=O)c2c(C1=O)cc(cc2)*)(C)C,Thermal decomposition temperature,500.0,C,exp
*C(=O)Nc1ccc(cc1)Oc1ccc(cc1)C(c1ccc(cc1)Oc1ccc(cc1)NC(=O)c1ccc2c(c1)C(=O)N(C2=O)c1ccc(cc1)Oc1cccc2c1cccc2Oc1ccc(cc1)N1C(=O)c2c(C1=O)cc(cc2)*)(C)C,Thermal decomposition weight loss,10.0,%,exp
*C(=O)Nc1ccc(cc1)Oc1ccc(cc1)C(c1ccc(cc1)Oc1ccc(cc1)NC(=O)c1ccc2c(c1)C(=O)N(C2=O)c1ccc(cc1)c1sc(c(c1c1ccccc1)c1ccccc1)c1ccc(cc1)N1C(=O)c2c(C1=O)cc(cc2)*)(C)C,Elongation at break,14.4,%,exp
*C(=O)Nc1ccc(cc1)Oc1ccc(cc1)C(c1ccc(cc1)Oc1ccc(cc1)NC(=O)c1ccc2c(c1)C(=O)N(C2=O)c1ccc(cc1)c1sc(c(c1c1ccccc1)c1ccccc1)c1ccc(cc1)N1C(=O)c2c(C1=O)cc(cc2)*)(C)C,Tensile stress strength at break,0.0551,GPa,exp
*C(=O)Nc1ccc(cc1)Oc1ccc(cc1)C(c1ccc(cc1)Oc1ccc(cc1)NC(=O)c1ccc2c(c1)C(=O)N(C2=O)c1ccc(cc1)c1sc(c(c1c1ccccc1)c1ccccc1)c1ccc(cc1)N1C(=O)c2c(C1=O)cc(cc2)*)(C)C,Glass transition temperature,287.0,C,exp
*C(=O)Nc1ccc(cc1)Oc1ccc(cc1)C(c1ccc(cc1)Oc1ccc(cc1)NC(=O)c1ccc2c(c1)C(=O)N(C2=O)c1ccc(cc1)c1sc(c(c1c1ccccc1)c1ccccc1)c1ccc(cc1)N1C(=O)c2c(C1=O)cc(cc2)*)(C)C,Thermal decomposition temperature,675.0,C,exp
*C(=O)Nc1ccc(cc1)Oc1ccc(cc1)C(c1ccc(cc1)Oc1ccc(cc1)NC(=O)c1ccc2c(c1)C(=O)N(C2=O)c1ccc(cc1)c1sc(c(c1c1ccccc1)c1ccccc1)c1ccc(cc1)N1C(=O)c2c(C1=O)cc(cc2)*)(C)C,Thermal decomposition weight loss,31.0,%,exp
*C(=O)Nc1ccc(cc1)Oc1ccc(cc1)C(c1cccc(c1)C(c1ccc(cc1)Oc1ccc(cc1)N1C(=O)c2c(C1=O)cc(cc2)*)(C)C)(C)C,Glass transition temperature,177.0,C,exp
*C(=O)Nc1ccc(cc1)Oc1ccc(cc1)C(c1cccc(c1)C(c1ccc(cc1)Oc1ccc(cc1)N1C(=O)c2c(C1=O)cc(cc2)*)(C)C)(C)C,Thermal decomposition temperature,470.0,C,exp
*C(=O)Nc1ccc(cc1)Oc1ccc(cc1)C(c1cccc(c1)C(c1ccc(cc1)Oc1ccc(cc1)N1C(=O)c2c(C1=O)cc(cc2)*)(C)C)(C)C,Thermal decomposition weight loss,5.0,%,exp
*C(=O)Nc1ccc(cc1)Oc1ccc(cc1)C1(NC(=O)c2c1cccc2)c1ccc(cc1)Oc1ccc(cc1)NC(=O)c1ccc2c(c1)C(=O)N(C2=O)c1ccc(c(c1)N1C(=O)c2c(C1=O)cc(cc2)*)C,Elongation at break,10.0,%,exp
*C(=O)Nc1ccc(cc1)Oc1ccc(cc1)C1(NC(=O)c2c1cccc2)c1ccc(cc1)Oc1ccc(cc1)NC(=O)c1ccc2c(c1)C(=O)N(C2=O)c1ccc(c(c1)N1C(=O)c2c(C1=O)cc(cc2)*)C,Tensile stress strength at break,0.087,GPa,exp
*C(=O)Nc1ccc(cc1)Oc1ccc(cc1)C1(NC(=O)c2c1cccc2)c1ccc(cc1)Oc1ccc(cc1)NC(=O)c1ccc2c(c1)C(=O)N(C2=O)c1ccc(c(c1)N1C(=O)c2c(C1=O)cc(cc2)*)C,Glass transition temperature,315.0,C,exp
*C(=O)Nc1ccc(cc1)Oc1ccc(cc1)C1(NC(=O)c2c1cccc2)c1ccc(cc1)Oc1ccc(cc1)NC(=O)c1ccc2c(c1)C(=O)N(C2=O)c1ccc(c(c1)N1C(=O)c2c(C1=O)cc(cc2)*)C,Thermal decomposition temperature,497.5,C,exp
*C(=O)Nc1ccc(cc1)Oc1ccc(cc1)C1(NC(=O)c2c1cccc2)c1ccc(cc1)Oc1ccc(cc1)NC(=O)c1ccc2c(c1)C(=O)N(C2=O)c1ccc(c(c1)N1C(=O)c2c(C1=O)cc(cc2)*)C,Thermal decomposition weight loss,10.0,%,exp
*C(=O)Nc1ccc(cc1)Oc1ccc(cc1)C1(NC(=O)c2c1cccc2)c1ccc(cc1)Oc1ccc(cc1)NC(=O)c1ccc2c(c1)C(=O)N(C2=O)c1ccc(cc1)N1C(=O)c2c(C1=O)cc(cc2)*,Elongation at break,66.0,%,exp
*C(=O)Nc1ccc(cc1)Oc1ccc(cc1)C1(NC(=O)c2c1cccc2)c1ccc(cc1)Oc1ccc(cc1)NC(=O)c1ccc2c(c1)C(=O)N(C2=O)c1ccc(cc1)N1C(=O)c2c(C1=O)cc(cc2)*,Tensile stress strength at break,0.076,GPa,exp
*C(=O)Nc1ccc(cc1)Oc1ccc(cc1)C1(NC(=O)c2c1cccc2)c1ccc(cc1)Oc1ccc(cc1)NC(=O)c1ccc2c(c1)C(=O)N(C2=O)c1ccc(cc1)N1C(=O)c2c(C1=O)cc(cc2)*,Glass transition temperature,322.0,C,exp
*C(=O)Nc1ccc(cc1)Oc1ccc(cc1)C1(NC(=O)c2c1cccc2)c1ccc(cc1)Oc1ccc(cc1)NC(=O)c1ccc2c(c1)C(=O)N(C2=O)c1ccc(cc1)N1C(=O)c2c(C1=O)cc(cc2)*,Thermal decomposition temperature,498.0,C,exp
*C(=O)Nc1ccc(cc1)Oc1ccc(cc1)C1(NC(=O)c2c1cccc2)c1ccc(cc1)Oc1ccc(cc1)NC(=O)c1ccc2c(c1)C(=O)N(C2=O)c1ccc(cc1)N1C(=O)c2c(C1=O)cc(cc2)*,Thermal decomposition weight loss,10.0,%,exp
*C(=O)Nc1ccc(cc1)Oc1ccc(cc1)C1(NC(=O)c2c1cccc2)c1ccc(cc1)Oc1ccc(cc1)NC(=O)c1ccc2c(c1)C(=O)N(C2=O)c1ccc(cc1)Oc1ccc(c(c1)C)Oc1ccc(cc1)N1C(=O)c2c(C1=O)cc(cc2)*,Elongation at break,13.0,%,exp
*C(=O)Nc1ccc(cc1)Oc1ccc(cc1)C1(NC(=O)c2c1cccc2)c1ccc(cc1)Oc1ccc(cc1)NC(=O)c1ccc2c(c1)C(=O)N(C2=O)c1ccc(cc1)Oc1ccc(c(c1)C)Oc1ccc(cc1)N1C(=O)c2c(C1=O)cc(cc2)*,Tensile stress strength at break,0.079,GPa,exp
*C(=O)Nc1ccc(cc1)Oc1ccc(cc1)C1(NC(=O)c2c1cccc2)c1ccc(cc1)Oc1ccc(cc1)NC(=O)c1ccc2c(c1)C(=O)N(C2=O)c1ccc(cc1)Oc1ccc(c(c1)C)Oc1ccc(cc1)N1C(=O)c2c(C1=O)cc(cc2)*,Glass transition temperature,293.0,C,exp
*C(=O)Nc1ccc(cc1)Oc1ccc(cc1)C1(NC(=O)c2c1cccc2)c1ccc(cc1)Oc1ccc(cc1)NC(=O)c1ccc2c(c1)C(=O)N(C2=O)c1ccc(cc1)Oc1ccc(c(c1)C)Oc1ccc(cc1)N1C(=O)c2c(C1=O)cc(cc2)*,Thermal decomposition temperature,511.0,C,exp
*C(=O)Nc1ccc(cc1)Oc1ccc(cc1)C1(NC(=O)c2c1cccc2)c1ccc(cc1)Oc1ccc(cc1)NC(=O)c1ccc2c(c1)C(=O)N(C2=O)c1ccc(cc1)Oc1ccc(c(c1)C)Oc1ccc(cc1)N1C(=O)c2c(C1=O)cc(cc2)*,Thermal decomposition weight loss,10.0,%,exp
*C(=O)Nc1ccc(cc1)Oc1ccc(cc1)C1(NC(=O)c2c1cccc2)c1ccc(cc1)Oc1ccc(cc1)NC(=O)c1ccc2c(c1)C(=O)N(C2=O)c1ccc(cc1)Oc1ccc(cc1)C1(NC(=O)c2c1cccc2)c1ccc(cc1)Oc1ccc(cc1)N1C(=O)c2c(C1=O)cc(cc2)*,Elongation at break,10.0,%,exp
*C(=O)Nc1ccc(cc1)Oc1ccc(cc1)C1(NC(=O)c2c1cccc2)c1ccc(cc1)Oc1ccc(cc1)NC(=O)c1ccc2c(c1)C(=O)N(C2=O)c1ccc(cc1)Oc1ccc(cc1)C1(NC(=O)c2c1cccc2)c1ccc(cc1)Oc1ccc(cc1)N1C(=O)c2c(C1=O)cc(cc2)*,Tensile stress strength at break,0.099,GPa,exp
*C(=O)Nc1ccc(cc1)Oc1ccc(cc1)C1(NC(=O)c2c1cccc2)c1ccc(cc1)Oc1ccc(cc1)NC(=O)c1ccc2c(c1)C(=O)N(C2=O)c1ccc(cc1)Oc1ccc(cc1)C1(NC(=O)c2c1cccc2)c1ccc(cc1)Oc1ccc(cc1)N1C(=O)c2c(C1=O)cc(cc2)*,Glass transition temperature,330.0,C,exp
*C(=O)Nc1ccc(cc1)Oc1ccc(cc1)C1(NC(=O)c2c1cccc2)c1ccc(cc1)Oc1ccc(cc1)NC(=O)c1ccc2c(c1)C(=O)N(C2=O)c1ccc(cc1)Oc1ccc(cc1)C1(NC(=O)c2c1cccc2)c1ccc(cc1)Oc1ccc(cc1)N1C(=O)c2c(C1=O)cc(cc2)*,Thermal decomposition temperature,496.5,C,exp
*C(=O)Nc1ccc(cc1)Oc1ccc(cc1)C1(NC(=O)c2c1cccc2)c1ccc(cc1)Oc1ccc(cc1)NC(=O)c1ccc2c(c1)C(=O)N(C2=O)c1ccc(cc1)Oc1ccc(cc1)C1(NC(=O)c2c1cccc2)c1ccc(cc1)Oc1ccc(cc1)N1C(=O)c2c(C1=O)cc(cc2)*,Thermal decomposition weight loss,10.0,%,exp
*C(=O)Nc1ccc(cc1)Oc1ccc(cc1)C1(NC(=O)c2c1cccc2)c1ccc(cc1)Oc1ccc(cc1)NC(=O)c1ccc2c(c1)C(=O)N(C2=O)c1ccc(cc1)Oc1ccc(cc1)N1C(=O)c2c(C1=O)cc(cc2)*,Elongation at break,9.0,%,exp
*C(=O)Nc1ccc(cc1)Oc1ccc(cc1)C1(NC(=O)c2c1cccc2)c1ccc(cc1)Oc1ccc(cc1)NC(=O)c1ccc2c(c1)C(=O)N(C2=O)c1ccc(cc1)Oc1ccc(cc1)N1C(=O)c2c(C1=O)cc(cc2)*,Tensile stress strength at break,0.083,GPa,exp
*C(=O)Nc1ccc(cc1)Oc1ccc(cc1)C1(NC(=O)c2c1cccc2)c1ccc(cc1)Oc1ccc(cc1)NC(=O)c1ccc2c(c1)C(=O)N(C2=O)c1ccc(cc1)Oc1ccc(cc1)N1C(=O)c2c(C1=O)cc(cc2)*,Glass transition temperature,320.0,C,exp
*C(=O)Nc1ccc(cc1)Oc1ccc(cc1)C1(NC(=O)c2c1cccc2)c1ccc(cc1)Oc1ccc(cc1)NC(=O)c1ccc2c(c1)C(=O)N(C2=O)c1ccc(cc1)Oc1ccc(cc1)N1C(=O)c2c(C1=O)cc(cc2)*,Thermal decomposition temperature,505.0,C,exp
*C(=O)Nc1ccc(cc1)Oc1ccc(cc1)C1(NC(=O)c2c1cccc2)c1ccc(cc1)Oc1ccc(cc1)NC(=O)c1ccc2c(c1)C(=O)N(C2=O)c1ccc(cc1)Oc1ccc(cc1)N1C(=O)c2c(C1=O)cc(cc2)*,Thermal decomposition weight loss,10.0,%,exp
*C(=O)Nc1ccc(cc1)Oc1ccc(cc1)C1(NC(=O)c2c1cccc2)c1ccc(cc1)Oc1ccc(cc1)NC(=O)c1ccc2c(c1)C(=O)N(C2=O)c1ccc(cc1)Oc1ccc(cc1)Oc1ccc(cc1)N1C(=O)c2c(C1=O)cc(cc2)*,Elongation at break,12.0,%,exp
*C(=O)Nc1ccc(cc1)Oc1ccc(cc1)C1(NC(=O)c2c1cccc2)c1ccc(cc1)Oc1ccc(cc1)NC(=O)c1ccc2c(c1)C(=O)N(C2=O)c1ccc(cc1)Oc1ccc(cc1)Oc1ccc(cc1)N1C(=O)c2c(C1=O)cc(cc2)*,Tensile stress strength at break,0.075,GPa,exp
*C(=O)Nc1ccc(cc1)Oc1ccc(cc1)C1(NC(=O)c2c1cccc2)c1ccc(cc1)Oc1ccc(cc1)NC(=O)c1ccc2c(c1)C(=O)N(C2=O)c1ccc(cc1)Oc1ccc(cc1)Oc1ccc(cc1)N1C(=O)c2c(C1=O)cc(cc2)*,Glass transition temperature,284.0,C,exp
*C(=O)Nc1ccc(cc1)Oc1ccc(cc1)C1(NC(=O)c2c1cccc2)c1ccc(cc1)Oc1ccc(cc1)NC(=O)c1ccc2c(c1)C(=O)N(C2=O)c1ccc(cc1)Oc1ccc(cc1)Oc1ccc(cc1)N1C(=O)c2c(C1=O)cc(cc2)*,Thermal decomposition temperature,523.5,C,exp
*C(=O)Nc1ccc(cc1)Oc1ccc(cc1)C1(NC(=O)c2c1cccc2)c1ccc(cc1)Oc1ccc(cc1)NC(=O)c1ccc2c(c1)C(=O)N(C2=O)c1ccc(cc1)Oc1ccc(cc1)Oc1ccc(cc1)N1C(=O)c2c(C1=O)cc(cc2)*,Thermal decomposition weight loss,10.0,%,exp
*C(=O)Nc1ccc(cc1)Oc1ccc(cc1)C1(NC(=O)c2c1cccc2)c1ccc(cc1)Oc1ccc(cc1)NC(=O)c1ccc2c(c1)C(=O)N(C2=O)c1ccc(cc1)Oc1ccc(cc1)S(=O)(=O)c1ccc(cc1)Oc1ccc(cc1)N1C(=O)c2c(C1=O)cc(cc2)*,Elongation at break,20.0,%,exp
*C(=O)Nc1ccc(cc1)Oc1ccc(cc1)C1(NC(=O)c2c1cccc2)c1ccc(cc1)Oc1ccc(cc1)NC(=O)c1ccc2c(c1)C(=O)N(C2=O)c1ccc(cc1)Oc1ccc(cc1)S(=O)(=O)c1ccc(cc1)Oc1ccc(cc1)N1C(=O)c2c(C1=O)cc(cc2)*,Tensile stress strength at break,0.071,GPa,exp
*C(=O)Nc1ccc(cc1)Oc1ccc(cc1)C1(NC(=O)c2c1cccc2)c1ccc(cc1)Oc1ccc(cc1)NC(=O)c1ccc2c(c1)C(=O)N(C2=O)c1ccc(cc1)Oc1ccc(cc1)S(=O)(=O)c1ccc(cc1)Oc1ccc(cc1)N1C(=O)c2c(C1=O)cc(cc2)*,Glass transition temperature,283.0,C,exp
*C(=O)Nc1ccc(cc1)Oc1ccc(cc1)C1(NC(=O)c2c1cccc2)c1ccc(cc1)Oc1ccc(cc1)NC(=O)c1ccc2c(c1)C(=O)N(C2=O)c1ccc(cc1)Oc1ccc(cc1)S(=O)(=O)c1ccc(cc1)Oc1ccc(cc1)N1C(=O)c2c(C1=O)cc(cc2)*,Thermal decomposition temperature,506.0,C,exp
*C(=O)Nc1ccc(cc1)Oc1ccc(cc1)C1(NC(=O)c2c1cccc2)c1ccc(cc1)Oc1ccc(cc1)NC(=O)c1ccc2c(c1)C(=O)N(C2=O)c1ccc(cc1)Oc1ccc(cc1)S(=O)(=O)c1ccc(cc1)Oc1ccc(cc1)N1C(=O)c2c(C1=O)cc(cc2)*,Thermal decomposition weight loss,10.0,%,exp
*C(=O)Nc1ccc(cc1)Oc1ccc(cc1)C1(NC(=O)c2c1cccc2)c1ccc(cc1)Oc1ccc(cc1)NC(=O)c1ccc2c(c1)C(=O)N(C2=O)c1ccc(cc1)Oc1cccc(c1)N1C(=O)c2c(C1=O)cc(cc2)*,Elongation at break,18.0,%,exp
*C(=O)Nc1ccc(cc1)Oc1ccc(cc1)C1(NC(=O)c2c1cccc2)c1ccc(cc1)Oc1ccc(cc1)NC(=O)c1ccc2c(c1)C(=O)N(C2=O)c1ccc(cc1)Oc1cccc(c1)N1C(=O)c2c(C1=O)cc(cc2)*,Tensile stress strength at break,0.077,GPa,exp
*C(=O)Nc1ccc(cc1)Oc1ccc(cc1)C1(NC(=O)c2c1cccc2)c1ccc(cc1)Oc1ccc(cc1)NC(=O)c1ccc2c(c1)C(=O)N(C2=O)c1ccc(cc1)Oc1cccc(c1)N1C(=O)c2c(C1=O)cc(cc2)*,Glass transition temperature,272.0,C,exp
*C(=O)Nc1ccc(cc1)Oc1ccc(cc1)C1(NC(=O)c2c1cccc2)c1ccc(cc1)Oc1ccc(cc1)NC(=O)c1ccc2c(c1)C(=O)N(C2=O)c1ccc(cc1)Oc1cccc(c1)N1C(=O)c2c(C1=O)cc(cc2)*,Thermal decomposition temperature,504.0,C,exp
*C(=O)Nc1ccc(cc1)Oc1ccc(cc1)C1(NC(=O)c2c1cccc2)c1ccc(cc1)Oc1ccc(cc1)NC(=O)c1ccc2c(c1)C(=O)N(C2=O)c1ccc(cc1)Oc1cccc(c1)N1C(=O)c2c(C1=O)cc(cc2)*,Thermal decomposition weight loss,10.0,%,exp
*C(=O)Nc1ccc(cc1)Oc1ccc(cc1)C1(NC(=O)c2c1cccc2)c1ccc(cc1)Oc1ccc(cc1)NC(=O)c1ccc2c(c1)C(=O)N(C2=O)c1ccc(cc1)Oc1cccc(c1)Oc1ccc(cc1)N1C(=O)c2c(C1=O)cc(cc2)*,Elongation at break,11.0,%,exp
*C(=O)Nc1ccc(cc1)Oc1ccc(cc1)C1(NC(=O)c2c1cccc2)c1ccc(cc1)Oc1ccc(cc1)NC(=O)c1ccc2c(c1)C(=O)N(C2=O)c1ccc(cc1)Oc1cccc(c1)Oc1ccc(cc1)N1C(=O)c2c(C1=O)cc(cc2)*,Tensile stress strength at break,0.067,GPa,exp
*C(=O)Nc1ccc(cc1)Oc1ccc(cc1)C1(NC(=O)c2c1cccc2)c1ccc(cc1)Oc1ccc(cc1)NC(=O)c1ccc2c(c1)C(=O)N(C2=O)c1ccc(cc1)Oc1cccc(c1)Oc1ccc(cc1)N1C(=O)c2c(C1=O)cc(cc2)*,Glass transition temperature,267.0,C,exp
*C(=O)Nc1ccc(cc1)Oc1ccc(cc1)C1(NC(=O)c2c1cccc2)c1ccc(cc1)Oc1ccc(cc1)NC(=O)c1ccc2c(c1)C(=O)N(C2=O)c1ccc(cc1)Oc1cccc(c1)Oc1ccc(cc1)N1C(=O)c2c(C1=O)cc(cc2)*,Thermal decomposition temperature,496.0,C,exp
*C(=O)Nc1ccc(cc1)Oc1ccc(cc1)C1(NC(=O)c2c1cccc2)c1ccc(cc1)Oc1ccc(cc1)NC(=O)c1ccc2c(c1)C(=O)N(C2=O)c1ccc(cc1)Oc1cccc(c1)Oc1ccc(cc1)N1C(=O)c2c(C1=O)cc(cc2)*,Thermal decomposition weight loss,10.0,%,exp
*C(=O)Nc1ccc(cc1)Oc1ccc(cc1)C1(NC(=O)c2c1cccc2)c1ccc(cc1)Oc1ccc(cc1)NC(=O)c1ccc2c(c1)C(=O)N(C2=O)c1cccc(c1)N1C(=O)c2c(C1=O)cc(cc2)*,Elongation at break,9.0,%,exp
*C(=O)Nc1ccc(cc1)Oc1ccc(cc1)C1(NC(=O)c2c1cccc2)c1ccc(cc1)Oc1ccc(cc1)NC(=O)c1ccc2c(c1)C(=O)N(C2=O)c1cccc(c1)N1C(=O)c2c(C1=O)cc(cc2)*,Tensile stress strength at break,0.082,GPa,exp
*C(=O)Nc1ccc(cc1)Oc1ccc(cc1)C1(NC(=O)c2c1cccc2)c1ccc(cc1)Oc1ccc(cc1)NC(=O)c1ccc2c(c1)C(=O)N(C2=O)c1cccc(c1)N1C(=O)c2c(C1=O)cc(cc2)*,Glass transition temperature,320.0,C,exp
*C(=O)Nc1ccc(cc1)Oc1ccc(cc1)C1(NC(=O)c2c1cccc2)c1ccc(cc1)Oc1ccc(cc1)NC(=O)c1ccc2c(c1)C(=O)N(C2=O)c1cccc(c1)N1C(=O)c2c(C1=O)cc(cc2)*,Thermal decomposition temperature,510.0,C,exp
*C(=O)Nc1ccc(cc1)Oc1ccc(cc1)C1(NC(=O)c2c1cccc2)c1ccc(cc1)Oc1ccc(cc1)NC(=O)c1ccc2c(c1)C(=O)N(C2=O)c1cccc(c1)N1C(=O)c2c(C1=O)cc(cc2)*,Thermal decomposition weight loss,10.0,%,exp
*C(=O)Nc1ccc(cc1)Oc1ccc(cc1)N1C(=O)CC(C1=O)N1C(=O)c2c(C1=O)cc(cc2)*,Glass transition temperature,223.0,C,exp
*C(=O)Nc1ccc(cc1)Oc1ccc(cc1)N1C(=O)CC(C1=O)N1C(=O)c2c(C1=O)cc(cc2)*,Thermal decomposition temperature,342.0,C,exp
*C(=O)Nc1ccc(cc1)Oc1ccc(cc1)N1C(=O)CC(C1=O)N1C(=O)c2c(C1=O)cc(cc2)*,Thermal decomposition weight loss,10.0,%,exp
*C(=O)Nc1ccc(cc1)Oc1ccc(cc1)N1C(=O)c2c(C1=O)cc(cc2)*,Elongation at break,7.85,%,exp
*C(=O)Nc1ccc(cc1)Oc1ccc(cc1)N1C(=O)c2c(C1=O)cc(cc2)*,Tensile stress strength at break,0.091,GPa,exp
*C(=O)Nc1ccc(cc1)Oc1ccc(cc1)N1C(=O)c2c(C1=O)cc(cc2)*,Glass transition temperature,288.5,C,exp
*C(=O)Nc1ccc(cc1)Oc1ccc(cc1)N1C(=O)c2c(C1=O)cc(cc2)*,Thermal decomposition temperature,470.5,C,exp
*C(=O)Nc1ccc(cc1)Oc1ccc(cc1)N1C(=O)c2c(C1=O)cc(cc2)*,Thermal decomposition weight loss,10.0,%,exp
*C(=O)Nc1ccc(cc1)Oc1ccc(cc1)N1C(=O)c2c(C1=O)cc(cc2)*,Melting temperature,431.0,C,exp
*C(=O)Nc1ccc(cc1)Oc1ccc(cc1)NC(=O)c1ccc(cc1)N1C(=O)c2c(C1=O)cc(cc2)*,Glass transition temperature,244.0,C,exp
*C(=O)Nc1ccc(cc1)Oc1ccc(cc1)NC(=O)c1ccc(cc1)N1C(=O)c2c(C1=O)cc(cc2)*,Thermal decomposition temperature,428.5,C,exp
*C(=O)Nc1ccc(cc1)Oc1ccc(cc1)NC(=O)c1ccc(cc1)N1C(=O)c2c(C1=O)cc(cc2)*,Thermal decomposition weight loss,0.0,%,exp
*C(=O)Nc1ccc(cc1)Oc1ccc(cc1)NC(=O)c1ccc2c(c1)C(=O)N(C2=O)C1CCC(CC1)CC1CCC(CC1)N1C(=O)c2c(C1=O)cc(cc2)*,Elongation at break,7.0,%,exp
*C(=O)Nc1ccc(cc1)Oc1ccc(cc1)NC(=O)c1ccc2c(c1)C(=O)N(C2=O)C1CCC(CC1)CC1CCC(CC1)N1C(=O)c2c(C1=O)cc(cc2)*,Tensile stress strength at break,0.101,GPa,exp
*C(=O)Nc1ccc(cc1)Oc1ccc(cc1)NC(=O)c1ccc2c(c1)C(=O)N(C2=O)C1CCC(CC1)CC1CCC(CC1)N1C(=O)c2c(C1=O)cc(cc2)*,Glass transition temperature,250.0,C,exp
*C(=O)Nc1ccc(cc1)Oc1ccc(cc1)NC(=O)c1ccc2c(c1)C(=O)N(C2=O)C1CCC(CC1)CC1CCC(CC1)N1C(=O)c2c(C1=O)cc(cc2)*,Thermal decomposition temperature,460.0,C,exp
*C(=O)Nc1ccc(cc1)Oc1ccc(cc1)NC(=O)c1ccc2c(c1)C(=O)N(C2=O)C1CCC(CC1)CC1CCC(CC1)N1C(=O)c2c(C1=O)cc(cc2)*,Thermal decomposition weight loss,5.0,%,exp
*C(=O)Nc1ccc(cc1)Oc1ccc(cc1)NC(=O)c1ccc2c(c1)C(=O)N(C2=O)C1CCC(CC1)CC1CCC(CC1)N1C(=O)c2c(C1=O)cc(cc2)*,Melting temperature,411.0,C,exp
*C(=O)Nc1ccc(cc1)Oc1ccc(cc1)NC(=O)c1ccc2c(c1)C(=O)N(C2=O)c1cc(cc(c1Oc1ccc(cc1)C(F)(F)F)N1C(=O)c2c(C1=O)cc(cc2)*)C(F)(F)F,Glass transition temperature,295.0,C,exp
*C(=O)Nc1ccc(cc1)Oc1ccc(cc1)NC(=O)c1ccc2c(c1)C(=O)N(C2=O)c1cc(cc(c1Oc1ccc(cc1)C(F)(F)F)N1C(=O)c2c(C1=O)cc(cc2)*)C(F)(F)F,Thermal decomposition temperature,523.5,C,exp
*C(=O)Nc1ccc(cc1)Oc1ccc(cc1)NC(=O)c1ccc2c(c1)C(=O)N(C2=O)c1cc(cc(c1Oc1ccc(cc1)C(F)(F)F)N1C(=O)c2c(C1=O)cc(cc2)*)C(F)(F)F,Thermal decomposition weight loss,7.5,%,exp
*C(=O)Nc1ccc(cc1)Oc1ccc(cc1)NC(=O)c1ccc2c(c1)C(=O)N(C2=O)c1ccc(c(c1)c1ccccc1)Oc1ccc(cc1c1ccccc1)N1C(=O)c2c(C1=O)cc(cc2)*,Glass transition temperature,345.0,C,exp
*C(=O)Nc1ccc(cc1)Oc1ccc(cc1)NC(=O)c1ccc2c(c1)C(=O)N(C2=O)c1ccc(c(c1)c1ccccc1)Oc1ccc(cc1c1ccccc1)N1C(=O)c2c(C1=O)cc(cc2)*,Thermal decomposition temperature,496.0,C,exp
*C(=O)Nc1ccc(cc1)Oc1ccc(cc1)NC(=O)c1ccc2c(c1)C(=O)N(C2=O)c1ccc(c(c1)c1ccccc1)Oc1ccc(cc1c1ccccc1)N1C(=O)c2c(C1=O)cc(cc2)*,Thermal decomposition weight loss,7.5,%,exp
*C(=O)Nc1ccc(cc1)Oc1ccc(cc1)NC(=O)c1ccc2c(c1)C(=O)N(C2=O)c1ccc(cc1)Cc1ccc(cc1)N1C(=O)c2c(C1=O)cc(cc2)*,Elongation at break,15.0,%,exp
*C(=O)Nc1ccc(cc1)Oc1ccc(cc1)NC(=O)c1ccc2c(c1)C(=O)N(C2=O)c1ccc(cc1)Cc1ccc(cc1)N1C(=O)c2c(C1=O)cc(cc2)*,Tensile stress strength at break,0.078,GPa,exp
*C(=O)Nc1ccc(cc1)Oc1ccc(cc1)NC(=O)c1ccc2c(c1)C(=O)N(C2=O)c1ccc(cc1)Cc1ccc(cc1)N1C(=O)c2c(C1=O)cc(cc2)*,Glass transition temperature,251.0,C,exp
*C(=O)Nc1ccc(cc1)Oc1ccc(cc1)NC(=O)c1ccc2c(c1)C(=O)N(C2=O)c1ccc(cc1)Cc1ccc(cc1)N1C(=O)c2c(C1=O)cc(cc2)*,Thermal decomposition temperature,507.0,C,exp
*C(=O)Nc1ccc(cc1)Oc1ccc(cc1)NC(=O)c1ccc2c(c1)C(=O)N(C2=O)c1ccc(cc1)Cc1ccc(cc1)N1C(=O)c2c(C1=O)cc(cc2)*,Thermal decomposition weight loss,5.0,%,exp
*C(=O)Nc1ccc(cc1)Oc1ccc(cc1)NC(=O)c1ccc2c(c1)C(=O)N(C2=O)c1ccc(cc1)OCCCOc1ccc(cc1)N1C(=O)c2c(C1=O)cc(cc2)*,Thermal decomposition temperature,317.5,C,exp
*C(=O)Nc1ccc(cc1)Oc1ccc(cc1)NC(=O)c1ccc2c(c1)C(=O)N(C2=O)c1ccc(cc1)OCCCOc1ccc(cc1)N1C(=O)c2c(C1=O)cc(cc2)*,Thermal decomposition weight loss,7.5,%,exp
*C(=O)Nc1ccc(cc1)Oc1ccc(cc1)NC(=O)c1ccc2c(c1)C(=O)N(C2=O)c1ccc(cc1)Oc1ccc(cc1)C1(CC2CC1C1C2CCC1)c1ccc(cc1)Oc1ccc(cc1)N1C(=O)c2c(C1=O)cc(cc2)*,Elongation at break,3.0,%,exp
*C(=O)Nc1ccc(cc1)Oc1ccc(cc1)NC(=O)c1ccc2c(c1)C(=O)N(C2=O)c1ccc(cc1)Oc1ccc(cc1)C1(CC2CC1C1C2CCC1)c1ccc(cc1)Oc1ccc(cc1)N1C(=O)c2c(C1=O)cc(cc2)*,Tensile stress strength at break,0.087,GPa,exp
*C(=O)Nc1ccc(cc1)Oc1ccc(cc1)NC(=O)c1ccc2c(c1)C(=O)N(C2=O)c1ccc(cc1)Oc1ccc(cc1)C1(CC2CC1C1C2CCC1)c1ccc(cc1)Oc1ccc(cc1)N1C(=O)c2c(C1=O)cc(cc2)*,Glass transition temperature,250.0,C,exp
*C(=O)Nc1ccc(cc1)Oc1ccc(cc1)NC(=O)c1ccc2c(c1)C(=O)N(C2=O)c1ccc(cc1)Oc1ccc(cc1)C1(CC2CC1C1C2CCC1)c1ccc(cc1)Oc1ccc(cc1)N1C(=O)c2c(C1=O)cc(cc2)*,Thermal decomposition temperature,454.5,C,exp
*C(=O)Nc1ccc(cc1)Oc1ccc(cc1)NC(=O)c1ccc2c(c1)C(=O)N(C2=O)c1ccc(cc1)Oc1ccc(cc1)C1(CC2CC1C1C2CCC1)c1ccc(cc1)Oc1ccc(cc1)N1C(=O)c2c(C1=O)cc(cc2)*,Thermal decomposition weight loss,5.0,%,exp
*C(=O)Nc1ccc(cc1)Oc1ccc(cc1)NC(=O)c1ccc2c(c1)C(=O)N(C2=O)c1ccc(cc1)Oc1ccc(cc1)C1(NC(=O)c2c1cccc2)c1ccc(cc1)Oc1ccc(cc1)N1C(=O)c2c(C1=O)cc(cc2)*,Elongation at break,13.0,%,exp
*C(=O)Nc1ccc(cc1)Oc1ccc(cc1)NC(=O)c1ccc2c(c1)C(=O)N(C2=O)c1ccc(cc1)Oc1ccc(cc1)C1(NC(=O)c2c1cccc2)c1ccc(cc1)Oc1ccc(cc1)N1C(=O)c2c(C1=O)cc(cc2)*,Tensile stress strength at break,0.079,GPa,exp
*C(=O)Nc1ccc(cc1)Oc1ccc(cc1)NC(=O)c1ccc2c(c1)C(=O)N(C2=O)c1ccc(cc1)Oc1ccc(cc1)C1(NC(=O)c2c1cccc2)c1ccc(cc1)Oc1ccc(cc1)N1C(=O)c2c(C1=O)cc(cc2)*,Glass transition temperature,325.0,C,exp
*C(=O)Nc1ccc(cc1)Oc1ccc(cc1)NC(=O)c1ccc2c(c1)C(=O)N(C2=O)c1ccc(cc1)Oc1ccc(cc1)C1(NC(=O)c2c1cccc2)c1ccc(cc1)Oc1ccc(cc1)N1C(=O)c2c(C1=O)cc(cc2)*,Thermal decomposition temperature,519.0,C,exp
*C(=O)Nc1ccc(cc1)Oc1ccc(cc1)NC(=O)c1ccc2c(c1)C(=O)N(C2=O)c1ccc(cc1)Oc1ccc(cc1)C1(NC(=O)c2c1cccc2)c1ccc(cc1)Oc1ccc(cc1)N1C(=O)c2c(C1=O)cc(cc2)*,Thermal decomposition weight loss,10.0,%,exp
*C(=O)Nc1ccc(cc1)Oc1ccc(cc1)NC(=O)c1ccc2c(c1)C(=O)N(C2=O)c1ccc(cc1)Oc1ccc(cc1)N1C(=O)c2c(C1=O)cc(cc2)*,Elongation at break,12.5,%,exp
*C(=O)Nc1ccc(cc1)Oc1ccc(cc1)NC(=O)c1ccc2c(c1)C(=O)N(C2=O)c1ccc(cc1)Oc1ccc(cc1)N1C(=O)c2c(C1=O)cc(cc2)*,Tensile stress strength at break,0.084,GPa,exp
*C(=O)Nc1ccc(cc1)Oc1ccc(cc1)NC(=O)c1ccc2c(c1)C(=O)N(C2=O)c1ccc(cc1)Oc1ccc(cc1)N1C(=O)c2c(C1=O)cc(cc2)*,Glass transition temperature,282.0,C,exp
*C(=O)Nc1ccc(cc1)Oc1ccc(cc1)NC(=O)c1ccc2c(c1)C(=O)N(C2=O)c1ccc(cc1)Oc1ccc(cc1)N1C(=O)c2c(C1=O)cc(cc2)*,Thermal decomposition temperature,483.5,C,exp
*C(=O)Nc1ccc(cc1)Oc1ccc(cc1)NC(=O)c1ccc2c(c1)C(=O)N(C2=O)c1ccc(cc1)Oc1ccc(cc1)N1C(=O)c2c(C1=O)cc(cc2)*,Thermal decomposition weight loss,5.0,%,exp
*C(=O)Nc1ccc(cc1)Oc1ccc(cc1)NC(=O)c1ccc2c(c1)C(=O)N(C2=O)c1ccc(cc1)Oc1ccc(cc1)N1C(=O)c2c(C1=O)cc(cc2)*,Melting temperature,444.0,C,exp
*C(=O)Nc1ccc(cc1)Oc1ccc(cc1)NC(=O)c1ccc2c(c1)C(=O)N(C2=O)c1ccc(cc1)Oc1ccc2c(c1)cc(cc2)Oc1ccc(cc1)N1C(=O)c2c(C1=O)cc(cc2)*,Thermal decomposition temperature,545.0,C,exp
*C(=O)Nc1ccc(cc1)Oc1ccc(cc1)NC(=O)c1ccc2c(c1)C(=O)N(C2=O)c1ccc(cc1)Oc1ccc2c(c1)cc(cc2)Oc1ccc(cc1)N1C(=O)c2c(C1=O)cc(cc2)*,Thermal decomposition weight loss,10.0,%,exp
*C(=O)Nc1ccc(cc1)Oc1ccc(cc1)NC(=O)c1ccc2c(c1)C(=O)N(C2=O)c1ccc(cc1)Oc1ccc2c(c1)cc(cc2)Oc1ccc(cc1)N1C(=O)c2c(C1=O)cc(cc2)*,Melting temperature,410.0,C,exp
*C(=O)Nc1ccc(cc1)Oc1ccc(cc1)NC(=O)c1ccc2c(c1)C(=O)N(C2=O)c1ccc(cc1)Oc1cccc2c1cccc2N1C(=O)c2c(C1=O)cc(cc2)*,Glass transition temperature,278.0,C,exp
*C(=O)Nc1ccc(cc1)Oc1ccc(cc1)NC(=O)c1ccc2c(c1)C(=O)N(C2=O)c1ccc(cc1)Oc1cccc2c1cccc2N1C(=O)c2c(C1=O)cc(cc2)*,Thermal decomposition temperature,547.0,C,exp
*C(=O)Nc1ccc(cc1)Oc1ccc(cc1)NC(=O)c1ccc2c(c1)C(=O)N(C2=O)c1ccc(cc1)Oc1cccc2c1cccc2N1C(=O)c2c(C1=O)cc(cc2)*,Thermal decomposition weight loss,10.0,%,exp
*C(=O)Nc1ccc(cc1)Oc1ccc(cc1)NC(=O)c1ccc2c(c1)C(=O)N(C2=O)c1ccc(cc1)Oc1cccc2c1cccc2Oc1ccc(cc1)N1C(=O)c2c(C1=O)cc(cc2)*,Thermal decomposition temperature,520.5,C,exp
*C(=O)Nc1ccc(cc1)Oc1ccc(cc1)NC(=O)c1ccc2c(c1)C(=O)N(C2=O)c1ccc(cc1)Oc1cccc2c1cccc2Oc1ccc(cc1)N1C(=O)c2c(C1=O)cc(cc2)*,Thermal decomposition weight loss,10.0,%,exp
*C(=O)Nc1ccc(cc1)Oc1ccc(cc1)NC(=O)c1ccc2c(c1)C(=O)N(C2=O)c1ccc(cc1)Oc1cccc2c1cccc2Oc1ccc(cc1)N1C(=O)c2c(C1=O)cc(cc2)*,Melting temperature,425.0,C,exp
*C(=O)Nc1ccc(cc1)Oc1ccc(cc1)NC(=O)c1ccc2c(c1)C(=O)N(C2=O)c1ccc(cc1)S(=O)(=O)c1ccc(cc1)N1C(=O)c2c(C1=O)cc(cc2)*,Elongation at break,9.0,%,exp
*C(=O)Nc1ccc(cc1)Oc1ccc(cc1)NC(=O)c1ccc2c(c1)C(=O)N(C2=O)c1ccc(cc1)S(=O)(=O)c1ccc(cc1)N1C(=O)c2c(C1=O)cc(cc2)*,Tensile stress strength at break,0.092,GPa,exp
*C(=O)Nc1ccc(cc1)Oc1ccc(cc1)NC(=O)c1ccc2c(c1)C(=O)N(C2=O)c1ccc(cc1)S(=O)(=O)c1ccc(cc1)N1C(=O)c2c(C1=O)cc(cc2)*,Glass transition temperature,281.0,C,exp
*C(=O)Nc1ccc(cc1)Oc1ccc(cc1)NC(=O)c1ccc2c(c1)C(=O)N(C2=O)c1ccc(cc1)S(=O)(=O)c1ccc(cc1)N1C(=O)c2c(C1=O)cc(cc2)*,Thermal decomposition temperature,462.0,C,exp
*C(=O)Nc1ccc(cc1)Oc1ccc(cc1)NC(=O)c1ccc2c(c1)C(=O)N(C2=O)c1ccc(cc1)S(=O)(=O)c1ccc(cc1)N1C(=O)c2c(C1=O)cc(cc2)*,Thermal decomposition weight loss,5.0,%,exp
*C(=O)Nc1ccc(cc1)Oc1ccc(cc1)NC(=O)c1ccc2c(c1)C(=O)N(C2=O)c1ccc(cc1)c1sc(c(c1c1ccccc1)c1ccccc1)c1ccc(cc1)N1C(=O)c2c(C1=O)cc(cc2)*,Elongation at break,31.5,%,exp
*C(=O)Nc1ccc(cc1)Oc1ccc(cc1)NC(=O)c1ccc2c(c1)C(=O)N(C2=O)c1ccc(cc1)c1sc(c(c1c1ccccc1)c1ccccc1)c1ccc(cc1)N1C(=O)c2c(C1=O)cc(cc2)*,Tensile stress strength at break,0.0619,GPa,exp
*C(=O)Nc1ccc(cc1)Oc1ccc(cc1)NC(=O)c1ccc2c(c1)C(=O)N(C2=O)c1ccc(cc1)c1sc(c(c1c1ccccc1)c1ccccc1)c1ccc(cc1)N1C(=O)c2c(C1=O)cc(cc2)*,Glass transition temperature,320.0,C,exp
*C(=O)Nc1ccc(cc1)Oc1ccc(cc1)NC(=O)c1ccc2c(c1)C(=O)N(C2=O)c1ccc(cc1)c1sc(c(c1c1ccccc1)c1ccccc1)c1ccc(cc1)N1C(=O)c2c(C1=O)cc(cc2)*,Thermal decomposition temperature,698.0,C,exp
*C(=O)Nc1ccc(cc1)Oc1ccc(cc1)NC(=O)c1ccc2c(c1)C(=O)N(C2=O)c1ccc(cc1)c1sc(c(c1c1ccccc1)c1ccccc1)c1ccc(cc1)N1C(=O)c2c(C1=O)cc(cc2)*,Thermal decomposition weight loss,23.15,%,exp
*C(=O)Nc1ccc(cc1)Oc1ccc(cc1)NC(=O)c1ccc2c(c1)C(=O)N(C2=O)c1cccc(c1)P(=O)(c1cccc(c1)N1C(=O)c2c(C1=O)cc(cc2)*)c1ccccc1,Glass transition temperature,235.0,C,exp
*C(=O)Nc1ccc(cc1)Oc1ccc(cc1)NC(=O)c1ccc2c(c1)C(=O)N(C2=O)c1cccc(c1)P(=O)(c1cccc(c1)N1C(=O)c2c(C1=O)cc(cc2)*)c1ccccc1,Thermal decomposition temperature,695.0,C,exp
*C(=O)Nc1ccc(cc1)Oc1ccc(cc1)NC(=O)c1ccc2c(c1)C(=O)N(C2=O)c1cccc(c1)P(=O)(c1cccc(c1)N1C(=O)c2c(C1=O)cc(cc2)*)c1ccccc1,Thermal decomposition weight loss,27.0,%,exp
*C(=O)Nc1ccc(cc1)Oc1ccc(cc1)Oc1ccc(cc1)N1C(=O)c2c(C1=O)cc(cc2)*,Glass transition temperature,250.0,C,exp
*C(=O)Nc1ccc(cc1)Oc1ccc(cc1)Oc1ccc(cc1)N1C(=O)c2c(C1=O)cc(cc2)*,Thermal decomposition temperature,636.5,C,exp
*C(=O)Nc1ccc(cc1)Oc1ccc(cc1)Oc1ccc(cc1)N1C(=O)c2c(C1=O)cc(cc2)*,Thermal decomposition weight loss,25.5,%,exp
*C(=O)Nc1ccc(cc1)Oc1ccc(cc1)Oc1ccc(cc1)N1C(=O)c2c(C1=O)cc(cc2)*,Melting temperature,441.0,C,exp
*C(=O)Nc1ccc(cc1)Oc1ccc(cc1)Oc1ccc(cc1)NC(=O)c1ccc2c(c1)C(=O)N(C2=O)c1ccc(cc1)Oc1ccc(cc1)C1(CC2CC1C1C2CCC1)c1ccc(cc1)Oc1ccc(cc1)N1C(=O)c2c(C1=O)cc(cc2)*,Glass transition temperature,257.0,C,exp
*C(=O)Nc1ccc(cc1)Oc1ccc(cc1)Oc1ccc(cc1)NC(=O)c1ccc2c(c1)C(=O)N(C2=O)c1ccc(cc1)Oc1ccc(cc1)C1(CC2CC1C1C2CCC1)c1ccc(cc1)Oc1ccc(cc1)N1C(=O)c2c(C1=O)cc(cc2)*,Thermal decomposition temperature,454.5,C,exp
*C(=O)Nc1ccc(cc1)Oc1ccc(cc1)Oc1ccc(cc1)NC(=O)c1ccc2c(c1)C(=O)N(C2=O)c1ccc(cc1)Oc1ccc(cc1)C1(CC2CC1C1C2CCC1)c1ccc(cc1)Oc1ccc(cc1)N1C(=O)c2c(C1=O)cc(cc2)*,Thermal decomposition weight loss,5.0,%,exp
*C(=O)Nc1ccc(cc1)Oc1ccc(cc1)Oc1ccc(cc1)NC(=O)c1ccc2c(c1)C(=O)N(C2=O)c1ccc(cc1)Oc1ccc(cc1)C1(NC(=O)c2c1cccc2)c1ccc(cc1)Oc1ccc(cc1)N1C(=O)c2c(C1=O)cc(cc2)*,Elongation at break,17.0,%,exp
*C(=O)Nc1ccc(cc1)Oc1ccc(cc1)Oc1ccc(cc1)NC(=O)c1ccc2c(c1)C(=O)N(C2=O)c1ccc(cc1)Oc1ccc(cc1)C1(NC(=O)c2c1cccc2)c1ccc(cc1)Oc1ccc(cc1)N1C(=O)c2c(C1=O)cc(cc2)*,Tensile stress strength at break,0.075,GPa,exp
*C(=O)Nc1ccc(cc1)Oc1ccc(cc1)Oc1ccc(cc1)NC(=O)c1ccc2c(c1)C(=O)N(C2=O)c1ccc(cc1)Oc1ccc(cc1)C1(NC(=O)c2c1cccc2)c1ccc(cc1)Oc1ccc(cc1)N1C(=O)c2c(C1=O)cc(cc2)*,Glass transition temperature,300.0,C,exp
*C(=O)Nc1ccc(cc1)Oc1ccc(cc1)Oc1ccc(cc1)NC(=O)c1ccc2c(c1)C(=O)N(C2=O)c1ccc(cc1)Oc1ccc(cc1)C1(NC(=O)c2c1cccc2)c1ccc(cc1)Oc1ccc(cc1)N1C(=O)c2c(C1=O)cc(cc2)*,Thermal decomposition temperature,516.5,C,exp
*C(=O)Nc1ccc(cc1)Oc1ccc(cc1)Oc1ccc(cc1)NC(=O)c1ccc2c(c1)C(=O)N(C2=O)c1ccc(cc1)Oc1ccc(cc1)C1(NC(=O)c2c1cccc2)c1ccc(cc1)Oc1ccc(cc1)N1C(=O)c2c(C1=O)cc(cc2)*,Thermal decomposition weight loss,10.0,%,exp
*C(=O)Nc1ccc(cc1)Oc1ccc(cc1)Oc1ccc(cc1)NC(=O)c1ccc2c(c1)C(=O)N(C2=O)c1ccc(cc1)Oc1ccc(cc1)N1C(=O)c2c(C1=O)cc(cc2)*,Glass transition temperature,260.0,C,exp
*C(=O)Nc1ccc(cc1)Oc1ccc(cc1)Oc1ccc(cc1)NC(=O)c1ccc2c(c1)C(=O)N(C2=O)c1ccc(cc1)Oc1ccc(cc1)N1C(=O)c2c(C1=O)cc(cc2)*,Thermal decomposition temperature,513.0,C,exp
*C(=O)Nc1ccc(cc1)Oc1ccc(cc1)Oc1ccc(cc1)NC(=O)c1ccc2c(c1)C(=O)N(C2=O)c1ccc(cc1)Oc1ccc(cc1)N1C(=O)c2c(C1=O)cc(cc2)*,Thermal decomposition weight loss,5.0,%,exp
*C(=O)Nc1ccc(cc1)Oc1ccc(cc1)Oc1ccc(cc1)NC(=O)c1ccc2c(c1)C(=O)N(C2=O)c1ccc(cc1)Oc1ccc2c(c1)cc(cc2)Oc1ccc(cc1)N1C(=O)c2c(C1=O)cc(cc2)*,Thermal decomposition temperature,537.5,C,exp
*C(=O)Nc1ccc(cc1)Oc1ccc(cc1)Oc1ccc(cc1)NC(=O)c1ccc2c(c1)C(=O)N(C2=O)c1ccc(cc1)Oc1ccc2c(c1)cc(cc2)Oc1ccc(cc1)N1C(=O)c2c(C1=O)cc(cc2)*,Thermal decomposition weight loss,10.0,%,exp
*C(=O)Nc1ccc(cc1)Oc1ccc(cc1)Oc1ccc(cc1)NC(=O)c1ccc2c(c1)C(=O)N(C2=O)c1ccc(cc1)Oc1ccc2c(c1)cc(cc2)Oc1ccc(cc1)N1C(=O)c2c(C1=O)cc(cc2)*,Melting temperature,407.0,C,exp
*C(=O)Nc1ccc(cc1)Oc1ccc(cc1)Oc1ccc(cc1)NC(=O)c1ccc2c(c1)C(=O)N(C2=O)c1ccc(cc1)Oc1cccc2c1cccc2Oc1ccc(cc1)N1C(=O)c2c(C1=O)cc(cc2)*,Glass transition temperature,285.0,C,exp
*C(=O)Nc1ccc(cc1)Oc1ccc(cc1)Oc1ccc(cc1)NC(=O)c1ccc2c(c1)C(=O)N(C2=O)c1ccc(cc1)Oc1cccc2c1cccc2Oc1ccc(cc1)N1C(=O)c2c(C1=O)cc(cc2)*,Thermal decomposition temperature,538.5,C,exp
*C(=O)Nc1ccc(cc1)Oc1ccc(cc1)Oc1ccc(cc1)NC(=O)c1ccc2c(c1)C(=O)N(C2=O)c1ccc(cc1)Oc1cccc2c1cccc2Oc1ccc(cc1)N1C(=O)c2c(C1=O)cc(cc2)*,Thermal decomposition weight loss,10.0,%,exp
*C(=O)Nc1ccc(cc1)Oc1ccc(cc1)Oc1ccc(cc1)NC(=O)c1ccc2c(c1)C(=O)N(C2=O)c1ccc(cc1)Oc1cccc2c1cccc2Oc1ccc(cc1)N1C(=O)c2c(C1=O)cc(cc2)*,Melting temperature,430.0,C,exp
*C(=O)Nc1ccc(cc1)Oc1ccc(cc1)Oc1ccc(cc1)NC(=O)c1ccc2c(c1)C(=O)N(C2=O)c1ccc(cc1)S(=O)(=O)c1ccc(cc1)N1C(=O)c2c(C1=O)cc(cc2)*,Elongation at break,5.0,%,exp
*C(=O)Nc1ccc(cc1)Oc1ccc(cc1)Oc1ccc(cc1)NC(=O)c1ccc2c(c1)C(=O)N(C2=O)c1ccc(cc1)S(=O)(=O)c1ccc(cc1)N1C(=O)c2c(C1=O)cc(cc2)*,Tensile stress strength at break,0.088,GPa,exp
*C(=O)Nc1ccc(cc1)Oc1ccc(cc1)Oc1ccc(cc1)NC(=O)c1ccc2c(c1)C(=O)N(C2=O)c1ccc(cc1)S(=O)(=O)c1ccc(cc1)N1C(=O)c2c(C1=O)cc(cc2)*,Glass transition temperature,243.0,C,exp
*C(=O)Nc1ccc(cc1)Oc1ccc(cc1)Oc1ccc(cc1)NC(=O)c1ccc2c(c1)C(=O)N(C2=O)c1ccc(cc1)S(=O)(=O)c1ccc(cc1)N1C(=O)c2c(C1=O)cc(cc2)*,Thermal decomposition temperature,494.0,C,exp
*C(=O)Nc1ccc(cc1)Oc1ccc(cc1)Oc1ccc(cc1)NC(=O)c1ccc2c(c1)C(=O)N(C2=O)c1ccc(cc1)S(=O)(=O)c1ccc(cc1)N1C(=O)c2c(C1=O)cc(cc2)*,Thermal decomposition weight loss,5.0,%,exp
*C(=O)Nc1ccc(cc1)Oc1ccc(cc1)Oc1ccc(cc1)NC(=O)c1ccc2c(c1)C(=O)N(C2=O)c1ccc(cc1)c1sc(c(c1c1ccccc1)c1ccccc1)c1ccc(cc1)N1C(=O)c2c(C1=O)cc(cc2)*,Elongation at break,12.4,%,exp
*C(=O)Nc1ccc(cc1)Oc1ccc(cc1)Oc1ccc(cc1)NC(=O)c1ccc2c(c1)C(=O)N(C2=O)c1ccc(cc1)c1sc(c(c1c1ccccc1)c1ccccc1)c1ccc(cc1)N1C(=O)c2c(C1=O)cc(cc2)*,Tensile stress strength at break,0.068,GPa,exp
*C(=O)Nc1ccc(cc1)Oc1ccc(cc1)Oc1ccc(cc1)NC(=O)c1ccc2c(c1)C(=O)N(C2=O)c1ccc(cc1)c1sc(c(c1c1ccccc1)c1ccccc1)c1ccc(cc1)N1C(=O)c2c(C1=O)cc(cc2)*,Glass transition temperature,303.0,C,exp
*C(=O)Nc1ccc(cc1)Oc1ccc(cc1)Oc1ccc(cc1)NC(=O)c1ccc2c(c1)C(=O)N(C2=O)c1ccc(cc1)c1sc(c(c1c1ccccc1)c1ccccc1)c1ccc(cc1)N1C(=O)c2c(C1=O)cc(cc2)*,Thermal decomposition temperature,682.5,C,exp
*C(=O)Nc1ccc(cc1)Oc1ccc(cc1)Oc1ccc(cc1)NC(=O)c1ccc2c(c1)C(=O)N(C2=O)c1ccc(cc1)c1sc(c(c1c1ccccc1)c1ccccc1)c1ccc(cc1)N1C(=O)c2c(C1=O)cc(cc2)*,Thermal decomposition weight loss,25.95,%,exp
*C(=O)Nc1ccc(cc1)Oc1ccc(cc1)Oc1ccc(cc1)Oc1ccc(cc1)NC(=O)c1ccc2c(c1)C(=O)N(C2=O)c1ccc(cc1)Oc1ccc2c(c1)cc(cc2)Oc1ccc(cc1)N1C(=O)c2c(C1=O)cc(cc2)*,Elongation at break,5.0,%,exp
*C(=O)Nc1ccc(cc1)Oc1ccc(cc1)Oc1ccc(cc1)Oc1ccc(cc1)NC(=O)c1ccc2c(c1)C(=O)N(C2=O)c1ccc(cc1)Oc1ccc2c(c1)cc(cc2)Oc1ccc(cc1)N1C(=O)c2c(C1=O)cc(cc2)*,Tensile stress strength at break,0.083,GPa,exp
*C(=O)Nc1ccc(cc1)Oc1ccc(cc1)Oc1ccc(cc1)Oc1ccc(cc1)NC(=O)c1ccc2c(c1)C(=O)N(C2=O)c1ccc(cc1)Oc1ccc2c(c1)cc(cc2)Oc1ccc(cc1)N1C(=O)c2c(C1=O)cc(cc2)*,Thermal decomposition temperature,520.5,C,exp
*C(=O)Nc1ccc(cc1)Oc1ccc(cc1)Oc1ccc(cc1)Oc1ccc(cc1)NC(=O)c1ccc2c(c1)C(=O)N(C2=O)c1ccc(cc1)Oc1ccc2c(c1)cc(cc2)Oc1ccc(cc1)N1C(=O)c2c(C1=O)cc(cc2)*,Thermal decomposition weight loss,10.0,%,exp
*C(=O)Nc1ccc(cc1)Oc1ccc(cc1)Oc1ccc(cc1)Oc1ccc(cc1)NC(=O)c1ccc2c(c1)C(=O)N(C2=O)c1ccc(cc1)Oc1ccc2c(c1)cc(cc2)Oc1ccc(cc1)N1C(=O)c2c(C1=O)cc(cc2)*,Melting temperature,363.0,C,exp
*C(=O)Nc1ccc(cc1)Oc1ccc(cc1)S(=O)(=O)c1ccc(cc1)Oc1ccc(cc1)NC(=O)c1ccc2c(c1)C(=O)N(C2=O)c1ccc(cc1)Oc1ccc(cc1)C1(NC(=O)c2c1cccc2)c1ccc(cc1)Oc1ccc(cc1)N1C(=O)c2c(C1=O)cc(cc2)*,Elongation at break,7.0,%,exp
*C(=O)Nc1ccc(cc1)Oc1ccc(cc1)S(=O)(=O)c1ccc(cc1)Oc1ccc(cc1)NC(=O)c1ccc2c(c1)C(=O)N(C2=O)c1ccc(cc1)Oc1ccc(cc1)C1(NC(=O)c2c1cccc2)c1ccc(cc1)Oc1ccc(cc1)N1C(=O)c2c(C1=O)cc(cc2)*,Tensile stress strength at break,0.086,GPa,exp
*C(=O)Nc1ccc(cc1)Oc1ccc(cc1)S(=O)(=O)c1ccc(cc1)Oc1ccc(cc1)NC(=O)c1ccc2c(c1)C(=O)N(C2=O)c1ccc(cc1)Oc1ccc(cc1)C1(NC(=O)c2c1cccc2)c1ccc(cc1)Oc1ccc(cc1)N1C(=O)c2c(C1=O)cc(cc2)*,Glass transition temperature,302.0,C,exp
*C(=O)Nc1ccc(cc1)Oc1ccc(cc1)S(=O)(=O)c1ccc(cc1)Oc1ccc(cc1)NC(=O)c1ccc2c(c1)C(=O)N(C2=O)c1ccc(cc1)Oc1ccc(cc1)C1(NC(=O)c2c1cccc2)c1ccc(cc1)Oc1ccc(cc1)N1C(=O)c2c(C1=O)cc(cc2)*,Thermal decomposition temperature,502.0,C,exp
*C(=O)Nc1ccc(cc1)Oc1ccc(cc1)S(=O)(=O)c1ccc(cc1)Oc1ccc(cc1)NC(=O)c1ccc2c(c1)C(=O)N(C2=O)c1ccc(cc1)Oc1ccc(cc1)C1(NC(=O)c2c1cccc2)c1ccc(cc1)Oc1ccc(cc1)N1C(=O)c2c(C1=O)cc(cc2)*,Thermal decomposition weight loss,10.0,%,exp
*C(=O)Nc1ccc(cc1)Oc1ccc(cc1)S(=O)(=O)c1ccc(cc1)Oc1ccc(cc1)NC(=O)c1ccc2c(c1)C(=O)N(C2=O)c1ccc(cc1)Oc1ccc2c(c1)cc(cc2)Oc1ccc(cc1)N1C(=O)c2c(C1=O)cc(cc2)*,Elongation at break,5.0,%,exp
*C(=O)Nc1ccc(cc1)Oc1ccc(cc1)S(=O)(=O)c1ccc(cc1)Oc1ccc(cc1)NC(=O)c1ccc2c(c1)C(=O)N(C2=O)c1ccc(cc1)Oc1ccc2c(c1)cc(cc2)Oc1ccc(cc1)N1C(=O)c2c(C1=O)cc(cc2)*,Tensile stress strength at break,0.07,GPa,exp
*C(=O)Nc1ccc(cc1)Oc1ccc(cc1)S(=O)(=O)c1ccc(cc1)Oc1ccc(cc1)NC(=O)c1ccc2c(c1)C(=O)N(C2=O)c1ccc(cc1)Oc1ccc2c(c1)cc(cc2)Oc1ccc(cc1)N1C(=O)c2c(C1=O)cc(cc2)*,Glass transition temperature,274.0,C,exp
*C(=O)Nc1ccc(cc1)Oc1ccc(cc1)S(=O)(=O)c1ccc(cc1)Oc1ccc(cc1)NC(=O)c1ccc2c(c1)C(=O)N(C2=O)c1ccc(cc1)Oc1ccc2c(c1)cc(cc2)Oc1ccc(cc1)N1C(=O)c2c(C1=O)cc(cc2)*,Thermal decomposition temperature,510.5,C,exp
*C(=O)Nc1ccc(cc1)Oc1ccc(cc1)S(=O)(=O)c1ccc(cc1)Oc1ccc(cc1)NC(=O)c1ccc2c(c1)C(=O)N(C2=O)c1ccc(cc1)Oc1ccc2c(c1)cc(cc2)Oc1ccc(cc1)N1C(=O)c2c(C1=O)cc(cc2)*,Thermal decomposition weight loss,10.0,%,exp
*C(=O)Nc1ccc(cc1)Oc1ccc(cc1)S(=O)(=O)c1ccc(cc1)Oc1ccc(cc1)NC(=O)c1ccc2c(c1)C(=O)N(C2=O)c1ccc(cc1)Oc1cccc2c1cccc2Oc1ccc(cc1)N1C(=O)c2c(C1=O)cc(cc2)*,Elongation at break,9.0,%,exp
*C(=O)Nc1ccc(cc1)Oc1ccc(cc1)S(=O)(=O)c1ccc(cc1)Oc1ccc(cc1)NC(=O)c1ccc2c(c1)C(=O)N(C2=O)c1ccc(cc1)Oc1cccc2c1cccc2Oc1ccc(cc1)N1C(=O)c2c(C1=O)cc(cc2)*,Tensile stress strength at break,0.068,GPa,exp
*C(=O)Nc1ccc(cc1)Oc1ccc(cc1)S(=O)(=O)c1ccc(cc1)Oc1ccc(cc1)NC(=O)c1ccc2c(c1)C(=O)N(C2=O)c1ccc(cc1)Oc1cccc2c1cccc2Oc1ccc(cc1)N1C(=O)c2c(C1=O)cc(cc2)*,Glass transition temperature,260.0,C,exp
*C(=O)Nc1ccc(cc1)Oc1ccc(cc1)S(=O)(=O)c1ccc(cc1)Oc1ccc(cc1)NC(=O)c1ccc2c(c1)C(=O)N(C2=O)c1ccc(cc1)Oc1cccc2c1cccc2Oc1ccc(cc1)N1C(=O)c2c(C1=O)cc(cc2)*,Thermal decomposition temperature,519.5,C,exp
*C(=O)Nc1ccc(cc1)Oc1ccc(cc1)S(=O)(=O)c1ccc(cc1)Oc1ccc(cc1)NC(=O)c1ccc2c(c1)C(=O)N(C2=O)c1ccc(cc1)Oc1cccc2c1cccc2Oc1ccc(cc1)N1C(=O)c2c(C1=O)cc(cc2)*,Thermal decomposition weight loss,10.0,%,exp
*C(=O)Nc1ccc(cc1)Oc1ccc(cc1)c1ccc(cc1)Oc1ccc(cc1)NC(=O)c1ccc2c(c1)C(=O)N(C2=O)c1ccc(c(c1)N1C(=O)c2c(C1=O)cc(cc2)*)C,Elongation at break,20.0,%,exp
*C(=O)Nc1ccc(cc1)Oc1ccc(cc1)c1ccc(cc1)Oc1ccc(cc1)NC(=O)c1ccc2c(c1)C(=O)N(C2=O)c1ccc(c(c1)N1C(=O)c2c(C1=O)cc(cc2)*)C,Tensile stress strength at break,0.08,GPa,exp
*C(=O)Nc1ccc(cc1)Oc1ccc(cc1)c1ccc(cc1)Oc1ccc(cc1)NC(=O)c1ccc2c(c1)C(=O)N(C2=O)c1ccc(c(c1)N1C(=O)c2c(C1=O)cc(cc2)*)C,Glass transition temperature,299.0,C,exp
*C(=O)Nc1ccc(cc1)Oc1ccc(cc1)c1ccc(cc1)Oc1ccc(cc1)NC(=O)c1ccc2c(c1)C(=O)N(C2=O)c1ccc(c(c1)N1C(=O)c2c(C1=O)cc(cc2)*)C,Thermal decomposition temperature,524.5,C,exp
*C(=O)Nc1ccc(cc1)Oc1ccc(cc1)c1ccc(cc1)Oc1ccc(cc1)NC(=O)c1ccc2c(c1)C(=O)N(C2=O)c1ccc(c(c1)N1C(=O)c2c(C1=O)cc(cc2)*)C,Thermal decomposition weight loss,10.0,%,exp
*C(=O)Nc1ccc(cc1)Oc1ccc(cc1)c1ccc(cc1)Oc1ccc(cc1)NC(=O)c1ccc2c(c1)C(=O)N(C2=O)c1ccc(cc1)Cc1ccc(cc1)N1C(=O)c2c(C1=O)cc(cc2)*,Thermal decomposition temperature,524.5,C,exp
*C(=O)Nc1ccc(cc1)Oc1ccc(cc1)c1ccc(cc1)Oc1ccc(cc1)NC(=O)c1ccc2c(c1)C(=O)N(C2=O)c1ccc(cc1)Cc1ccc(cc1)N1C(=O)c2c(C1=O)cc(cc2)*,Thermal decomposition weight loss,10.0,%,exp
*C(=O)Nc1ccc(cc1)Oc1ccc(cc1)c1ccc(cc1)Oc1ccc(cc1)NC(=O)c1ccc2c(c1)C(=O)N(C2=O)c1ccc(cc1)N1C(=O)c2c(C1=O)cc(cc2)*,Thermal decomposition temperature,532.0,C,exp
*C(=O)Nc1ccc(cc1)Oc1ccc(cc1)c1ccc(cc1)Oc1ccc(cc1)NC(=O)c1ccc2c(c1)C(=O)N(C2=O)c1ccc(cc1)N1C(=O)c2c(C1=O)cc(cc2)*,Thermal decomposition weight loss,10.0,%,exp
*C(=O)Nc1ccc(cc1)Oc1ccc(cc1)c1ccc(cc1)Oc1ccc(cc1)NC(=O)c1ccc2c(c1)C(=O)N(C2=O)c1ccc(cc1)Oc1ccc(cc1)C(c1ccc(cc1)Oc1ccc(cc1)N1C(=O)c2c(C1=O)cc(cc2)*)(C)C,Elongation at break,9.0,%,exp
*C(=O)Nc1ccc(cc1)Oc1ccc(cc1)c1ccc(cc1)Oc1ccc(cc1)NC(=O)c1ccc2c(c1)C(=O)N(C2=O)c1ccc(cc1)Oc1ccc(cc1)C(c1ccc(cc1)Oc1ccc(cc1)N1C(=O)c2c(C1=O)cc(cc2)*)(C)C,Tensile stress strength at break,0.077,GPa,exp
*C(=O)Nc1ccc(cc1)Oc1ccc(cc1)c1ccc(cc1)Oc1ccc(cc1)NC(=O)c1ccc2c(c1)C(=O)N(C2=O)c1ccc(cc1)Oc1ccc(cc1)C(c1ccc(cc1)Oc1ccc(cc1)N1C(=O)c2c(C1=O)cc(cc2)*)(C)C,Glass transition temperature,283.0,C,exp
*C(=O)Nc1ccc(cc1)Oc1ccc(cc1)c1ccc(cc1)Oc1ccc(cc1)NC(=O)c1ccc2c(c1)C(=O)N(C2=O)c1ccc(cc1)Oc1ccc(cc1)C(c1ccc(cc1)Oc1ccc(cc1)N1C(=O)c2c(C1=O)cc(cc2)*)(C)C,Thermal decomposition temperature,520.5,C,exp
*C(=O)Nc1ccc(cc1)Oc1ccc(cc1)c1ccc(cc1)Oc1ccc(cc1)NC(=O)c1ccc2c(c1)C(=O)N(C2=O)c1ccc(cc1)Oc1ccc(cc1)C(c1ccc(cc1)Oc1ccc(cc1)N1C(=O)c2c(C1=O)cc(cc2)*)(C)C,Thermal decomposition weight loss,10.0,%,exp
*C(=O)Nc1ccc(cc1)Oc1ccc(cc1)c1ccc(cc1)Oc1ccc(cc1)NC(=O)c1ccc2c(c1)C(=O)N(C2=O)c1ccc(cc1)Oc1ccc(cc1)C(c1ccc(cc1)Oc1ccc(cc1)N1C(=O)c2c(C1=O)cc(cc2)*)(C)C,Melting temperature,349.0,C,exp
*C(=O)Nc1ccc(cc1)Oc1ccc(cc1)c1ccc(cc1)Oc1ccc(cc1)NC(=O)c1ccc2c(c1)C(=O)N(C2=O)c1ccc(cc1)Oc1ccc(cc1)N1C(=O)c2c(C1=O)cc(cc2)*,Elongation at break,16.0,%,exp
*C(=O)Nc1ccc(cc1)Oc1ccc(cc1)c1ccc(cc1)Oc1ccc(cc1)NC(=O)c1ccc2c(c1)C(=O)N(C2=O)c1ccc(cc1)Oc1ccc(cc1)N1C(=O)c2c(C1=O)cc(cc2)*,Tensile stress strength at break,0.096,GPa,exp
*C(=O)Nc1ccc(cc1)Oc1ccc(cc1)c1ccc(cc1)Oc1ccc(cc1)NC(=O)c1ccc2c(c1)C(=O)N(C2=O)c1ccc(cc1)Oc1ccc(cc1)N1C(=O)c2c(C1=O)cc(cc2)*,Glass transition temperature,286.0,C,exp
*C(=O)Nc1ccc(cc1)Oc1ccc(cc1)c1ccc(cc1)Oc1ccc(cc1)NC(=O)c1ccc2c(c1)C(=O)N(C2=O)c1ccc(cc1)Oc1ccc(cc1)N1C(=O)c2c(C1=O)cc(cc2)*,Thermal decomposition temperature,548.0,C,exp
*C(=O)Nc1ccc(cc1)Oc1ccc(cc1)c1ccc(cc1)Oc1ccc(cc1)NC(=O)c1ccc2c(c1)C(=O)N(C2=O)c1ccc(cc1)Oc1ccc(cc1)N1C(=O)c2c(C1=O)cc(cc2)*,Thermal decomposition weight loss,10.0,%,exp
*C(=O)Nc1ccc(cc1)Oc1ccc(cc1)c1ccc(cc1)Oc1ccc(cc1)NC(=O)c1ccc2c(c1)C(=O)N(C2=O)c1ccc(cc1)Oc1ccc(cc1)Oc1ccc(cc1)N1C(=O)c2c(C1=O)cc(cc2)*,Thermal decomposition temperature,533.5,C,exp
*C(=O)Nc1ccc(cc1)Oc1ccc(cc1)c1ccc(cc1)Oc1ccc(cc1)NC(=O)c1ccc2c(c1)C(=O)N(C2=O)c1ccc(cc1)Oc1ccc(cc1)Oc1ccc(cc1)N1C(=O)c2c(C1=O)cc(cc2)*,Thermal decomposition weight loss,10.0,%,exp
*C(=O)Nc1ccc(cc1)Oc1ccc(cc1)c1ccc(cc1)Oc1ccc(cc1)NC(=O)c1ccc2c(c1)C(=O)N(C2=O)c1ccc(cc1)Oc1ccc(cc1)S(=O)(=O)c1ccc(cc1)Oc1ccc(cc1)N1C(=O)c2c(C1=O)cc(cc2)*,Glass transition temperature,267.0,C,exp
*C(=O)Nc1ccc(cc1)Oc1ccc(cc1)c1ccc(cc1)Oc1ccc(cc1)NC(=O)c1ccc2c(c1)C(=O)N(C2=O)c1ccc(cc1)Oc1ccc(cc1)S(=O)(=O)c1ccc(cc1)Oc1ccc(cc1)N1C(=O)c2c(C1=O)cc(cc2)*,Thermal decomposition temperature,542.5,C,exp
*C(=O)Nc1ccc(cc1)Oc1ccc(cc1)c1ccc(cc1)Oc1ccc(cc1)NC(=O)c1ccc2c(c1)C(=O)N(C2=O)c1ccc(cc1)Oc1ccc(cc1)S(=O)(=O)c1ccc(cc1)Oc1ccc(cc1)N1C(=O)c2c(C1=O)cc(cc2)*,Thermal decomposition weight loss,10.0,%,exp
*C(=O)Nc1ccc(cc1)Oc1ccc(cc1)c1ccc(cc1)Oc1ccc(cc1)NC(=O)c1ccc2c(c1)C(=O)N(C2=O)c1ccc(cc1)Oc1ccc(cc1)S(=O)(=O)c1ccc(cc1)Oc1ccc(cc1)N1C(=O)c2c(C1=O)cc(cc2)*,Melting temperature,381.0,C,exp
*C(=O)Nc1ccc(cc1)Oc1ccc(cc1)c1ccc(cc1)Oc1ccc(cc1)NC(=O)c1ccc2c(c1)C(=O)N(C2=O)c1ccc(cc1)Oc1ccc(cc1)c1ccc(cc1)Oc1ccc(cc1)N1C(=O)c2c(C1=O)cc(cc2)*,Glass transition temperature,254.0,C,exp
*C(=O)Nc1ccc(cc1)Oc1ccc(cc1)c1ccc(cc1)Oc1ccc(cc1)NC(=O)c1ccc2c(c1)C(=O)N(C2=O)c1ccc(cc1)Oc1ccc(cc1)c1ccc(cc1)Oc1ccc(cc1)N1C(=O)c2c(C1=O)cc(cc2)*,Thermal decomposition temperature,540.5,C,exp
*C(=O)Nc1ccc(cc1)Oc1ccc(cc1)c1ccc(cc1)Oc1ccc(cc1)NC(=O)c1ccc2c(c1)C(=O)N(C2=O)c1ccc(cc1)Oc1ccc(cc1)c1ccc(cc1)Oc1ccc(cc1)N1C(=O)c2c(C1=O)cc(cc2)*,Thermal decomposition weight loss,10.0,%,exp
*C(=O)Nc1ccc(cc1)Oc1ccc(cc1)c1ccc(cc1)Oc1ccc(cc1)NC(=O)c1ccc2c(c1)C(=O)N(C2=O)c1ccc(cc1)Oc1ccc(cc1)c1ccc(cc1)Oc1ccc(cc1)N1C(=O)c2c(C1=O)cc(cc2)*,Melting temperature,401.0,C,exp
*C(=O)Nc1ccc(cc1)Oc1ccc(cc1)c1ccc(cc1)Oc1ccc(cc1)NC(=O)c1ccc2c(c1)C(=O)N(C2=O)c1ccc(cc1)Oc1ccc(cc1)c1ccc(cc1)Oc1ccc(cc1)N1C(=O)c2c(C1=O)cc(cc2)*,Thermal decomposition temperature,541.0,C,exp
*C(=O)Nc1ccc(cc1)Oc1ccc(cc1)c1ccc(cc1)Oc1ccc(cc1)NC(=O)c1ccc2c(c1)C(=O)N(C2=O)c1ccc(cc1)Oc1ccc(cc1)c1ccc(cc1)Oc1ccc(cc1)N1C(=O)c2c(C1=O)cc(cc2)*,Thermal decomposition weight loss,10.0,%,exp
*C(=O)Nc1ccc(cc1)Oc1ccc(cc1)c1ccc(cc1)Oc1ccc(cc1)NC(=O)c1ccc2c(c1)C(=O)N(C2=O)c1ccc(cc1)Oc1cccc(c1)Oc1ccc(cc1)N1C(=O)c2c(C1=O)cc(cc2)*,Thermal decomposition temperature,541.5,C,exp
*C(=O)Nc1ccc(cc1)Oc1ccc(cc1)c1ccc(cc1)Oc1ccc(cc1)NC(=O)c1ccc2c(c1)C(=O)N(C2=O)c1ccc(cc1)Oc1cccc(c1)Oc1ccc(cc1)N1C(=O)c2c(C1=O)cc(cc2)*,Thermal decomposition weight loss,10.0,%,exp
*C(=O)Nc1ccc(cc1)Oc1ccc(cc1)c1ccc(cc1)Oc1ccc(cc1)NC(=O)c1ccc2c(c1)C(=O)N(C2=O)c1ccc(cc1)Oc1cccc2c1cccc2Oc1ccc(cc1)N1C(=O)c2c(C1=O)cc(cc2)*,Glass transition temperature,310.0,C,exp
*C(=O)Nc1ccc(cc1)Oc1ccc(cc1)c1ccc(cc1)Oc1ccc(cc1)NC(=O)c1ccc2c(c1)C(=O)N(C2=O)c1ccc(cc1)Oc1cccc2c1cccc2Oc1ccc(cc1)N1C(=O)c2c(C1=O)cc(cc2)*,Thermal decomposition temperature,525.0,C,exp
*C(=O)Nc1ccc(cc1)Oc1ccc(cc1)c1ccc(cc1)Oc1ccc(cc1)NC(=O)c1ccc2c(c1)C(=O)N(C2=O)c1ccc(cc1)Oc1cccc2c1cccc2Oc1ccc(cc1)N1C(=O)c2c(C1=O)cc(cc2)*,Thermal decomposition weight loss,10.0,%,exp
*C(=O)Nc1ccc(cc1)Oc1ccc(cc1)c1ccc(cc1)Oc1ccc(cc1)NC(=O)c1ccc2c(c1)C(=O)N(C2=O)c1ccc(cc1)Oc1cccc2c1cccc2Oc1ccc(cc1)N1C(=O)c2c(C1=O)cc(cc2)*,Melting temperature,427.0,C,exp
*C(=O)Nc1ccc(cc1)Oc1ccc(cc1)c1ccc(cc1)Oc1ccc(cc1)NC(=O)c1ccc2c(c1)C(=O)N(C2=O)c1cccc(c1)N1C(=O)c2c(C1=O)cc(cc2)*,Elongation at break,11.0,%,exp
*C(=O)Nc1ccc(cc1)Oc1ccc(cc1)c1ccc(cc1)Oc1ccc(cc1)NC(=O)c1ccc2c(c1)C(=O)N(C2=O)c1cccc(c1)N1C(=O)c2c(C1=O)cc(cc2)*,Tensile stress strength at break,0.087,GPa,exp
*C(=O)Nc1ccc(cc1)Oc1ccc(cc1)c1ccc(cc1)Oc1ccc(cc1)NC(=O)c1ccc2c(c1)C(=O)N(C2=O)c1cccc(c1)N1C(=O)c2c(C1=O)cc(cc2)*,Glass transition temperature,292.0,C,exp
*C(=O)Nc1ccc(cc1)Oc1ccc(cc1)c1ccc(cc1)Oc1ccc(cc1)NC(=O)c1ccc2c(c1)C(=O)N(C2=O)c1cccc(c1)N1C(=O)c2c(C1=O)cc(cc2)*,Thermal decomposition temperature,538.5,C,exp
*C(=O)Nc1ccc(cc1)Oc1ccc(cc1)c1ccc(cc1)Oc1ccc(cc1)NC(=O)c1ccc2c(c1)C(=O)N(C2=O)c1cccc(c1)N1C(=O)c2c(C1=O)cc(cc2)*,Thermal decomposition weight loss,10.0,%,exp
*C(=O)Nc1ccc(cc1)Oc1ccc2c(c1)cc(cc2)Oc1ccc(cc1)NC(=O)c1ccc2c(c1)C(=O)N(C2=O)c1ccc(cc1)Oc1ccc2c(c1)cc(cc2)Oc1ccc(cc1)N1C(=O)c2c(C1=O)cc(cc2)*,Elongation at break,4.0,%,exp
*C(=O)Nc1ccc(cc1)Oc1ccc2c(c1)cc(cc2)Oc1ccc(cc1)NC(=O)c1ccc2c(c1)C(=O)N(C2=O)c1ccc(cc1)Oc1ccc2c(c1)cc(cc2)Oc1ccc(cc1)N1C(=O)c2c(C1=O)cc(cc2)*,Tensile stress strength at break,0.087,GPa,exp
*C(=O)Nc1ccc(cc1)Oc1ccc2c(c1)cc(cc2)Oc1ccc(cc1)NC(=O)c1ccc2c(c1)C(=O)N(C2=O)c1ccc(cc1)Oc1ccc2c(c1)cc(cc2)Oc1ccc(cc1)N1C(=O)c2c(C1=O)cc(cc2)*,Thermal decomposition temperature,533.5,C,exp
*C(=O)Nc1ccc(cc1)Oc1ccc2c(c1)cc(cc2)Oc1ccc(cc1)NC(=O)c1ccc2c(c1)C(=O)N(C2=O)c1ccc(cc1)Oc1ccc2c(c1)cc(cc2)Oc1ccc(cc1)N1C(=O)c2c(C1=O)cc(cc2)*,Thermal decomposition weight loss,10.0,%,exp
*C(=O)Nc1ccc(cc1)Oc1ccc2c(c1c1c(ccc3c1cccc3)Oc1ccc(cc1)NC(=O)c1ccc3c(c1)C(=O)N(C3=O)c1cc(cc(c1Oc1ccc(cc1)C(F)(F)F)N1C(=O)c3c(C1=O)cc(cc3)*)C(F)(F)F)cccc2,Glass transition temperature,324.0,C,exp
*C(=O)Nc1ccc(cc1)Oc1ccc2c(c1c1c(ccc3c1cccc3)Oc1ccc(cc1)NC(=O)c1ccc3c(c1)C(=O)N(C3=O)c1cc(cc(c1Oc1ccc(cc1)C(F)(F)F)N1C(=O)c3c(C1=O)cc(cc3)*)C(F)(F)F)cccc2,Thermal decomposition temperature,536.5,C,exp
*C(=O)Nc1ccc(cc1)Oc1ccc2c(c1c1c(ccc3c1cccc3)Oc1ccc(cc1)NC(=O)c1ccc3c(c1)C(=O)N(C3=O)c1cc(cc(c1Oc1ccc(cc1)C(F)(F)F)N1C(=O)c3c(C1=O)cc(cc3)*)C(F)(F)F)cccc2,Thermal decomposition weight loss,7.5,%,exp
*C(=O)Nc1ccc(cc1)Oc1cccc(c1)NC(=O)c1ccc2c(c1)C(=O)N(C2=O)c1ccc(cc1)Oc1ccc(cc1)C1(NC(=O)c2c1cccc2)c1ccc(cc1)Oc1ccc(cc1)N1C(=O)c2c(C1=O)cc(cc2)*,Elongation at break,30.0,%,exp
*C(=O)Nc1ccc(cc1)Oc1cccc(c1)NC(=O)c1ccc2c(c1)C(=O)N(C2=O)c1ccc(cc1)Oc1ccc(cc1)C1(NC(=O)c2c1cccc2)c1ccc(cc1)Oc1ccc(cc1)N1C(=O)c2c(C1=O)cc(cc2)*,Tensile stress strength at break,0.082,GPa,exp
*C(=O)Nc1ccc(cc1)Oc1cccc(c1)NC(=O)c1ccc2c(c1)C(=O)N(C2=O)c1ccc(cc1)Oc1ccc(cc1)C1(NC(=O)c2c1cccc2)c1ccc(cc1)Oc1ccc(cc1)N1C(=O)c2c(C1=O)cc(cc2)*,Glass transition temperature,302.0,C,exp
*C(=O)Nc1ccc(cc1)Oc1cccc(c1)NC(=O)c1ccc2c(c1)C(=O)N(C2=O)c1ccc(cc1)Oc1ccc(cc1)C1(NC(=O)c2c1cccc2)c1ccc(cc1)Oc1ccc(cc1)N1C(=O)c2c(C1=O)cc(cc2)*,Thermal decomposition temperature,507.0,C,exp
*C(=O)Nc1ccc(cc1)Oc1cccc(c1)NC(=O)c1ccc2c(c1)C(=O)N(C2=O)c1ccc(cc1)Oc1ccc(cc1)C1(NC(=O)c2c1cccc2)c1ccc(cc1)Oc1ccc(cc1)N1C(=O)c2c(C1=O)cc(cc2)*,Thermal decomposition weight loss,10.0,%,exp
*C(=O)Nc1ccc(cc1)Oc1cccc(c1)NC(=O)c1ccc2c(c1)C(=O)N(C2=O)c1ccc(cc1)Oc1ccc(cc1)N1C(=O)c2c(C1=O)cc(cc2)*,Elongation at break,13.0,%,exp
*C(=O)Nc1ccc(cc1)Oc1cccc(c1)NC(=O)c1ccc2c(c1)C(=O)N(C2=O)c1ccc(cc1)Oc1ccc(cc1)N1C(=O)c2c(C1=O)cc(cc2)*,Tensile stress strength at break,0.092,GPa,exp
*C(=O)Nc1ccc(cc1)Oc1cccc(c1)NC(=O)c1ccc2c(c1)C(=O)N(C2=O)c1ccc(cc1)Oc1ccc(cc1)N1C(=O)c2c(C1=O)cc(cc2)*,Glass transition temperature,236.0,C,exp
*C(=O)Nc1ccc(cc1)Oc1cccc(c1)NC(=O)c1ccc2c(c1)C(=O)N(C2=O)c1ccc(cc1)Oc1ccc(cc1)N1C(=O)c2c(C1=O)cc(cc2)*,Thermal decomposition temperature,514.0,C,exp
*C(=O)Nc1ccc(cc1)Oc1cccc(c1)NC(=O)c1ccc2c(c1)C(=O)N(C2=O)c1ccc(cc1)Oc1ccc(cc1)N1C(=O)c2c(C1=O)cc(cc2)*,Thermal decomposition weight loss,5.0,%,exp
*C(=O)Nc1ccc(cc1)Oc1cccc(c1)NC(=O)c1ccc2c(c1)C(=O)N(C2=O)c1ccc(cc1)Oc1ccc2c(c1)cc(cc2)Oc1ccc(cc1)N1C(=O)c2c(C1=O)cc(cc2)*,Elongation at break,8.0,%,exp
*C(=O)Nc1ccc(cc1)Oc1cccc(c1)NC(=O)c1ccc2c(c1)C(=O)N(C2=O)c1ccc(cc1)Oc1ccc2c(c1)cc(cc2)Oc1ccc(cc1)N1C(=O)c2c(C1=O)cc(cc2)*,Tensile stress strength at break,0.079,GPa,exp
*C(=O)Nc1ccc(cc1)Oc1cccc(c1)NC(=O)c1ccc2c(c1)C(=O)N(C2=O)c1ccc(cc1)Oc1ccc2c(c1)cc(cc2)Oc1ccc(cc1)N1C(=O)c2c(C1=O)cc(cc2)*,Glass transition temperature,263.0,C,exp
*C(=O)Nc1ccc(cc1)Oc1cccc(c1)NC(=O)c1ccc2c(c1)C(=O)N(C2=O)c1ccc(cc1)Oc1ccc2c(c1)cc(cc2)Oc1ccc(cc1)N1C(=O)c2c(C1=O)cc(cc2)*,Thermal decomposition temperature,526.0,C,exp
*C(=O)Nc1ccc(cc1)Oc1cccc(c1)NC(=O)c1ccc2c(c1)C(=O)N(C2=O)c1ccc(cc1)Oc1ccc2c(c1)cc(cc2)Oc1ccc(cc1)N1C(=O)c2c(C1=O)cc(cc2)*,Thermal decomposition weight loss,10.0,%,exp
*C(=O)Nc1ccc(cc1)Oc1cccc(c1)NC(=O)c1ccc2c(c1)C(=O)N(C2=O)c1ccc(cc1)Oc1cccc(c1)N1C(=O)c2c(C1=O)cc(cc2)*,Glass transition temperature,211.0,C,exp
*C(=O)Nc1ccc(cc1)Oc1cccc(c1)NC(=O)c1ccc2c(c1)C(=O)N(C2=O)c1ccc(cc1)Oc1cccc(c1)N1C(=O)c2c(C1=O)cc(cc2)*,Thermal decomposition temperature,454.0,C,exp
*C(=O)Nc1ccc(cc1)Oc1cccc(c1)NC(=O)c1ccc2c(c1)C(=O)N(C2=O)c1ccc(cc1)Oc1cccc(c1)N1C(=O)c2c(C1=O)cc(cc2)*,Thermal decomposition weight loss,0.0,%,exp
*C(=O)Nc1ccc(cc1)Oc1cccc(c1)NC(=O)c1ccc2c(c1)C(=O)N(C2=O)c1ccc(cc1)Oc1cccc2c1cccc2Oc1ccc(cc1)N1C(=O)c2c(C1=O)cc(cc2)*,Thermal decomposition temperature,538.5,C,exp
*C(=O)Nc1ccc(cc1)Oc1cccc(c1)NC(=O)c1ccc2c(c1)C(=O)N(C2=O)c1ccc(cc1)Oc1cccc2c1cccc2Oc1ccc(cc1)N1C(=O)c2c(C1=O)cc(cc2)*,Thermal decomposition weight loss,10.0,%,exp
*C(=O)Nc1ccc(cc1)Oc1cccc(c1)NC(=O)c1ccc2c(c1)C(=O)N(C2=O)c1ccc(cc1)Oc1cccc2c1cccc2Oc1ccc(cc1)N1C(=O)c2c(C1=O)cc(cc2)*,Melting temperature,375.0,C,exp
*C(=O)Nc1ccc(cc1)Oc1cccc(c1)NC(=O)c1ccc2c(c1)C(=O)N(C2=O)c1ccc(cc1)c1sc(c(c1c1ccccc1)c1ccccc1)c1ccc(cc1)N1C(=O)c2c(C1=O)cc(cc2)*,Elongation at break,62.7,%,exp
*C(=O)Nc1ccc(cc1)Oc1cccc(c1)NC(=O)c1ccc2c(c1)C(=O)N(C2=O)c1ccc(cc1)c1sc(c(c1c1ccccc1)c1ccccc1)c1ccc(cc1)N1C(=O)c2c(C1=O)cc(cc2)*,Tensile stress strength at break,0.0702,GPa,exp
*C(=O)Nc1ccc(cc1)Oc1cccc(c1)NC(=O)c1ccc2c(c1)C(=O)N(C2=O)c1ccc(cc1)c1sc(c(c1c1ccccc1)c1ccccc1)c1ccc(cc1)N1C(=O)c2c(C1=O)cc(cc2)*,Glass transition temperature,315.0,C,exp
*C(=O)Nc1ccc(cc1)Oc1cccc(c1)NC(=O)c1ccc2c(c1)C(=O)N(C2=O)c1ccc(cc1)c1sc(c(c1c1ccccc1)c1ccccc1)c1ccc(cc1)N1C(=O)c2c(C1=O)cc(cc2)*,Thermal decomposition temperature,677.0,C,exp
*C(=O)Nc1ccc(cc1)Oc1cccc(c1)NC(=O)c1ccc2c(c1)C(=O)N(C2=O)c1ccc(cc1)c1sc(c(c1c1ccccc1)c1ccccc1)c1ccc(cc1)N1C(=O)c2c(C1=O)cc(cc2)*,Thermal decomposition weight loss,24.5,%,exp
*C(=O)Nc1ccc(cc1)Oc1cccc(c1)Oc1ccc(cc1)NC(=O)c1ccc2c(c1)C(=O)N(C2=O)c1ccc(cc1)Oc1ccc(cc1)C1(NC(=O)c2c1cccc2)c1ccc(cc1)Oc1ccc(cc1)N1C(=O)c2c(C1=O)cc(cc2)*,Elongation at break,35.0,%,exp
*C(=O)Nc1ccc(cc1)Oc1cccc(c1)Oc1ccc(cc1)NC(=O)c1ccc2c(c1)C(=O)N(C2=O)c1ccc(cc1)Oc1ccc(cc1)C1(NC(=O)c2c1cccc2)c1ccc(cc1)Oc1ccc(cc1)N1C(=O)c2c(C1=O)cc(cc2)*,Tensile stress strength at break,0.083,GPa,exp
*C(=O)Nc1ccc(cc1)Oc1cccc(c1)Oc1ccc(cc1)NC(=O)c1ccc2c(c1)C(=O)N(C2=O)c1ccc(cc1)Oc1ccc(cc1)C1(NC(=O)c2c1cccc2)c1ccc(cc1)Oc1ccc(cc1)N1C(=O)c2c(C1=O)cc(cc2)*,Glass transition temperature,288.0,C,exp
*C(=O)Nc1ccc(cc1)Oc1cccc(c1)Oc1ccc(cc1)NC(=O)c1ccc2c(c1)C(=O)N(C2=O)c1ccc(cc1)Oc1ccc(cc1)C1(NC(=O)c2c1cccc2)c1ccc(cc1)Oc1ccc(cc1)N1C(=O)c2c(C1=O)cc(cc2)*,Thermal decomposition temperature,523.0,C,exp
*C(=O)Nc1ccc(cc1)Oc1cccc(c1)Oc1ccc(cc1)NC(=O)c1ccc2c(c1)C(=O)N(C2=O)c1ccc(cc1)Oc1ccc(cc1)C1(NC(=O)c2c1cccc2)c1ccc(cc1)Oc1ccc(cc1)N1C(=O)c2c(C1=O)cc(cc2)*,Thermal decomposition weight loss,10.0,%,exp
*C(=O)Nc1ccc(cc1)Oc1cccc(c1)Oc1ccc(cc1)NC(=O)c1ccc2c(c1)C(=O)N(C2=O)c1ccc(cc1)Oc1ccc2c(c1)cc(cc2)Oc1ccc(cc1)N1C(=O)c2c(C1=O)cc(cc2)*,Thermal decomposition temperature,550.5,C,exp
*C(=O)Nc1ccc(cc1)Oc1cccc(c1)Oc1ccc(cc1)NC(=O)c1ccc2c(c1)C(=O)N(C2=O)c1ccc(cc1)Oc1ccc2c(c1)cc(cc2)Oc1ccc(cc1)N1C(=O)c2c(C1=O)cc(cc2)*,Thermal decomposition weight loss,10.0,%,exp
*C(=O)Nc1ccc(cc1)Oc1cccc(c1)Oc1ccc(cc1)NC(=O)c1ccc2c(c1)C(=O)N(C2=O)c1ccc(cc1)Oc1ccc2c(c1)cc(cc2)Oc1ccc(cc1)N1C(=O)c2c(C1=O)cc(cc2)*,Melting temperature,398.0,C,exp
*C(=O)Nc1ccc(cc1)Oc1cccc(c1)Oc1ccc(cc1)NC(=O)c1ccc2c(c1)C(=O)N(C2=O)c1ccc(cc1)Oc1cccc2c1cccc2Oc1ccc(cc1)N1C(=O)c2c(C1=O)cc(cc2)*,Thermal decomposition temperature,541.0,C,exp
*C(=O)Nc1ccc(cc1)Oc1cccc(c1)Oc1ccc(cc1)NC(=O)c1ccc2c(c1)C(=O)N(C2=O)c1ccc(cc1)Oc1cccc2c1cccc2Oc1ccc(cc1)N1C(=O)c2c(C1=O)cc(cc2)*,Thermal decomposition weight loss,10.0,%,exp
*C(=O)Nc1ccc(cc1)Oc1cccc(c1)Oc1ccc(cc1)NC(=O)c1ccc2c(c1)C(=O)N(C2=O)c1ccc(cc1)Oc1cccc2c1cccc2Oc1ccc(cc1)N1C(=O)c2c(C1=O)cc(cc2)*,Melting temperature,383.0,C,exp
*C(=O)Nc1ccc(cc1)Oc1cccc(c1)Oc1ccc(cc1)NC(=O)c1ccc2c(c1)C(=O)N(C2=O)c1ccc(cc1)Sc1ccc(cc1)Oc1ccc(cc1)Sc1ccc(cc1)N1C(=O)c2c(C1=O)cc(cc2)*,Glass transition temperature,179.0,C,exp
*C(=O)Nc1ccc(cc1)Oc1cccc(c1)Oc1ccc(cc1)NC(=O)c1ccc2c(c1)C(=O)N(C2=O)c1ccc(cc1)Sc1ccc(cc1)Oc1ccc(cc1)Sc1ccc(cc1)N1C(=O)c2c(C1=O)cc(cc2)*,Thermal decomposition temperature,495.5,C,exp
*C(=O)Nc1ccc(cc1)Oc1cccc(c1)Oc1ccc(cc1)NC(=O)c1ccc2c(c1)C(=O)N(C2=O)c1ccc(cc1)Sc1ccc(cc1)Oc1ccc(cc1)Sc1ccc(cc1)N1C(=O)c2c(C1=O)cc(cc2)*,Thermal decomposition weight loss,5.0,%,exp
*C(=O)Nc1ccc(cc1)Oc1cccc2c1cccc2NC(=O)c1ccc2c(c1)C(=O)N(C2=O)c1ccc(cc1)Oc1cccc2c1cccc2N1C(=O)c2c(C1=O)cc(cc2)*,Glass transition temperature,276.0,C,exp
*C(=O)Nc1ccc(cc1)Oc1cccc2c1cccc2NC(=O)c1ccc2c(c1)C(=O)N(C2=O)c1ccc(cc1)Oc1cccc2c1cccc2N1C(=O)c2c(C1=O)cc(cc2)*,Thermal decomposition temperature,542.0,C,exp
*C(=O)Nc1ccc(cc1)Oc1cccc2c1cccc2NC(=O)c1ccc2c(c1)C(=O)N(C2=O)c1ccc(cc1)Oc1cccc2c1cccc2N1C(=O)c2c(C1=O)cc(cc2)*,Thermal decomposition weight loss,10.0,%,exp
*C(=O)Nc1ccc(cc1)Oc1cccc2c1cccc2Oc1ccc(cc1)NC(=O)c1ccc2c(c1)C(=O)N(C2=O)c1ccc(cc1)Oc1cccc2c1cccc2Oc1ccc(cc1)N1C(=O)c2c(C1=O)cc(cc2)*,Thermal decomposition temperature,533.0,C,exp
*C(=O)Nc1ccc(cc1)Oc1cccc2c1cccc2Oc1ccc(cc1)NC(=O)c1ccc2c(c1)C(=O)N(C2=O)c1ccc(cc1)Oc1cccc2c1cccc2Oc1ccc(cc1)N1C(=O)c2c(C1=O)cc(cc2)*,Thermal decomposition weight loss,10.0,%,exp
*C(=O)Nc1ccc(cc1)Oc1cccc2c1cccc2Oc1ccc(cc1)NC(=O)c1ccc2c(c1)C(=O)N(C2=O)c1ccc(cc1)Oc1cccc2c1cccc2Oc1ccc(cc1)N1C(=O)c2c(C1=O)cc(cc2)*,Melting temperature,405.0,C,exp
*C(=O)Nc1ccc(cc1)Oc1ccccc1c1ccccc1Oc1ccc(cc1)NC(=O)c1ccc2c(c1)C(=O)N(C2=O)c1ccc(c(c1)N1C(=O)c2c(C1=O)cc(cc2)*)C,Elongation at break,4.0,%,exp
*C(=O)Nc1ccc(cc1)Oc1ccccc1c1ccccc1Oc1ccc(cc1)NC(=O)c1ccc2c(c1)C(=O)N(C2=O)c1ccc(c(c1)N1C(=O)c2c(C1=O)cc(cc2)*)C,Tensile stress strength at break,0.081,GPa,exp
*C(=O)Nc1ccc(cc1)Oc1ccccc1c1ccccc1Oc1ccc(cc1)NC(=O)c1ccc2c(c1)C(=O)N(C2=O)c1ccc(c(c1)N1C(=O)c2c(C1=O)cc(cc2)*)C,Glass transition temperature,266.0,C,exp
*C(=O)Nc1ccc(cc1)Oc1ccccc1c1ccccc1Oc1ccc(cc1)NC(=O)c1ccc2c(c1)C(=O)N(C2=O)c1ccc(c(c1)N1C(=O)c2c(C1=O)cc(cc2)*)C,Thermal decomposition temperature,506.0,C,exp
*C(=O)Nc1ccc(cc1)Oc1ccccc1c1ccccc1Oc1ccc(cc1)NC(=O)c1ccc2c(c1)C(=O)N(C2=O)c1ccc(c(c1)N1C(=O)c2c(C1=O)cc(cc2)*)C,Thermal decomposition weight loss,10.0,%,exp
*C(=O)Nc1ccc(cc1)Oc1ccccc1c1ccccc1Oc1ccc(cc1)NC(=O)c1ccc2c(c1)C(=O)N(C2=O)c1ccc(cc1)Cc1ccc(cc1)N1C(=O)c2c(C1=O)cc(cc2)*,Elongation at break,6.0,%,exp
*C(=O)Nc1ccc(cc1)Oc1ccccc1c1ccccc1Oc1ccc(cc1)NC(=O)c1ccc2c(c1)C(=O)N(C2=O)c1ccc(cc1)Cc1ccc(cc1)N1C(=O)c2c(C1=O)cc(cc2)*,Tensile stress strength at break,0.084,GPa,exp
*C(=O)Nc1ccc(cc1)Oc1ccccc1c1ccccc1Oc1ccc(cc1)NC(=O)c1ccc2c(c1)C(=O)N(C2=O)c1ccc(cc1)Cc1ccc(cc1)N1C(=O)c2c(C1=O)cc(cc2)*,Glass transition temperature,240.0,C,exp
*C(=O)Nc1ccc(cc1)Oc1ccccc1c1ccccc1Oc1ccc(cc1)NC(=O)c1ccc2c(c1)C(=O)N(C2=O)c1ccc(cc1)Cc1ccc(cc1)N1C(=O)c2c(C1=O)cc(cc2)*,Thermal decomposition temperature,524.0,C,exp
*C(=O)Nc1ccc(cc1)Oc1ccccc1c1ccccc1Oc1ccc(cc1)NC(=O)c1ccc2c(c1)C(=O)N(C2=O)c1ccc(cc1)Cc1ccc(cc1)N1C(=O)c2c(C1=O)cc(cc2)*,Thermal decomposition weight loss,10.0,%,exp
*C(=O)Nc1ccc(cc1)Oc1ccccc1c1ccccc1Oc1ccc(cc1)NC(=O)c1ccc2c(c1)C(=O)N(C2=O)c1ccc(cc1)N1C(=O)c2c(C1=O)cc(cc2)*,Glass transition temperature,268.0,C,exp
*C(=O)Nc1ccc(cc1)Oc1ccccc1c1ccccc1Oc1ccc(cc1)NC(=O)c1ccc2c(c1)C(=O)N(C2=O)c1ccc(cc1)N1C(=O)c2c(C1=O)cc(cc2)*,Thermal decomposition temperature,536.0,C,exp
*C(=O)Nc1ccc(cc1)Oc1ccccc1c1ccccc1Oc1ccc(cc1)NC(=O)c1ccc2c(c1)C(=O)N(C2=O)c1ccc(cc1)N1C(=O)c2c(C1=O)cc(cc2)*,Thermal decomposition weight loss,10.0,%,exp
*C(=O)Nc1ccc(cc1)Oc1ccccc1c1ccccc1Oc1ccc(cc1)NC(=O)c1ccc2c(c1)C(=O)N(C2=O)c1ccc(cc1)Oc1ccc(cc1)C(c1ccc(cc1)Oc1ccc(cc1)N1C(=O)c2c(C1=O)cc(cc2)*)(C)C,Elongation at break,6.0,%,exp
*C(=O)Nc1ccc(cc1)Oc1ccccc1c1ccccc1Oc1ccc(cc1)NC(=O)c1ccc2c(c1)C(=O)N(C2=O)c1ccc(cc1)Oc1ccc(cc1)C(c1ccc(cc1)Oc1ccc(cc1)N1C(=O)c2c(C1=O)cc(cc2)*)(C)C,Tensile stress strength at break,0.102,GPa,exp
*C(=O)Nc1ccc(cc1)Oc1ccccc1c1ccccc1Oc1ccc(cc1)NC(=O)c1ccc2c(c1)C(=O)N(C2=O)c1ccc(cc1)Oc1ccc(cc1)C(c1ccc(cc1)Oc1ccc(cc1)N1C(=O)c2c(C1=O)cc(cc2)*)(C)C,Glass transition temperature,229.0,C,exp
*C(=O)Nc1ccc(cc1)Oc1ccccc1c1ccccc1Oc1ccc(cc1)NC(=O)c1ccc2c(c1)C(=O)N(C2=O)c1ccc(cc1)Oc1ccc(cc1)C(c1ccc(cc1)Oc1ccc(cc1)N1C(=O)c2c(C1=O)cc(cc2)*)(C)C,Thermal decomposition temperature,524.5,C,exp
*C(=O)Nc1ccc(cc1)Oc1ccccc1c1ccccc1Oc1ccc(cc1)NC(=O)c1ccc2c(c1)C(=O)N(C2=O)c1ccc(cc1)Oc1ccc(cc1)C(c1ccc(cc1)Oc1ccc(cc1)N1C(=O)c2c(C1=O)cc(cc2)*)(C)C,Thermal decomposition weight loss,10.0,%,exp
*C(=O)Nc1ccc(cc1)Oc1ccccc1c1ccccc1Oc1ccc(cc1)NC(=O)c1ccc2c(c1)C(=O)N(C2=O)c1ccc(cc1)Oc1ccc(cc1)N1C(=O)c2c(C1=O)cc(cc2)*,Elongation at break,6.0,%,exp
*C(=O)Nc1ccc(cc1)Oc1ccccc1c1ccccc1Oc1ccc(cc1)NC(=O)c1ccc2c(c1)C(=O)N(C2=O)c1ccc(cc1)Oc1ccc(cc1)N1C(=O)c2c(C1=O)cc(cc2)*,Tensile stress strength at break,0.095,GPa,exp
*C(=O)Nc1ccc(cc1)Oc1ccccc1c1ccccc1Oc1ccc(cc1)NC(=O)c1ccc2c(c1)C(=O)N(C2=O)c1ccc(cc1)Oc1ccc(cc1)N1C(=O)c2c(C1=O)cc(cc2)*,Glass transition temperature,244.0,C,exp
*C(=O)Nc1ccc(cc1)Oc1ccccc1c1ccccc1Oc1ccc(cc1)NC(=O)c1ccc2c(c1)C(=O)N(C2=O)c1ccc(cc1)Oc1ccc(cc1)N1C(=O)c2c(C1=O)cc(cc2)*,Thermal decomposition temperature,544.5,C,exp
*C(=O)Nc1ccc(cc1)Oc1ccccc1c1ccccc1Oc1ccc(cc1)NC(=O)c1ccc2c(c1)C(=O)N(C2=O)c1ccc(cc1)Oc1ccc(cc1)N1C(=O)c2c(C1=O)cc(cc2)*,Thermal decomposition weight loss,10.0,%,exp
*C(=O)Nc1ccc(cc1)Oc1ccccc1c1ccccc1Oc1ccc(cc1)NC(=O)c1ccc2c(c1)C(=O)N(C2=O)c1ccc(cc1)Oc1ccc(cc1)Oc1ccc(cc1)N1C(=O)c2c(C1=O)cc(cc2)*,Glass transition temperature,238.0,C,exp
*C(=O)Nc1ccc(cc1)Oc1ccccc1c1ccccc1Oc1ccc(cc1)NC(=O)c1ccc2c(c1)C(=O)N(C2=O)c1ccc(cc1)Oc1ccc(cc1)Oc1ccc(cc1)N1C(=O)c2c(C1=O)cc(cc2)*,Thermal decomposition temperature,533.0,C,exp
*C(=O)Nc1ccc(cc1)Oc1ccccc1c1ccccc1Oc1ccc(cc1)NC(=O)c1ccc2c(c1)C(=O)N(C2=O)c1ccc(cc1)Oc1ccc(cc1)Oc1ccc(cc1)N1C(=O)c2c(C1=O)cc(cc2)*,Thermal decomposition weight loss,10.0,%,exp
*C(=O)Nc1ccc(cc1)Oc1ccccc1c1ccccc1Oc1ccc(cc1)NC(=O)c1ccc2c(c1)C(=O)N(C2=O)c1ccc(cc1)Oc1ccc(cc1)Oc1ccc(cc1)N1C(=O)c2c(C1=O)cc(cc2)*,Melting temperature,363.0,C,exp
*C(=O)Nc1ccc(cc1)Oc1ccccc1c1ccccc1Oc1ccc(cc1)NC(=O)c1ccc2c(c1)C(=O)N(C2=O)c1ccc(cc1)Oc1ccc(cc1)S(=O)(=O)c1ccc(cc1)Oc1ccc(cc1)N1C(=O)c2c(C1=O)cc(cc2)*,Elongation at break,3.0,%,exp
*C(=O)Nc1ccc(cc1)Oc1ccccc1c1ccccc1Oc1ccc(cc1)NC(=O)c1ccc2c(c1)C(=O)N(C2=O)c1ccc(cc1)Oc1ccc(cc1)S(=O)(=O)c1ccc(cc1)Oc1ccc(cc1)N1C(=O)c2c(C1=O)cc(cc2)*,Tensile stress strength at break,0.066,GPa,exp
*C(=O)Nc1ccc(cc1)Oc1ccccc1c1ccccc1Oc1ccc(cc1)NC(=O)c1ccc2c(c1)C(=O)N(C2=O)c1ccc(cc1)Oc1ccc(cc1)S(=O)(=O)c1ccc(cc1)Oc1ccc(cc1)N1C(=O)c2c(C1=O)cc(cc2)*,Glass transition temperature,236.0,C,exp
*C(=O)Nc1ccc(cc1)Oc1ccccc1c1ccccc1Oc1ccc(cc1)NC(=O)c1ccc2c(c1)C(=O)N(C2=O)c1ccc(cc1)Oc1ccc(cc1)S(=O)(=O)c1ccc(cc1)Oc1ccc(cc1)N1C(=O)c2c(C1=O)cc(cc2)*,Thermal decomposition temperature,529.5,C,exp
*C(=O)Nc1ccc(cc1)Oc1ccccc1c1ccccc1Oc1ccc(cc1)NC(=O)c1ccc2c(c1)C(=O)N(C2=O)c1ccc(cc1)Oc1ccc(cc1)S(=O)(=O)c1ccc(cc1)Oc1ccc(cc1)N1C(=O)c2c(C1=O)cc(cc2)*,Thermal decomposition weight loss,10.0,%,exp
*C(=O)Nc1ccc(cc1)Oc1ccccc1c1ccccc1Oc1ccc(cc1)NC(=O)c1ccc2c(c1)C(=O)N(C2=O)c1ccc(cc1)Oc1ccc(cc1)c1ccc(cc1)Oc1ccc(cc1)N1C(=O)c2c(C1=O)cc(cc2)*,Glass transition temperature,227.0,C,exp
*C(=O)Nc1ccc(cc1)Oc1ccccc1c1ccccc1Oc1ccc(cc1)NC(=O)c1ccc2c(c1)C(=O)N(C2=O)c1ccc(cc1)Oc1ccc(cc1)c1ccc(cc1)Oc1ccc(cc1)N1C(=O)c2c(C1=O)cc(cc2)*,Thermal decomposition temperature,534.5,C,exp
*C(=O)Nc1ccc(cc1)Oc1ccccc1c1ccccc1Oc1ccc(cc1)NC(=O)c1ccc2c(c1)C(=O)N(C2=O)c1ccc(cc1)Oc1ccc(cc1)c1ccc(cc1)Oc1ccc(cc1)N1C(=O)c2c(C1=O)cc(cc2)*,Thermal decomposition weight loss,10.0,%,exp
*C(=O)Nc1ccc(cc1)Oc1ccccc1c1ccccc1Oc1ccc(cc1)NC(=O)c1ccc2c(c1)C(=O)N(C2=O)c1ccc(cc1)Oc1ccc(cc1)c1ccc(cc1)Oc1ccc(cc1)N1C(=O)c2c(C1=O)cc(cc2)*,Melting temperature,338.0,C,exp
*C(=O)Nc1ccc(cc1)Oc1ccccc1c1ccccc1Oc1ccc(cc1)NC(=O)c1ccc2c(c1)C(=O)N(C2=O)c1ccc(cc1)Oc1ccc(cc1)c1ccc(cc1)Oc1ccc(cc1)N1C(=O)c2c(C1=O)cc(cc2)*,Glass transition temperature,239.0,C,exp
*C(=O)Nc1ccc(cc1)Oc1ccccc1c1ccccc1Oc1ccc(cc1)NC(=O)c1ccc2c(c1)C(=O)N(C2=O)c1ccc(cc1)Oc1ccc(cc1)c1ccc(cc1)Oc1ccc(cc1)N1C(=O)c2c(C1=O)cc(cc2)*,Thermal decomposition temperature,547.5,C,exp
*C(=O)Nc1ccc(cc1)Oc1ccccc1c1ccccc1Oc1ccc(cc1)NC(=O)c1ccc2c(c1)C(=O)N(C2=O)c1ccc(cc1)Oc1ccc(cc1)c1ccc(cc1)Oc1ccc(cc1)N1C(=O)c2c(C1=O)cc(cc2)*,Thermal decomposition weight loss,10.0,%,exp
*C(=O)Nc1ccc(cc1)Oc1ccccc1c1ccccc1Oc1ccc(cc1)NC(=O)c1ccc2c(c1)C(=O)N(C2=O)c1ccc(cc1)Oc1ccc(cc1)c1ccc(cc1)Oc1ccc(cc1)N1C(=O)c2c(C1=O)cc(cc2)*,Melting temperature,382.0,C,exp
*C(=O)Nc1ccc(cc1)Oc1ccccc1c1ccccc1Oc1ccc(cc1)NC(=O)c1ccc2c(c1)C(=O)N(C2=O)c1ccc(cc1)Oc1cccc(c1)Oc1ccc(cc1)N1C(=O)c2c(C1=O)cc(cc2)*,Glass transition temperature,229.0,C,exp
*C(=O)Nc1ccc(cc1)Oc1ccccc1c1ccccc1Oc1ccc(cc1)NC(=O)c1ccc2c(c1)C(=O)N(C2=O)c1ccc(cc1)Oc1cccc(c1)Oc1ccc(cc1)N1C(=O)c2c(C1=O)cc(cc2)*,Thermal decomposition temperature,541.5,C,exp
*C(=O)Nc1ccc(cc1)Oc1ccccc1c1ccccc1Oc1ccc(cc1)NC(=O)c1ccc2c(c1)C(=O)N(C2=O)c1ccc(cc1)Oc1cccc(c1)Oc1ccc(cc1)N1C(=O)c2c(C1=O)cc(cc2)*,Thermal decomposition weight loss,10.0,%,exp
*C(=O)Nc1ccc(cc1)Oc1ccccc1c1ccccc1Oc1ccc(cc1)NC(=O)c1ccc2c(c1)C(=O)N(C2=O)c1ccc(cc1)Oc1cccc(c1)Oc1ccc(cc1)N1C(=O)c2c(C1=O)cc(cc2)*,Melting temperature,317.0,C,exp
*C(=O)Nc1ccc(cc1)Oc1ccccc1c1ccccc1Oc1ccc(cc1)NC(=O)c1ccc2c(c1)C(=O)N(C2=O)c1cccc(c1)N1C(=O)c2c(C1=O)cc(cc2)*,Elongation at break,3.0,%,exp
*C(=O)Nc1ccc(cc1)Oc1ccccc1c1ccccc1Oc1ccc(cc1)NC(=O)c1ccc2c(c1)C(=O)N(C2=O)c1cccc(c1)N1C(=O)c2c(C1=O)cc(cc2)*,Tensile stress strength at break,0.061,GPa,exp
*C(=O)Nc1ccc(cc1)Oc1ccccc1c1ccccc1Oc1ccc(cc1)NC(=O)c1ccc2c(c1)C(=O)N(C2=O)c1cccc(c1)N1C(=O)c2c(C1=O)cc(cc2)*,Glass transition temperature,237.0,C,exp
*C(=O)Nc1ccc(cc1)Oc1ccccc1c1ccccc1Oc1ccc(cc1)NC(=O)c1ccc2c(c1)C(=O)N(C2=O)c1cccc(c1)N1C(=O)c2c(C1=O)cc(cc2)*,Thermal decomposition temperature,536.0,C,exp
*C(=O)Nc1ccc(cc1)Oc1ccccc1c1ccccc1Oc1ccc(cc1)NC(=O)c1ccc2c(c1)C(=O)N(C2=O)c1cccc(c1)N1C(=O)c2c(C1=O)cc(cc2)*,Thermal decomposition weight loss,10.0,%,exp
*C(=O)Nc1ccc(cc1)S(=O)(=O)c1ccc(cc1)N1C(=O)CC(C1=O)N1C(=O)c2c(C1=O)cc(cc2)*,Glass transition temperature,145.0,C,exp
*C(=O)Nc1ccc(cc1)S(=O)(=O)c1ccc(cc1)N1C(=O)CC(C1=O)N1C(=O)c2c(C1=O)cc(cc2)*,Thermal decomposition temperature,236.0,C,exp
*C(=O)Nc1ccc(cc1)S(=O)(=O)c1ccc(cc1)N1C(=O)CC(C1=O)N1C(=O)c2c(C1=O)cc(cc2)*,Thermal decomposition weight loss,10.0,%,exp
*C(=O)Nc1ccc(cc1)S(=O)(=O)c1ccc(cc1)NC(=O)c1ccc(cc1)N1C(=O)c2c(C1=O)cc(cc2)*,Glass transition temperature,220.0,C,exp
*C(=O)Nc1ccc(cc1)S(=O)(=O)c1ccc(cc1)NC(=O)c1ccc2c(c1)C(=O)N(C2=O)c1cc(cc(c1)N1C(=O)c2c(C1=O)cc(cc2)*)c1oc2c(n1)cccc2,Glass transition temperature,367.0,C,exp
*C(=O)Nc1ccc(cc1)S(=O)(=O)c1ccc(cc1)NC(=O)c1ccc2c(c1)C(=O)N(C2=O)c1cc(cc(c1)N1C(=O)c2c(C1=O)cc(cc2)*)c1oc2c(n1)cccc2,Thermal decomposition temperature,555.0,C,exp
*C(=O)Nc1ccc(cc1)S(=O)(=O)c1ccc(cc1)NC(=O)c1ccc2c(c1)C(=O)N(C2=O)c1cc(cc(c1)N1C(=O)c2c(C1=O)cc(cc2)*)c1oc2c(n1)cccc2,Thermal decomposition weight loss,10.0,%,exp
*C(=O)Nc1ccc(cc1)S(=O)(=O)c1ccc(cc1)NC(=O)c1ccc2c(c1)C(=O)N(C2=O)c1cc(cc(c1)N1C(=O)c2c(C1=O)cc(cc2)*)c1sc2c(n1)cccc2,Glass transition temperature,357.0,C,exp
*C(=O)Nc1ccc(cc1)S(=O)(=O)c1ccc(cc1)NC(=O)c1ccc2c(c1)C(=O)N(C2=O)c1cc(cc(c1)N1C(=O)c2c(C1=O)cc(cc2)*)c1sc2c(n1)cccc2,Thermal decomposition temperature,556.0,C,exp
*C(=O)Nc1ccc(cc1)S(=O)(=O)c1ccc(cc1)NC(=O)c1ccc2c(c1)C(=O)N(C2=O)c1cc(cc(c1)N1C(=O)c2c(C1=O)cc(cc2)*)c1sc2c(n1)cccc2,Thermal decomposition weight loss,10.0,%,exp
*C(=O)Nc1ccc(cc1)S(=O)(=O)c1ccc(cc1)NC(=O)c1ccc2c(c1)C(=O)N(C2=O)c1ccc(cc1)OCCCOc1ccc(cc1)N1C(=O)c2c(C1=O)cc(cc2)*,Thermal decomposition temperature,390.0,C,exp
*C(=O)Nc1ccc(cc1)S(=O)(=O)c1ccc(cc1)NC(=O)c1ccc2c(c1)C(=O)N(C2=O)c1ccc(cc1)OCCCOc1ccc(cc1)N1C(=O)c2c(C1=O)cc(cc2)*,Thermal decomposition weight loss,7.5,%,exp
*C(=O)Nc1ccc(cc1)S(=O)(=O)c1ccc(cc1)NC(=O)c1ccc2c(c1)C(=O)N(C2=O)c1ccc(cc1)Oc1ccc(cc1)N1C(=O)c2c(C1=O)cc(cc2)*,Elongation at break,5.0,%,exp
*C(=O)Nc1ccc(cc1)S(=O)(=O)c1ccc(cc1)NC(=O)c1ccc2c(c1)C(=O)N(C2=O)c1ccc(cc1)Oc1ccc(cc1)N1C(=O)c2c(C1=O)cc(cc2)*,Glass transition temperature,275.0,C,exp
*C(=O)Nc1ccc(cc1)S(=O)(=O)c1ccc(cc1)NC(=O)c1ccc2c(c1)C(=O)N(C2=O)c1ccc(cc1)Oc1ccc(cc1)N1C(=O)c2c(C1=O)cc(cc2)*,Thermal decomposition temperature,475.0,C,exp
*C(=O)Nc1ccc(cc1)S(=O)(=O)c1ccc(cc1)NC(=O)c1ccc2c(c1)C(=O)N(C2=O)c1ccc(cc1)S(=O)(=O)c1ccc(cc1)N1C(=O)c2c(C1=O)cc(cc2)*,Glass transition temperature,307.0,C,exp
*C(=O)Nc1ccc(cc1)S(=O)(=O)c1ccc(cc1)NC(=O)c1ccc2c(c1)C(=O)N(C2=O)c1ccc(cc1)S(=O)(=O)c1ccc(cc1)N1C(=O)c2c(C1=O)cc(cc2)*,Thermal decomposition temperature,470.0,C,exp
*C(=O)Nc1ccc(cc1)S(=O)(=O)c1ccc(cc1)NC(=O)c1ccc2c(c1)C(=O)N(C2=O)c1ccc(cc1)c1sc(c(c1c1ccccc1)c1ccccc1)c1ccc(cc1)N1C(=O)c2c(C1=O)cc(cc2)*,Elongation at break,23.3,%,exp
*C(=O)Nc1ccc(cc1)S(=O)(=O)c1ccc(cc1)NC(=O)c1ccc2c(c1)C(=O)N(C2=O)c1ccc(cc1)c1sc(c(c1c1ccccc1)c1ccccc1)c1ccc(cc1)N1C(=O)c2c(C1=O)cc(cc2)*,Tensile stress strength at break,0.0492,GPa,exp
*C(=O)Nc1ccc(cc1)S(=O)(=O)c1ccc(cc1)NC(=O)c1ccc2c(c1)C(=O)N(C2=O)c1ccc(cc1)c1sc(c(c1c1ccccc1)c1ccccc1)c1ccc(cc1)N1C(=O)c2c(C1=O)cc(cc2)*,Glass transition temperature,340.0,C,exp
*C(=O)Nc1ccc(cc1)S(=O)(=O)c1ccc(cc1)NC(=O)c1ccc2c(c1)C(=O)N(C2=O)c1ccc(cc1)c1sc(c(c1c1ccccc1)c1ccccc1)c1ccc(cc1)N1C(=O)c2c(C1=O)cc(cc2)*,Thermal decomposition temperature,675.0,C,exp
*C(=O)Nc1ccc(cc1)S(=O)(=O)c1ccc(cc1)NC(=O)c1ccc2c(c1)C(=O)N(C2=O)c1ccc(cc1)c1sc(c(c1c1ccccc1)c1ccccc1)c1ccc(cc1)N1C(=O)c2c(C1=O)cc(cc2)*,Thermal decomposition weight loss,24.0,%,exp
*C(=O)Nc1ccc(cc1)S(=O)(=O)c1ccc(cc1)NC(=O)c1ccc2c(c1)C(=O)N(C2=O)c1cccc(c1)N1C(=O)c2c(C1=O)cc(cc2)*,Glass transition temperature,342.0,C,exp
*C(=O)Nc1ccc(cc1)S(=O)(=O)c1ccc(cc1)NC(=O)c1ccc2c(c1)C(=O)N(C2=O)c1cccc(c1)N1C(=O)c2c(C1=O)cc(cc2)*,Thermal decomposition temperature,536.0,C,exp
*C(=O)Nc1ccc(cc1)S(=O)(=O)c1ccc(cc1)NC(=O)c1ccc2c(c1)C(=O)N(C2=O)c1cccc(c1)N1C(=O)c2c(C1=O)cc(cc2)*,Thermal decomposition weight loss,10.0,%,exp
*C(=O)Nc1ccc(cc1)S(=O)(=O)c1ccc(cc1)NC(=O)c1ccc2c(c1)C(=O)N(C2=O)c1cccc(c1)P(=O)(c1cccc(c1)N1C(=O)c2c(C1=O)cc(cc2)*)c1ccccc1,Glass transition temperature,241.0,C,exp
*C(=O)Nc1ccc(cc1)S(=O)(=O)c1ccc(cc1)NC(=O)c1ccc2c(c1)C(=O)N(C2=O)c1cccc(c1)P(=O)(c1cccc(c1)N1C(=O)c2c(C1=O)cc(cc2)*)c1ccccc1,Thermal decomposition temperature,695.0,C,exp
*C(=O)Nc1ccc(cc1)S(=O)(=O)c1ccc(cc1)NC(=O)c1ccc2c(c1)C(=O)N(C2=O)c1cccc(c1)P(=O)(c1cccc(c1)N1C(=O)c2c(C1=O)cc(cc2)*)c1ccccc1,Thermal decomposition weight loss,18.0,%,exp
*C(=O)Nc1ccc(cc1)S(=O)(=O)c1ccc(cc1)NC(=O)c1ccc2c(c1)nc([nH]2)c1cc(cc(c1)c1[nH]c2c(n1)cc(cc2)*)N1C(=O)c2c(C1=O)cccc2,Glass transition temperature,325.0,C,exp
*C(=O)Nc1ccc(cc1)S(=O)(=O)c1ccc(cc1)NC(=O)c1ccc2c(c1)nc([nH]2)c1cc(cc(c1)c1[nH]c2c(n1)cc(cc2)*)N1C(=O)c2c(C1=O)cccc2,Thermal decomposition temperature,523.0,C,exp
*C(=O)Nc1ccc(cc1)S(=O)(=O)c1ccc(cc1)NC(=O)c1ccc2c(c1)nc([nH]2)c1cc(cc(c1)c1[nH]c2c(n1)cc(cc2)*)N1C(=O)c2c(C1=O)cccc2,Thermal decomposition weight loss,10.0,%,exp
*C(=O)Nc1ccc(cc1)S(=O)(=O)c1ccc(cc1)NC(=O)c1ccc2c(c1)nc([nH]2)c1cccc(c1)c1nc2c([nH]1)ccc(c2)*,Glass transition temperature,312.0,C,exp
*C(=O)Nc1ccc(cc1)S(=O)(=O)c1ccc(cc1)NC(=O)c1ccc2c(c1)nc([nH]2)c1cccc(c1)c1nc2c([nH]1)ccc(c2)*,Thermal decomposition temperature,485.0,C,exp
*C(=O)Nc1ccc(cc1)S(=O)(=O)c1ccc(cc1)NC(=O)c1ccc2c(c1)nc([nH]2)c1cccc(c1)c1nc2c([nH]1)ccc(c2)*,Thermal decomposition weight loss,10.0,%,exp
*C(=O)Nc1ccc(cc1)Sc1ccc(cc1)NC(=O)c1ccc2c(c1)C(=O)N(C2=O)c1ccc(cc1)Oc1ccc(cc1)C1(NC(=O)c2c1cccc2)c1ccc(cc1)Oc1ccc(cc1)N1C(=O)c2c(C1=O)cc(cc2)*,Elongation at break,7.0,%,exp
*C(=O)Nc1ccc(cc1)Sc1ccc(cc1)NC(=O)c1ccc2c(c1)C(=O)N(C2=O)c1ccc(cc1)Oc1ccc(cc1)C1(NC(=O)c2c1cccc2)c1ccc(cc1)Oc1ccc(cc1)N1C(=O)c2c(C1=O)cc(cc2)*,Tensile stress strength at break,0.08,GPa,exp
*C(=O)Nc1ccc(cc1)Sc1ccc(cc1)NC(=O)c1ccc2c(c1)C(=O)N(C2=O)c1ccc(cc1)Oc1ccc(cc1)C1(NC(=O)c2c1cccc2)c1ccc(cc1)Oc1ccc(cc1)N1C(=O)c2c(C1=O)cc(cc2)*,Glass transition temperature,312.0,C,exp
*C(=O)Nc1ccc(cc1)Sc1ccc(cc1)NC(=O)c1ccc2c(c1)C(=O)N(C2=O)c1ccc(cc1)Oc1ccc(cc1)C1(NC(=O)c2c1cccc2)c1ccc(cc1)Oc1ccc(cc1)N1C(=O)c2c(C1=O)cc(cc2)*,Thermal decomposition temperature,513.5,C,exp
*C(=O)Nc1ccc(cc1)Sc1ccc(cc1)NC(=O)c1ccc2c(c1)C(=O)N(C2=O)c1ccc(cc1)Oc1ccc(cc1)C1(NC(=O)c2c1cccc2)c1ccc(cc1)Oc1ccc(cc1)N1C(=O)c2c(C1=O)cc(cc2)*,Thermal decomposition weight loss,10.0,%,exp
*C(=O)Nc1ccc(cc1)Sc1ccc(cc1)NC(=O)c1ccc2c(c1)C(=O)N(C2=O)c1ccc(cc1)Oc1ccc(cc1)N1C(=O)c2c(C1=O)cc(cc2)*,Glass transition temperature,284.0,C,exp
*C(=O)Nc1ccc(cc1)Sc1ccc(cc1)NC(=O)c1ccc2c(c1)C(=O)N(C2=O)c1ccc(cc1)Oc1ccc(cc1)N1C(=O)c2c(C1=O)cc(cc2)*,Thermal decomposition temperature,506.0,C,exp
*C(=O)Nc1ccc(cc1)Sc1ccc(cc1)NC(=O)c1ccc2c(c1)C(=O)N(C2=O)c1ccc(cc1)Oc1ccc(cc1)N1C(=O)c2c(C1=O)cc(cc2)*,Thermal decomposition weight loss,5.0,%,exp
*C(=O)Nc1ccc(cc1)Sc1ccc(cc1)NC(=O)c1ccc2c(c1)C(=O)N(C2=O)c1ccc(cc1)Oc1ccc2c(c1)cc(cc2)Oc1ccc(cc1)N1C(=O)c2c(C1=O)cc(cc2)*,Elongation at break,4.0,%,exp
*C(=O)Nc1ccc(cc1)Sc1ccc(cc1)NC(=O)c1ccc2c(c1)C(=O)N(C2=O)c1ccc(cc1)Oc1ccc2c(c1)cc(cc2)Oc1ccc(cc1)N1C(=O)c2c(C1=O)cc(cc2)*,Tensile stress strength at break,0.083,GPa,exp
*C(=O)Nc1ccc(cc1)Sc1ccc(cc1)NC(=O)c1ccc2c(c1)C(=O)N(C2=O)c1ccc(cc1)Oc1ccc2c(c1)cc(cc2)Oc1ccc(cc1)N1C(=O)c2c(C1=O)cc(cc2)*,Thermal decomposition temperature,512.5,C,exp
*C(=O)Nc1ccc(cc1)Sc1ccc(cc1)NC(=O)c1ccc2c(c1)C(=O)N(C2=O)c1ccc(cc1)Oc1ccc2c(c1)cc(cc2)Oc1ccc(cc1)N1C(=O)c2c(C1=O)cc(cc2)*,Thermal decomposition weight loss,10.0,%,exp
*C(=O)Nc1ccc(cc1)Sc1ccc(cc1)NC(=O)c1ccc2c(c1)C(=O)N(C2=O)c1ccc(cc1)Oc1cccc2c1cccc2Oc1ccc(cc1)N1C(=O)c2c(C1=O)cc(cc2)*,Glass transition temperature,265.0,C,exp
*C(=O)Nc1ccc(cc1)Sc1ccc(cc1)NC(=O)c1ccc2c(c1)C(=O)N(C2=O)c1ccc(cc1)Oc1cccc2c1cccc2Oc1ccc(cc1)N1C(=O)c2c(C1=O)cc(cc2)*,Thermal decomposition temperature,529.5,C,exp
*C(=O)Nc1ccc(cc1)Sc1ccc(cc1)NC(=O)c1ccc2c(c1)C(=O)N(C2=O)c1ccc(cc1)Oc1cccc2c1cccc2Oc1ccc(cc1)N1C(=O)c2c(C1=O)cc(cc2)*,Thermal decomposition weight loss,10.0,%,exp
*C(=O)Nc1ccc(cc1)Sc1ccc(cc1)NC(=O)c1ccc2c(c1)C(=O)N(C2=O)c1ccc(cc1)c1sc(c(c1c1ccccc1)c1ccccc1)c1ccc(cc1)N1C(=O)c2c(C1=O)cc(cc2)*,Elongation at break,45.5,%,exp
*C(=O)Nc1ccc(cc1)Sc1ccc(cc1)NC(=O)c1ccc2c(c1)C(=O)N(C2=O)c1ccc(cc1)c1sc(c(c1c1ccccc1)c1ccccc1)c1ccc(cc1)N1C(=O)c2c(C1=O)cc(cc2)*,Tensile stress strength at break,0.0613,GPa,exp
*C(=O)Nc1ccc(cc1)Sc1ccc(cc1)NC(=O)c1ccc2c(c1)C(=O)N(C2=O)c1ccc(cc1)c1sc(c(c1c1ccccc1)c1ccccc1)c1ccc(cc1)N1C(=O)c2c(C1=O)cc(cc2)*,Thermal decomposition temperature,683.0,C,exp
*C(=O)Nc1ccc(cc1)Sc1ccc(cc1)NC(=O)c1ccc2c(c1)C(=O)N(C2=O)c1ccc(cc1)c1sc(c(c1c1ccccc1)c1ccccc1)c1ccc(cc1)N1C(=O)c2c(C1=O)cc(cc2)*,Thermal decomposition weight loss,25.0,%,exp
*C(=O)Nc1ccc(cc1)c1ccc(cc1)N1C(=O)CC(C1=O)N1C(=O)c2c(C1=O)cc(cc2)*,Glass transition temperature,219.0,C,exp
*C(=O)Nc1ccc(cc1)c1ccc(cc1)N1C(=O)CC(C1=O)N1C(=O)c2c(C1=O)cc(cc2)*,Thermal decomposition temperature,293.0,C,exp
*C(=O)Nc1ccc(cc1)c1ccc(cc1)N1C(=O)CC(C1=O)N1C(=O)c2c(C1=O)cc(cc2)*,Thermal decomposition weight loss,10.0,%,exp
*C(=O)Nc1ccc(cc1)c1ccc(cc1)N1C(=O)c2c(C1=O)cc(cc2)*,Thermal decomposition temperature,550.0,C,exp
*C(=O)Nc1ccc(cc1)c1ccc(cc1)N1C(=O)c2c(C1=O)cc(cc2)*,Thermal decomposition weight loss,0.0,%,exp
*C(=O)Nc1ccc(cc1)c1ccc(cc1)NC(=O)N1CC(C)N(CC1C)*,Glass transition temperature,250.0,C,exp
*C(=O)Nc1ccc(cc1)c1ccc(cc1)NC(=O)c1ccc2c(c1)C(=O)N(C2=O)c1ccc(c(c1)c1ccccc1)Oc1ccc(cc1c1ccccc1)N1C(=O)c2c(C1=O)cc(cc2)*,Glass transition temperature,358.0,C,exp
*C(=O)Nc1ccc(cc1)c1ccc(cc1)NC(=O)c1ccc2c(c1)C(=O)N(C2=O)c1ccc(c(c1)c1ccccc1)Oc1ccc(cc1c1ccccc1)N1C(=O)c2c(C1=O)cc(cc2)*,Thermal decomposition temperature,510.0,C,exp
*C(=O)Nc1ccc(cc1)c1ccc(cc1)NC(=O)c1ccc2c(c1)C(=O)N(C2=O)c1ccc(c(c1)c1ccccc1)Oc1ccc(cc1c1ccccc1)N1C(=O)c2c(C1=O)cc(cc2)*,Thermal decomposition weight loss,7.5,%,exp
*C(=O)Nc1ccc(cc1)c1ccc(cc1)NC(=O)c1ccc2c(c1)C(=O)N(C2=O)c1ccc(cc1)Oc1ccc(cc1)N1C(=O)c2c(C1=O)cc(cc2)*,Glass transition temperature,315.0,C,exp
*C(=O)Nc1ccc(cc1)c1ccc(cc1)NC(=O)c1ccc2c(c1)C(=O)N(C2=O)c1ccc(cc1)Oc1ccc(cc1)N1C(=O)c2c(C1=O)cc(cc2)*,Thermal decomposition temperature,520.0,C,exp
*C(=O)Nc1ccc(cc1)c1ccc(cc1)NC(=O)c1ccc2c(c1)C(=O)N(C2=O)c1ccc(cc1)Oc1cccc2c1cccc2N1C(=O)c2c(C1=O)cc(cc2)*,Glass transition temperature,301.0,C,exp
*C(=O)Nc1ccc(cc1)c1ccc(cc1)NC(=O)c1ccc2c(c1)C(=O)N(C2=O)c1ccc(cc1)Oc1cccc2c1cccc2N1C(=O)c2c(C1=O)cc(cc2)*,Thermal decomposition temperature,548.0,C,exp
*C(=O)Nc1ccc(cc1)c1ccc(cc1)NC(=O)c1ccc2c(c1)C(=O)N(C2=O)c1ccc(cc1)Oc1cccc2c1cccc2N1C(=O)c2c(C1=O)cc(cc2)*,Thermal decomposition weight loss,10.0,%,exp
*C(=O)Nc1ccc(cc1)c1ccc(cc1)NC(=O)c1ccc2c(c1)C(=O)N(C2=O)c1ccc(cc1)S(=O)(=O)c1ccc(cc1)N1C(=O)c2c(C1=O)cc(cc2)*,Glass transition temperature,370.0,C,exp
*C(=O)Nc1ccc(cc1)c1ccc(cc1)NC(=O)c1ccc2c(c1)C(=O)N(C2=O)c1ccc(cc1)S(=O)(=O)c1ccc(cc1)N1C(=O)c2c(C1=O)cc(cc2)*,Thermal decomposition temperature,480.0,C,exp
*C(=O)Nc1ccc(cc1)c1ccc(cc1)NC(=O)c1ccc2c(c1)C(=O)N(C2=O)c1cccc(c1)P(=O)(c1cccc(c1)N1C(=O)c2c(C1=O)cc(cc2)*)c1ccccc1,Glass transition temperature,253.0,C,exp
*C(=O)Nc1ccc(cc1)c1ccc(cc1)NC(=O)c1ccc2c(c1)C(=O)N(C2=O)c1cccc(c1)P(=O)(c1cccc(c1)N1C(=O)c2c(C1=O)cc(cc2)*)c1ccccc1,Thermal decomposition temperature,720.0,C,exp
*C(=O)Nc1ccc(cc1)c1ccc(cc1)NC(=O)c1ccc2c(c1)C(=O)N(C2=O)c1cccc(c1)P(=O)(c1cccc(c1)N1C(=O)c2c(C1=O)cc(cc2)*)c1ccccc1,Thermal decomposition weight loss,21.5,%,exp
*C(=O)Nc1ccc(cc1)c1nc(cc(c1)c1ccccc1)c1ccc(cc1)NC(=O)c1ccc2c(c1)C(=O)N(C2=O)c1ccc(cc1)Oc1cccc2c1cccc2N1C(=O)c2c(C1=O)cc(cc2)*,Glass transition temperature,295.0,C,exp
*C(=O)Nc1ccc(cc1)c1nc(cc(c1)c1ccccc1)c1ccc(cc1)NC(=O)c1ccc2c(c1)C(=O)N(C2=O)c1ccc(cc1)Oc1cccc2c1cccc2N1C(=O)c2c(C1=O)cc(cc2)*,Thermal decomposition temperature,551.0,C,exp
*C(=O)Nc1ccc(cc1)c1nc(cc(c1)c1ccccc1)c1ccc(cc1)NC(=O)c1ccc2c(c1)C(=O)N(C2=O)c1ccc(cc1)Oc1cccc2c1cccc2N1C(=O)c2c(C1=O)cc(cc2)*,Thermal decomposition weight loss,10.0,%,exp
*C(=O)Nc1ccc(cc1)c1nc(cc(c1)c1ccccc1)c1ccc(cc1)NC(=O)c1ccc2c(c1)C(=O)N(C2=O)c1cccc(c1)P(=O)(c1cccc(c1)N1C(=O)c2c(C1=O)cc(cc2)*)c1ccccc1,Glass transition temperature,258.0,C,exp
*C(=O)Nc1ccc(cc1)c1nc(cc(c1)c1ccccc1)c1ccc(cc1)NC(=O)c1ccc2c(c1)C(=O)N(C2=O)c1cccc(c1)P(=O)(c1cccc(c1)N1C(=O)c2c(C1=O)cc(cc2)*)c1ccccc1,Thermal decomposition temperature,700.0,C,exp
*C(=O)Nc1ccc(cc1)c1nc(cc(c1)c1ccccc1)c1ccc(cc1)NC(=O)c1ccc2c(c1)C(=O)N(C2=O)c1cccc(c1)P(=O)(c1cccc(c1)N1C(=O)c2c(C1=O)cc(cc2)*)c1ccccc1,Thermal decomposition weight loss,23.5,%,exp
*C(=O)Nc1ccc(cc1)c1sc(c(c1c1ccccc1)c1ccccc1)c1ccc(cc1)NC(=O)c1ccc2c(c1)C(=O)N(C2=O)c1ccc(cc1)Oc1ccc2c(c1)cc(cc2)Oc1ccc(cc1)N1C(=O)c2c(C1=O)cc(cc2)*,Elongation at break,5.0,%,exp
*C(=O)Nc1ccc(cc1)c1sc(c(c1c1ccccc1)c1ccccc1)c1ccc(cc1)NC(=O)c1ccc2c(c1)C(=O)N(C2=O)c1ccc(cc1)Oc1ccc2c(c1)cc(cc2)Oc1ccc(cc1)N1C(=O)c2c(C1=O)cc(cc2)*,Tensile stress strength at break,0.083,GPa,exp
*C(=O)Nc1ccc(cc1)c1sc(c(c1c1ccccc1)c1ccccc1)c1ccc(cc1)NC(=O)c1ccc2c(c1)C(=O)N(C2=O)c1ccc(cc1)Oc1ccc2c(c1)cc(cc2)Oc1ccc(cc1)N1C(=O)c2c(C1=O)cc(cc2)*,Glass transition temperature,311.0,C,exp
*C(=O)Nc1ccc(cc1)c1sc(c(c1c1ccccc1)c1ccccc1)c1ccc(cc1)NC(=O)c1ccc2c(c1)C(=O)N(C2=O)c1ccc(cc1)Oc1ccc2c(c1)cc(cc2)Oc1ccc(cc1)N1C(=O)c2c(C1=O)cc(cc2)*,Thermal decomposition temperature,565.5,C,exp
*C(=O)Nc1ccc(cc1)c1sc(c(c1c1ccccc1)c1ccccc1)c1ccc(cc1)NC(=O)c1ccc2c(c1)C(=O)N(C2=O)c1ccc(cc1)Oc1ccc2c(c1)cc(cc2)Oc1ccc(cc1)N1C(=O)c2c(C1=O)cc(cc2)*,Thermal decomposition weight loss,10.0,%,exp
*C(=O)Nc1ccc(cc1)c1sc(c(c1c1ccccc1)c1ccccc1)c1ccc(cc1)NC(=O)c1ccc2c(c1)C(=O)N(C2=O)c1ccc(cc1)Oc1cccc2c1cccc2Oc1ccc(cc1)N1C(=O)c2c(C1=O)cc(cc2)*,Elongation at break,8.0,%,exp
*C(=O)Nc1ccc(cc1)c1sc(c(c1c1ccccc1)c1ccccc1)c1ccc(cc1)NC(=O)c1ccc2c(c1)C(=O)N(C2=O)c1ccc(cc1)Oc1cccc2c1cccc2Oc1ccc(cc1)N1C(=O)c2c(C1=O)cc(cc2)*,Tensile stress strength at break,0.085,GPa,exp
*C(=O)Nc1ccc(cc1)c1sc(c(c1c1ccccc1)c1ccccc1)c1ccc(cc1)NC(=O)c1ccc2c(c1)C(=O)N(C2=O)c1ccc(cc1)Oc1cccc2c1cccc2Oc1ccc(cc1)N1C(=O)c2c(C1=O)cc(cc2)*,Glass transition temperature,340.0,C,exp
*C(=O)Nc1ccc(cc1)c1sc(c(c1c1ccccc1)c1ccccc1)c1ccc(cc1)NC(=O)c1ccc2c(c1)C(=O)N(C2=O)c1ccc(cc1)Oc1cccc2c1cccc2Oc1ccc(cc1)N1C(=O)c2c(C1=O)cc(cc2)*,Thermal decomposition temperature,549.5,C,exp
*C(=O)Nc1ccc(cc1)c1sc(c(c1c1ccccc1)c1ccccc1)c1ccc(cc1)NC(=O)c1ccc2c(c1)C(=O)N(C2=O)c1ccc(cc1)Oc1cccc2c1cccc2Oc1ccc(cc1)N1C(=O)c2c(C1=O)cc(cc2)*,Thermal decomposition weight loss,10.0,%,exp
*C(=O)Nc1ccc(cc1)c1sc(c(c1c1ccccc1)c1ccccc1)c1ccc(cc1)NC(=O)c1ccc2c(c1)C(=O)N(C2=O)c1ccc(cc1)c1sc(c(c1c1ccccc1)c1ccccc1)c1ccc(cc1)N1C(=O)c2c(C1=O)cc(cc2)*,Glass transition temperature,338.0,C,exp
*C(=O)Nc1ccc(cc1)c1sc(c(c1c1ccccc1)c1ccccc1)c1ccc(cc1)NC(=O)c1ccc2c(c1)C(=O)N(C2=O)c1ccc(cc1)c1sc(c(c1c1ccccc1)c1ccccc1)c1ccc(cc1)N1C(=O)c2c(C1=O)cc(cc2)*,Thermal decomposition temperature,688.0,C,exp
*C(=O)Nc1ccc(cc1)c1sc(c(c1c1ccccc1)c1ccccc1)c1ccc(cc1)NC(=O)c1ccc2c(c1)C(=O)N(C2=O)c1ccc(cc1)c1sc(c(c1c1ccccc1)c1ccccc1)c1ccc(cc1)N1C(=O)c2c(C1=O)cc(cc2)*,Thermal decomposition weight loss,20.9,%,exp
*C(=O)Nc1ccc(cc1C)Cc1ccc(c(c1)C)NC(=O)c1ccc2c(c1)C(=O)N(C2=O)c1c(C)cc(cc1C)c1cc(C)c(c(c1)C)N1C(=O)c2c(C1=O)cc(cc2)*,Glass transition temperature,329.0,C,exp
*C(=O)Nc1ccc2c(-c3cc(ccc3C2)NC(=O)c2ccc3c(c2)C(=O)N(C3=O)c2cccc(c2)P(=O)(c2cccc(c2)N2C(=O)c3c(C2=O)cc(cc3)*)c2ccccc2)c1,Glass transition temperature,248.0,C,exp
*C(=O)Nc1ccc2c(-c3cc(ccc3C2)NC(=O)c2ccc3c(c2)C(=O)N(C3=O)c2cccc(c2)P(=O)(c2cccc(c2)N2C(=O)c3c(C2=O)cc(cc3)*)c2ccccc2)c1,Thermal decomposition temperature,673.5,C,exp
*C(=O)Nc1ccc2c(-c3cc(ccc3C2)NC(=O)c2ccc3c(c2)C(=O)N(C3=O)c2cccc(c2)P(=O)(c2cccc(c2)N2C(=O)c3c(C2=O)cc(cc3)*)c2ccccc2)c1,Thermal decomposition weight loss,26.5,%,exp
*C(=O)Nc1cccc(c1)C#Cc1cccc(c1)N1C(=O)c2c(C1=O)cc(cc2)*,Elongation at break,2.85,%,exp
*C(=O)Nc1cccc(c1)C#Cc1cccc(c1)N1C(=O)c2c(C1=O)cc(cc2)*,Tensile stress strength at break,0.0645,GPa,exp
*C(=O)Nc1cccc(c1)C#Cc1cccc(c1)N1C(=O)c2c(C1=O)cc(cc2)*,Glass transition temperature,312.0,C,exp
*C(=O)Nc1cccc(c1)C#Cc1cccc(c1)N1C(=O)c2c(C1=O)cc(cc2)*,Thermal decomposition temperature,523.0,C,exp
*C(=O)Nc1cccc(c1)C#Cc1cccc(c1)N1C(=O)c2c(C1=O)cc(cc2)*,Thermal decomposition weight loss,10.0,%,exp
*C(=O)Nc1cccc(c1)C(=O)Nc1cccc(c1)NC(=O)c1ccc2c(c1)nc([nH]2)c1ccc(cc1)c1nc2c([nH]1)ccc(c2)*,Elongation at break,14.0,%,exp
*C(=O)Nc1cccc(c1)C(=O)Nc1cccc(c1)NC(=O)c1ccc2c(c1)nc([nH]2)c1ccc(cc1)c1nc2c([nH]1)ccc(c2)*,Tensile stress strength at break,0.125,GPa,exp
*C(=O)Nc1cccc(c1)C(=O)Nc1cccc(c1)NC(=O)c1ccc2c(c1)nc([nH]2)c1ccc(cc1)c1nc2c([nH]1)ccc(c2)*,Glass transition temperature,312.0,C,exp
*C(=O)Nc1cccc(c1)C(=O)Nc1cccc(c1)NC(=O)c1ccc2c(c1)nc([nH]2)c1ccc(cc1)c1nc2c([nH]1)ccc(c2)*,Thermal decomposition temperature,480.0,C,exp
*C(=O)Nc1cccc(c1)C(=O)Nc1cccc(c1)NC(=O)c1ccc2c(c1)nc([nH]2)c1ccc(cc1)c1nc2c([nH]1)ccc(c2)*,Thermal decomposition weight loss,0.0,%,exp
*C(=O)Nc1cccc(c1)C(=O)Nc1cccc(c1)NC(=O)c1ccc2c(c1)nc([nH]2)c1cccc(c1)c1nc2c([nH]1)ccc(c2)*,Elongation at break,9.0,%,exp
*C(=O)Nc1cccc(c1)C(=O)Nc1cccc(c1)NC(=O)c1ccc2c(c1)nc([nH]2)c1cccc(c1)c1nc2c([nH]1)ccc(c2)*,Tensile stress strength at break,0.129,GPa,exp
*C(=O)Nc1cccc(c1)C(=O)Nc1cccc(c1)NC(=O)c1ccc2c(c1)nc([nH]2)c1cccc(c1)c1nc2c([nH]1)ccc(c2)*,Glass transition temperature,331.0,C,exp
*C(=O)Nc1cccc(c1)C(=O)Nc1cccc(c1)NC(=O)c1ccc2c(c1)nc([nH]2)c1cccc(c1)c1nc2c([nH]1)ccc(c2)*,Thermal decomposition temperature,480.0,C,exp
*C(=O)Nc1cccc(c1)C(=O)Nc1cccc(c1)NC(=O)c1ccc2c(c1)nc([nH]2)c1cccc(c1)c1nc2c([nH]1)ccc(c2)*,Thermal decomposition weight loss,0.0,%,exp
*C(=O)Nc1cccc(c1)C(=O)c1cccc(c1)NC(=O)c1ccc2c(c1)C(=O)N(C2=O)c1ccc(cc1)c1sc(c(c1c1ccccc1)c1ccccc1)c1ccc(cc1)N1C(=O)c2c(C1=O)cc(cc2)*,Elongation at break,70.1,%,exp
*C(=O)Nc1cccc(c1)C(=O)c1cccc(c1)NC(=O)c1ccc2c(c1)C(=O)N(C2=O)c1ccc(cc1)c1sc(c(c1c1ccccc1)c1ccccc1)c1ccc(cc1)N1C(=O)c2c(C1=O)cc(cc2)*,Tensile stress strength at break,0.0742,GPa,exp
*C(=O)Nc1cccc(c1)C(=O)c1cccc(c1)NC(=O)c1ccc2c(c1)C(=O)N(C2=O)c1ccc(cc1)c1sc(c(c1c1ccccc1)c1ccccc1)c1ccc(cc1)N1C(=O)c2c(C1=O)cc(cc2)*,Glass transition temperature,308.0,C,exp
*C(=O)Nc1cccc(c1)C(=O)c1cccc(c1)NC(=O)c1ccc2c(c1)C(=O)N(C2=O)c1ccc(cc1)c1sc(c(c1c1ccccc1)c1ccccc1)c1ccc(cc1)N1C(=O)c2c(C1=O)cc(cc2)*,Thermal decomposition temperature,694.0,C,exp
*C(=O)Nc1cccc(c1)C(=O)c1cccc(c1)NC(=O)c1ccc2c(c1)C(=O)N(C2=O)c1ccc(cc1)c1sc(c(c1c1ccccc1)c1ccccc1)c1ccc(cc1)N1C(=O)c2c(C1=O)cc(cc2)*,Thermal decomposition weight loss,21.85,%,exp
*C(=O)Nc1cccc(c1)N1C(=O)CC(C1=O)N1C(=O)c2c(C1=O)cc(cc2)*,Glass transition temperature,130.0,C,exp
*C(=O)Nc1cccc(c1)N1C(=O)CC(C1=O)N1C(=O)c2c(C1=O)cc(cc2)*,Thermal decomposition temperature,175.0,C,exp
*C(=O)Nc1cccc(c1)N1C(=O)CC(C1=O)N1C(=O)c2c(C1=O)cc(cc2)*,Thermal decomposition weight loss,10.0,%,exp
*C(=O)Nc1cccc(c1)NC(=O)c1ccc(cc1)N1C(=O)c2c(C1=O)cc(cc2)*,Glass transition temperature,240.0,C,exp
*C(=O)Nc1cccc(c1)NC(=O)c1ccc(cc1)N1C(=O)c2c(C1=O)cc(cc2)*,Thermal decomposition temperature,400.0,C,exp
*C(=O)Nc1cccc(c1)NC(=O)c1ccc(cc1)N1C(=O)c2c(C1=O)cc(cc2)*,Thermal decomposition weight loss,8.0,%,exp
*C(=O)Nc1cccc(c1)NC(=O)c1ccc(cc1)c1nc2c([nH]1)ccc(c2)*,Elongation at break,30.0,%,exp
*C(=O)Nc1cccc(c1)NC(=O)c1ccc(cc1)c1nc2c([nH]1)ccc(c2)*,Tensile stress strength at break,0.152,GPa,exp
*C(=O)Nc1cccc(c1)NC(=O)c1ccc(cc1)c1nc2c([nH]1)ccc(c2)*,Glass transition temperature,325.0,C,exp
*C(=O)Nc1cccc(c1)NC(=O)c1ccc(cc1)c1nc2c([nH]1)ccc(c2)*,Thermal decomposition temperature,500.0,C,exp
*C(=O)Nc1cccc(c1)NC(=O)c1ccc(cc1)c1nc2c([nH]1)ccc(c2)*,Thermal decomposition weight loss,0.0,%,exp
*C(=O)Nc1cccc(c1)NC(=O)c1ccc2c(c1)C(=O)N(C2=O)c1ccc(cc1)Oc1ccc(cc1)C1(NC(=O)c2c1cccc2)c1ccc(cc1)Oc1ccc(cc1)N1C(=O)c2c(C1=O)cc(cc2)*,Elongation at break,6.0,%,exp
*C(=O)Nc1cccc(c1)NC(=O)c1ccc2c(c1)C(=O)N(C2=O)c1ccc(cc1)Oc1ccc(cc1)C1(NC(=O)c2c1cccc2)c1ccc(cc1)Oc1ccc(cc1)N1C(=O)c2c(C1=O)cc(cc2)*,Tensile stress strength at break,0.089,GPa,exp
*C(=O)Nc1cccc(c1)NC(=O)c1ccc2c(c1)C(=O)N(C2=O)c1ccc(cc1)Oc1ccc(cc1)C1(NC(=O)c2c1cccc2)c1ccc(cc1)Oc1ccc(cc1)N1C(=O)c2c(C1=O)cc(cc2)*,Glass transition temperature,328.0,C,exp
*C(=O)Nc1cccc(c1)NC(=O)c1ccc2c(c1)C(=O)N(C2=O)c1ccc(cc1)Oc1ccc(cc1)C1(NC(=O)c2c1cccc2)c1ccc(cc1)Oc1ccc(cc1)N1C(=O)c2c(C1=O)cc(cc2)*,Thermal decomposition temperature,537.0,C,exp
*C(=O)Nc1cccc(c1)NC(=O)c1ccc2c(c1)C(=O)N(C2=O)c1ccc(cc1)Oc1ccc(cc1)C1(NC(=O)c2c1cccc2)c1ccc(cc1)Oc1ccc(cc1)N1C(=O)c2c(C1=O)cc(cc2)*,Thermal decomposition weight loss,10.0,%,exp
*C(=O)Nc1cccc(c1)NC(=O)c1ccc2c(c1)C(=O)N(C2=O)c1ccc(cc1)Oc1ccc2c(c1)cc(cc2)Oc1ccc(cc1)N1C(=O)c2c(C1=O)cc(cc2)*,Elongation at break,9.0,%,exp
*C(=O)Nc1cccc(c1)NC(=O)c1ccc2c(c1)C(=O)N(C2=O)c1ccc(cc1)Oc1ccc2c(c1)cc(cc2)Oc1ccc(cc1)N1C(=O)c2c(C1=O)cc(cc2)*,Tensile stress strength at break,0.074,GPa,exp
*C(=O)Nc1cccc(c1)NC(=O)c1ccc2c(c1)C(=O)N(C2=O)c1ccc(cc1)Oc1ccc2c(c1)cc(cc2)Oc1ccc(cc1)N1C(=O)c2c(C1=O)cc(cc2)*,Glass transition temperature,286.0,C,exp
*C(=O)Nc1cccc(c1)NC(=O)c1ccc2c(c1)C(=O)N(C2=O)c1ccc(cc1)Oc1ccc2c(c1)cc(cc2)Oc1ccc(cc1)N1C(=O)c2c(C1=O)cc(cc2)*,Thermal decomposition temperature,535.5,C,exp
*C(=O)Nc1cccc(c1)NC(=O)c1ccc2c(c1)C(=O)N(C2=O)c1ccc(cc1)Oc1ccc2c(c1)cc(cc2)Oc1ccc(cc1)N1C(=O)c2c(C1=O)cc(cc2)*,Thermal decomposition weight loss,10.0,%,exp
*C(=O)Nc1cccc(c1)NC(=O)c1ccc2c(c1)C(=O)N(C2=O)c1ccc(cc1)Oc1cccc2c1cccc2Oc1ccc(cc1)N1C(=O)c2c(C1=O)cc(cc2)*,Elongation at break,5.0,%,exp
*C(=O)Nc1cccc(c1)NC(=O)c1ccc2c(c1)C(=O)N(C2=O)c1ccc(cc1)Oc1cccc2c1cccc2Oc1ccc(cc1)N1C(=O)c2c(C1=O)cc(cc2)*,Tensile stress strength at break,0.075,GPa,exp
*C(=O)Nc1cccc(c1)NC(=O)c1ccc2c(c1)C(=O)N(C2=O)c1ccc(cc1)Oc1cccc2c1cccc2Oc1ccc(cc1)N1C(=O)c2c(C1=O)cc(cc2)*,Glass transition temperature,263.0,C,exp
*C(=O)Nc1cccc(c1)NC(=O)c1ccc2c(c1)C(=O)N(C2=O)c1ccc(cc1)Oc1cccc2c1cccc2Oc1ccc(cc1)N1C(=O)c2c(C1=O)cc(cc2)*,Thermal decomposition temperature,533.0,C,exp
*C(=O)Nc1cccc(c1)NC(=O)c1ccc2c(c1)C(=O)N(C2=O)c1ccc(cc1)Oc1cccc2c1cccc2Oc1ccc(cc1)N1C(=O)c2c(C1=O)cc(cc2)*,Thermal decomposition weight loss,10.0,%,exp
*C(=O)Nc1cccc(c1)NC(=O)c1ccc2c(c1)C(=O)N(C2=O)c1ccc(cc1)S(=O)(=O)c1ccc(cc1)N1C(=O)c2c(C1=O)cc(cc2)*,Glass transition temperature,311.0,C,exp
*C(=O)Nc1cccc(c1)NC(=O)c1ccc2c(c1)C(=O)N(C2=O)c1ccc(cc1)S(=O)(=O)c1ccc(cc1)N1C(=O)c2c(C1=O)cc(cc2)*,Thermal decomposition temperature,425.0,C,exp
*C(=O)Nc1cccc(c1)NC(=O)c1ccc2c(c1)C(=O)N(C2=O)c1ccc(cc1)c1sc(c(c1c1ccccc1)c1ccccc1)c1ccc(cc1)N1C(=O)c2c(C1=O)cc(cc2)*,Elongation at break,17.5,%,exp
*C(=O)Nc1cccc(c1)NC(=O)c1ccc2c(c1)C(=O)N(C2=O)c1ccc(cc1)c1sc(c(c1c1ccccc1)c1ccccc1)c1ccc(cc1)N1C(=O)c2c(C1=O)cc(cc2)*,Tensile stress strength at break,0.0521,GPa,exp
*C(=O)Nc1cccc(c1)NC(=O)c1ccc2c(c1)C(=O)N(C2=O)c1ccc(cc1)c1sc(c(c1c1ccccc1)c1ccccc1)c1ccc(cc1)N1C(=O)c2c(C1=O)cc(cc2)*,Glass transition temperature,334.0,C,exp
*C(=O)Nc1cccc(c1)NC(=O)c1ccc2c(c1)C(=O)N(C2=O)c1ccc(cc1)c1sc(c(c1c1ccccc1)c1ccccc1)c1ccc(cc1)N1C(=O)c2c(C1=O)cc(cc2)*,Thermal decomposition temperature,705.5,C,exp
*C(=O)Nc1cccc(c1)NC(=O)c1ccc2c(c1)C(=O)N(C2=O)c1ccc(cc1)c1sc(c(c1c1ccccc1)c1ccccc1)c1ccc(cc1)N1C(=O)c2c(C1=O)cc(cc2)*,Thermal decomposition weight loss,23.45,%,exp
*C(=O)Nc1cccc(c1)NC(=O)c1ccc2c(c1)nc([nH]2)c1cc(cc(c1)c1[nH]c2c(n1)cc(cc2)*)N1C(=O)c2c(C1=O)cccc2,Glass transition temperature,304.0,C,exp
*C(=O)Nc1cccc(c1)NC(=O)c1ccc2c(c1)nc([nH]2)c1cc(cc(c1)c1[nH]c2c(n1)cc(cc2)*)N1C(=O)c2c(C1=O)cccc2,Thermal decomposition temperature,506.0,C,exp
*C(=O)Nc1cccc(c1)NC(=O)c1ccc2c(c1)nc([nH]2)c1cc(cc(c1)c1[nH]c2c(n1)cc(cc2)*)N1C(=O)c2c(C1=O)cccc2,Thermal decomposition weight loss,10.0,%,exp
*C(=O)Nc1cccc(c1)NC(=O)c1ccc2c(c1)nc([nH]2)c1ccc(cc1)c1nc2c([nH]1)ccc(c2)*,Elongation at break,19.0,%,exp
*C(=O)Nc1cccc(c1)NC(=O)c1ccc2c(c1)nc([nH]2)c1ccc(cc1)c1nc2c([nH]1)ccc(c2)*,Tensile stress strength at break,0.143,GPa,exp
*C(=O)Nc1cccc(c1)NC(=O)c1ccc2c(c1)nc([nH]2)c1ccc(cc1)c1nc2c([nH]1)ccc(c2)*,Glass transition temperature,294.0,C,exp
*C(=O)Nc1cccc(c1)NC(=O)c1ccc2c(c1)nc([nH]2)c1ccc(cc1)c1nc2c([nH]1)ccc(c2)*,Thermal decomposition temperature,490.0,C,exp
*C(=O)Nc1cccc(c1)NC(=O)c1ccc2c(c1)nc([nH]2)c1ccc(cc1)c1nc2c([nH]1)ccc(c2)*,Thermal decomposition weight loss,0.0,%,exp
*C(=O)Nc1cccc(c1)NC(=O)c1ccc2c(c1)nc([nH]2)c1cccc(c1)c1nc2c([nH]1)ccc(c2)*,Elongation at break,9.0,%,exp
*C(=O)Nc1cccc(c1)NC(=O)c1ccc2c(c1)nc([nH]2)c1cccc(c1)c1nc2c([nH]1)ccc(c2)*,Tensile stress strength at break,0.116,GPa,exp
*C(=O)Nc1cccc(c1)NC(=O)c1ccc2c(c1)nc([nH]2)c1cccc(c1)c1nc2c([nH]1)ccc(c2)*,Glass transition temperature,297.5,C,exp
*C(=O)Nc1cccc(c1)NC(=O)c1ccc2c(c1)nc([nH]2)c1cccc(c1)c1nc2c([nH]1)ccc(c2)*,Thermal decomposition temperature,476.0,C,exp
*C(=O)Nc1cccc(c1)NC(=O)c1ccc2c(c1)nc([nH]2)c1cccc(c1)c1nc2c([nH]1)ccc(c2)*,Thermal decomposition weight loss,5.0,%,exp
*C(=O)Nc1cccc(c1)NC(=O)c1cccc(c1)C(=O)Nc1cccc(c1)N1C(=O)c2c(C1=O)cc(cc2)*,Elongation at break,5.5,%,exp
*C(=O)Nc1cccc(c1)NC(=O)c1cccc(c1)C(=O)Nc1cccc(c1)N1C(=O)c2c(C1=O)cc(cc2)*,Tensile stress strength at break,0.12872,GPa,exp
*C(=O)Nc1cccc(c1)NC(=O)c1cccc(c1)C(=O)Nc1cccc(c1)N1C(=O)c2c(C1=O)cc(cc2)*,Thermal decomposition temperature,500.0,C,exp
*C(=O)Nc1cccc(c1)NC(=O)c1cccc(c1)C(=O)Nc1cccc(c1)N1C(=O)c2c(C1=O)cc(cc2)*,Thermal decomposition weight loss,10.0,%,exp
*C(=O)Nc1cccc(c1)NC(=O)c1cccc(c1)NC(=O)c1ccc(cc1)c1nc2c([nH]1)ccc(c2)*,Elongation at break,11.0,%,exp
*C(=O)Nc1cccc(c1)NC(=O)c1cccc(c1)NC(=O)c1ccc(cc1)c1nc2c([nH]1)ccc(c2)*,Tensile stress strength at break,0.144,GPa,exp
*C(=O)Nc1cccc(c1)NC(=O)c1cccc(c1)NC(=O)c1ccc(cc1)c1nc2c([nH]1)ccc(c2)*,Glass transition temperature,292.0,C,exp
*C(=O)Nc1cccc(c1)NC(=O)c1cccc(c1)NC(=O)c1ccc(cc1)c1nc2c([nH]1)ccc(c2)*,Thermal decomposition temperature,495.0,C,exp
*C(=O)Nc1cccc(c1)NC(=O)c1cccc(c1)NC(=O)c1ccc(cc1)c1nc2c([nH]1)ccc(c2)*,Thermal decomposition weight loss,0.0,%,exp
*C(=O)Nc1cccc(c1)Oc1ccc(cc1)C(=O)c1ccc(cc1)Oc1cccc(c1)NC(=O)c1ccc(nc1)*,Glass transition temperature,154.0,C,exp
*C(=O)Nc1cccc(c1)Oc1ccc(cc1)C(=O)c1ccc(cc1)Oc1cccc(c1)NC(=O)c1ccc(nc1)*,Thermal decomposition temperature,425.0,C,exp
*C(=O)Nc1cccc(c1)Oc1ccc(cc1)C(=O)c1ccc(cc1)Oc1cccc(c1)NC(=O)c1ccc(nc1)*,Thermal decomposition weight loss,13.5,%,exp
*C(=O)Nc1cccc(c1)Oc1ccc(cc1)NC(=O)c1ccc(cc1)N1C(=O)c2c(C1=O)cc(cc2)*,Thermal decomposition temperature,404.0,C,exp
*C(=O)Nc1cccc(c1)Oc1ccc(cc1)NC(=O)c1ccc(cc1)N1C(=O)c2c(C1=O)cc(cc2)*,Thermal decomposition weight loss,0.0,%,exp
*C(=O)Nc1cccc(c1)Oc1ccc(cc1)S(=O)(=O)c1ccc(cc1)Oc1cccc(c1)NC(=O)c1ccc(cc1)N1C(=O)c2c(C1=O)cc(cc2)*,Glass transition temperature,235.0,C,exp
*C(=O)Nc1cccc(c1)Oc1ccc(cc1)S(=O)(=O)c1ccc(cc1)Oc1cccc(c1)NC(=O)c1ccc(cc1)N1C(=O)c2c(C1=O)cc(cc2)*,Thermal decomposition temperature,429.0,C,exp
*C(=O)Nc1cccc(c1)Oc1ccc(cc1)S(=O)(=O)c1ccc(cc1)Oc1cccc(c1)NC(=O)c1ccc(cc1)N1C(=O)c2c(C1=O)cc(cc2)*,Thermal decomposition weight loss,0.0,%,exp
*C(=O)Nc1cccc(c1)P(=O)(c1ccccc1)c1cccc(c1)NC(=O)c1ccc2c(c1)C(=O)N(C2=O)c1cccc(c1)P(=O)(c1cccc(c1)N1C(=O)c2c(C1=O)cc(cc2)*)c1ccccc1,Glass transition temperature,206.0,C,exp
*C(=O)Nc1cccc(c1)P(=O)(c1ccccc1)c1cccc(c1)NC(=O)c1ccc2c(c1)C(=O)N(C2=O)c1cccc(c1)P(=O)(c1cccc(c1)N1C(=O)c2c(C1=O)cc(cc2)*)c1ccccc1,Thermal decomposition temperature,515.0,C,exp
*C(=O)Nc1cccc(c1)P(=O)(c1ccccc1)c1cccc(c1)NC(=O)c1ccc2c(c1)C(=O)N(C2=O)c1cccc(c1)P(=O)(c1cccc(c1)N1C(=O)c2c(C1=O)cc(cc2)*)c1ccccc1,Thermal decomposition weight loss,10.0,%,exp
*C(=O)Nc1cccc(c1)S(=O)(=O)c1cccc(c1)NC(=O)c1ccc2c(c1)C(=O)N(C2=O)c1cc(cc(c1)N1C(=O)c2c(C1=O)cc(cc2)*)c1nnc(o1)c1ccccn1,Glass transition temperature,173.0,C,exp
*C(=O)Nc1cccc(c1)S(=O)(=O)c1cccc(c1)NC(=O)c1ccc2c(c1)C(=O)N(C2=O)c1cc(cc(c1)N1C(=O)c2c(C1=O)cc(cc2)*)c1nnc(o1)c1ccccn1,Thermal decomposition temperature,401.0,C,exp
*C(=O)Nc1cccc(c1)S(=O)(=O)c1cccc(c1)NC(=O)c1ccc2c(c1)C(=O)N(C2=O)c1cc(cc(c1)N1C(=O)c2c(C1=O)cc(cc2)*)c1nnc(o1)c1ccccn1,Thermal decomposition weight loss,10.0,%,exp
*C(=O)Nc1cccc(c1)S(=O)(=O)c1cccc(c1)NC(=O)c1ccc2c(c1)C(=O)N(C2=O)c1cc(cc(c1)N1C(=O)c2c(C1=O)cc(cc2)*)c1nnc(o1)c1ccccn1,Melting temperature,343.0,C,exp
*C(=O)Nc1cccc(c1)S(=O)(=O)c1cccc(c1)NC(=O)c1ccc2c(c1)C(=O)N(C2=O)c1ccc(cc1)OCCCOc1ccc(cc1)N1C(=O)c2c(C1=O)cc(cc2)*,Thermal decomposition temperature,385.0,C,exp
*C(=O)Nc1cccc(c1)S(=O)(=O)c1cccc(c1)NC(=O)c1ccc2c(c1)C(=O)N(C2=O)c1ccc(cc1)OCCCOc1ccc(cc1)N1C(=O)c2c(C1=O)cc(cc2)*,Thermal decomposition weight loss,7.5,%,exp
*C(=O)Nc1cccc(c1)S(=O)(=O)c1cccc(c1)NC(=O)c1ccc2c(c1)C(=O)N(C2=O)c1ccc(cc1)c1sc(c(c1c1ccccc1)c1ccccc1)c1ccc(cc1)N1C(=O)c2c(C1=O)cc(cc2)*,Elongation at break,21.7,%,exp
*C(=O)Nc1cccc(c1)S(=O)(=O)c1cccc(c1)NC(=O)c1ccc2c(c1)C(=O)N(C2=O)c1ccc(cc1)c1sc(c(c1c1ccccc1)c1ccccc1)c1ccc(cc1)N1C(=O)c2c(C1=O)cc(cc2)*,Tensile stress strength at break,0.0563,GPa,exp
*C(=O)Nc1cccc(c1)S(=O)(=O)c1cccc(c1)NC(=O)c1ccc2c(c1)C(=O)N(C2=O)c1ccc(cc1)c1sc(c(c1c1ccccc1)c1ccccc1)c1ccc(cc1)N1C(=O)c2c(C1=O)cc(cc2)*,Glass transition temperature,320.0,C,exp
*C(=O)Nc1cccc(c1)S(=O)(=O)c1cccc(c1)NC(=O)c1ccc2c(c1)C(=O)N(C2=O)c1ccc(cc1)c1sc(c(c1c1ccccc1)c1ccccc1)c1ccc(cc1)N1C(=O)c2c(C1=O)cc(cc2)*,Thermal decomposition temperature,690.0,C,exp
*C(=O)Nc1cccc(c1)S(=O)(=O)c1cccc(c1)NC(=O)c1ccc2c(c1)C(=O)N(C2=O)c1ccc(cc1)c1sc(c(c1c1ccccc1)c1ccccc1)c1ccc(cc1)N1C(=O)c2c(C1=O)cc(cc2)*,Thermal decomposition weight loss,21.5,%,exp
*C(=O)Nc1cccc(n1)NC(=O)c1ccc2c(c1)C(=O)N(C2=O)c1cc(cc(c1)N1C(=O)c2c(C1=O)cc(cc2)*)c1oc2c(n1)cccc2,Glass transition temperature,365.0,C,exp
*C(=O)Nc1cccc(n1)NC(=O)c1ccc2c(c1)C(=O)N(C2=O)c1cc(cc(c1)N1C(=O)c2c(C1=O)cc(cc2)*)c1oc2c(n1)cccc2,Thermal decomposition temperature,552.0,C,exp
*C(=O)Nc1cccc(n1)NC(=O)c1ccc2c(c1)C(=O)N(C2=O)c1cc(cc(c1)N1C(=O)c2c(C1=O)cc(cc2)*)c1oc2c(n1)cccc2,Thermal decomposition weight loss,10.0,%,exp
*C(=O)Nc1cccc(n1)NC(=O)c1ccc2c(c1)C(=O)N(C2=O)c1cc(cc(c1)N1C(=O)c2c(C1=O)cc(cc2)*)c1sc2c(n1)cccc2,Glass transition temperature,358.0,C,exp
*C(=O)Nc1cccc(n1)NC(=O)c1ccc2c(c1)C(=O)N(C2=O)c1cc(cc(c1)N1C(=O)c2c(C1=O)cc(cc2)*)c1sc2c(n1)cccc2,Thermal decomposition temperature,548.0,C,exp
*C(=O)Nc1cccc(n1)NC(=O)c1ccc2c(c1)C(=O)N(C2=O)c1cc(cc(c1)N1C(=O)c2c(C1=O)cc(cc2)*)c1sc2c(n1)cccc2,Thermal decomposition weight loss,10.0,%,exp
*C(=O)Nc1cccc(n1)NC(=O)c1ccc2c(c1)C(=O)N(C2=O)c1ccc(cc1)Oc1cccc2c1cccc2N1C(=O)c2c(C1=O)cc(cc2)*,Glass transition temperature,293.0,C,exp
*C(=O)Nc1cccc(n1)NC(=O)c1ccc2c(c1)C(=O)N(C2=O)c1ccc(cc1)Oc1cccc2c1cccc2N1C(=O)c2c(C1=O)cc(cc2)*,Thermal decomposition temperature,528.0,C,exp
*C(=O)Nc1cccc(n1)NC(=O)c1ccc2c(c1)C(=O)N(C2=O)c1ccc(cc1)Oc1cccc2c1cccc2N1C(=O)c2c(C1=O)cc(cc2)*,Thermal decomposition weight loss,10.0,%,exp
*C(=O)Nc1cccc(n1)NC(=O)c1ccc2c(c1)C(=O)N(C2=O)c1cccc(c1)N1C(=O)c2c(C1=O)cc(cc2)*,Glass transition temperature,339.0,C,exp
*C(=O)Nc1cccc(n1)NC(=O)c1ccc2c(c1)C(=O)N(C2=O)c1cccc(c1)N1C(=O)c2c(C1=O)cc(cc2)*,Thermal decomposition temperature,531.0,C,exp
*C(=O)Nc1cccc(n1)NC(=O)c1ccc2c(c1)C(=O)N(C2=O)c1cccc(c1)N1C(=O)c2c(C1=O)cc(cc2)*,Thermal decomposition weight loss,10.0,%,exp
*C(=O)Nc1cccc(n1)NC(=O)c1ccc2c(c1)C(=O)N(C2=O)c1cccc(c1)P(=O)(c1cccc(c1)N1C(=O)c2c(C1=O)cc(cc2)*)c1ccccc1,Glass transition temperature,156.0,C,exp
*C(=O)Nc1cccc(n1)NC(=O)c1ccc2c(c1)C(=O)N(C2=O)c1cccc(c1)P(=O)(c1cccc(c1)N1C(=O)c2c(C1=O)cc(cc2)*)c1ccccc1,Thermal decomposition temperature,305.0,C,exp
*C(=O)Nc1cccc(n1)NC(=O)c1ccc2c(c1)C(=O)N(C2=O)c1cccc(c1)P(=O)(c1cccc(c1)N1C(=O)c2c(C1=O)cc(cc2)*)c1ccccc1,Thermal decomposition weight loss,7.5,%,exp
*C(=O)Nc1cccc(n1)NC(=O)c1ccc2c(c1)nc([nH]2)c1cc(cc(c1)c1[nH]c2c(n1)cc(cc2)*)N1C(=O)c2c(C1=O)cccc2,Glass transition temperature,312.0,C,exp
*C(=O)Nc1cccc(n1)NC(=O)c1ccc2c(c1)nc([nH]2)c1cc(cc(c1)c1[nH]c2c(n1)cc(cc2)*)N1C(=O)c2c(C1=O)cccc2,Thermal decomposition temperature,512.0,C,exp
*C(=O)Nc1cccc(n1)NC(=O)c1ccc2c(c1)nc([nH]2)c1cc(cc(c1)c1[nH]c2c(n1)cc(cc2)*)N1C(=O)c2c(C1=O)cccc2,Thermal decomposition weight loss,10.0,%,exp
*C(=O)Nc1cccc(n1)NC(=O)c1ccc2c(c1)nc([nH]2)c1cccc(c1)c1nc2c([nH]1)ccc(c2)*,Glass transition temperature,302.0,C,exp
*C(=O)Nc1cccc(n1)NC(=O)c1ccc2c(c1)nc([nH]2)c1cccc(c1)c1nc2c([nH]1)ccc(c2)*,Thermal decomposition temperature,476.0,C,exp
*C(=O)Nc1cccc(n1)NC(=O)c1ccc2c(c1)nc([nH]2)c1cccc(c1)c1nc2c([nH]1)ccc(c2)*,Thermal decomposition weight loss,10.0,%,exp
*C(=O)Nc1ccccc1NC(=O)c1ccc(cc1)N1C(=O)c2c(C1=O)cc(cc2)*,Glass transition temperature,215.0,C,exp
*C(=O)Nc1ccccc1NC(=O)c1ccc(cc1)N1C(=O)c2c(C1=O)cc(cc2)*,Thermal decomposition temperature,400.0,C,exp
*C(=O)Nc1ccccc1NC(=O)c1ccc(cc1)N1C(=O)c2c(C1=O)cc(cc2)*,Thermal decomposition weight loss,15.0,%,exp
*C(=O)Nc1nc(NC(=O)c2ccc3c(c2)C(=O)N(C3=O)c2ccc(cc2)OCCCOc2ccc(cc2)N2C(=O)c3c(C2=O)cc(cc3)*)nc(n1)c1ccccc1,Thermal decomposition temperature,312.5,C,exp
*C(=O)Nc1nc(NC(=O)c2ccc3c(c2)C(=O)N(C3=O)c2ccc(cc2)OCCCOc2ccc(cc2)N2C(=O)c3c(C2=O)cc(cc3)*)nc(n1)c1ccccc1,Thermal decomposition weight loss,7.5,%,exp
*C(=O)Nc1nc(NC(=O)c2ccc3c(c2)C(=O)N(C3=O)c2ccc(cc2)Oc2cccc3c2cccc3N2C(=O)c3c(C2=O)cc(cc3)*)nc(n1)c1ccccc1,Glass transition temperature,291.0,C,exp
*C(=O)Nc1nc(NC(=O)c2ccc3c(c2)C(=O)N(C3=O)c2ccc(cc2)Oc2cccc3c2cccc3N2C(=O)c3c(C2=O)cc(cc3)*)nc(n1)c1ccccc1,Thermal decomposition temperature,532.0,C,exp
*C(=O)Nc1nc(NC(=O)c2ccc3c(c2)C(=O)N(C3=O)c2ccc(cc2)Oc2cccc3c2cccc3N2C(=O)c3c(C2=O)cc(cc3)*)nc(n1)c1ccccc1,Thermal decomposition weight loss,10.0,%,exp
*C(=O)OC1=NCCN1*,Thermal decomposition temperature,275.0,C,exp
*C(=O)OC1CCC(CC1)OC(=O)N1CC(C)N(CC1C)*,Melting temperature,260.0,C,exp
*C(=O)OCC(COC(=O)N1CC(C)N(CC1C)*)(C)C,Melting temperature,230.0,C,exp
*C(=O)OCC(COC(=O)N1CCN(C(C1)C)*)(C)C,Melting temperature,200.0,C,exp
*C(=O)OCC(CS(=O)(=O)CC(COC(=O)N1CC(C)N(CC1C)*)(C)C)(C)C,Glass transition temperature,85.0,C,exp
*C(=O)OCC(CSCC(COC(=O)C1(C)CNC(CN1)(*)C)(C)C)(C)C,Glass transition temperature,40.0,C,exp
*C(=O)OCC1(C)CCC(C1(C)C)COC(=O)c1ccc2c(c1)C(=O)N(C2=O)c1ccc(c(c1)C(F)(F)F)OCC1CCC(C1(C)C)(C)COc1ccc(cc1C(F)(F)F)N1C(=O)c2c(C1=O)cc(cc2)*,Elongation at break,8.4,%,exp
*C(=O)OCC1(C)CCC(C1(C)C)COC(=O)c1ccc2c(c1)C(=O)N(C2=O)c1ccc(c(c1)C(F)(F)F)OCC1CCC(C1(C)C)(C)COc1ccc(cc1C(F)(F)F)N1C(=O)c2c(C1=O)cc(cc2)*,Tensile stress strength at break,0.0741,GPa,exp
*C(=O)OCC1(C)CCC(C1(C)C)COC(=O)c1ccc2c(c1)C(=O)N(C2=O)c1ccc(c(c1)C(F)(F)F)OCC1CCC(C1(C)C)(C)COc1ccc(cc1C(F)(F)F)N1C(=O)c2c(C1=O)cc(cc2)*,Glass transition temperature,196.0,C,exp
*C(=O)OCC1(C)CCC(C1(C)C)COC(=O)c1ccc2c(c1)C(=O)N(C2=O)c1ccc(c(c1)C(F)(F)F)OCC1CCC(C1(C)C)(C)COc1ccc(cc1C(F)(F)F)N1C(=O)c2c(C1=O)cc(cc2)*,Thermal decomposition temperature,367.0,C,exp
*C(=O)OCC1(C)CCC(C1(C)C)COC(=O)c1ccc2c(c1)C(=O)N(C2=O)c1ccc(c(c1)C(F)(F)F)OCC1CCC(C1(C)C)(C)COc1ccc(cc1C(F)(F)F)N1C(=O)c2c(C1=O)cc(cc2)*,Thermal decomposition weight loss,5.0,%,exp
*C(=O)OCC1CCC(C1(C)C)(C)COC(=O)c1ccc2c(c1)C(=O)N(C2=O)c1ccc(cc1)Oc1ccc(cc1)Oc1ccc(cc1)N1C(=O)c2c(C1=O)cc(cc2)*,Elongation at break,8.75,%,exp
*C(=O)OCC1CCC(C1(C)C)(C)COC(=O)c1ccc2c(c1)C(=O)N(C2=O)c1ccc(cc1)Oc1ccc(cc1)Oc1ccc(cc1)N1C(=O)c2c(C1=O)cc(cc2)*,Tensile stress strength at break,0.09015,GPa,exp
*C(=O)OCC1CCC(C1(C)C)(C)COC(=O)c1ccc2c(c1)C(=O)N(C2=O)c1ccc(cc1)Oc1ccc(cc1)Oc1ccc(cc1)N1C(=O)c2c(C1=O)cc(cc2)*,Glass transition temperature,228.0,C,exp
*C(=O)OCC1CCC(C1(C)C)(C)COC(=O)c1ccc2c(c1)C(=O)N(C2=O)c1ccc(cc1)Oc1ccc(cc1)Oc1ccc(cc1)N1C(=O)c2c(C1=O)cc(cc2)*,Thermal decomposition temperature,416.0,C,exp
*C(=O)OCC1CCC(C1(C)C)(C)COC(=O)c1ccc2c(c1)C(=O)N(C2=O)c1ccc(cc1)Oc1ccc(cc1)Oc1ccc(cc1)N1C(=O)c2c(C1=O)cc(cc2)*,Thermal decomposition weight loss,5.0,%,exp
*C(=O)OCCCCCCCCCCCCCCCCCCCCCCOC(=O)c1ccc(cc1)N1C(=O)c2c(C1=O)cc(cc2)*,Glass transition temperature,44.0,C,exp
*C(=O)OCCCCCCCCCCCCCCCCCCCCCCOC(=O)c1ccc(cc1)N1C(=O)c2c(C1=O)cc(cc2)*,Melting temperature,148.0,C,exp
*C(=O)OCCCCCCCCCCCCOC(=O)C1OCOC1C1OCOC1*,Elongation at break,59.0,%,exp
*C(=O)OCCCCCCCCCCCCOC(=O)C1OCOC1C1OCOC1*,Tensile stress strength at break,0.013,GPa,exp
*C(=O)OCCCCCCCCCCCCOC(=O)C1OCOC1C1OCOC1*,Glass transition temperature,-22.0,C,exp
*C(=O)OCCCCCCCCCCCCOC(=O)C1OCOC1C1OCOC1*,Thermal decomposition temperature,329.0,C,exp
*C(=O)OCCCCCCCCCCCCOC(=O)C1OCOC1C1OCOC1*,Thermal decomposition weight loss,5.0,%,exp
*C(=O)OCCCCCCCCCCCCOC(=O)C1OCOC1C1OCOC1*,Melting temperature,88.0,C,exp
*C(=O)OCCCCCCCCCCCCOC(=O)c1ccc(cc1)N1C(=O)c2c(C1=O)cc(cc2)*,Glass transition temperature,47.0,C,exp
*C(=O)OCCCCCCCCCCCCOC(=O)c1ccc(cc1)N1C(=O)c2c(C1=O)cc(cc2)*,Thermal decomposition temperature,385.0,C,exp
*C(=O)OCCCCCCCCCCCCOC(=O)c1ccc(cc1)N1C(=O)c2c(C1=O)cc(cc2)*,Thermal decomposition weight loss,10.0,%,exp
*C(=O)OCCCCCCCCCCCCOC(=O)c1ccc(cc1)N1C(=O)c2c(C1=O)cc(cc2)*,Melting temperature,158.0,C,exp
*C(=O)OCCCCCCCCCCCCOC(=O)c1ccc(cc1)NC(=O)c1ccc(cc1)N1C(=O)c2c(C1=O)cc(cc2)*,Glass transition temperature,74.0,C,exp
*C(=O)OCCCCCCCCCCCCOC(=O)c1ccc(cc1)NC(=O)c1ccc(cc1)N1C(=O)c2c(C1=O)cc(cc2)*,Thermal decomposition temperature,405.0,C,exp
*C(=O)OCCCCCCCCCCCCOC(=O)c1ccc(cc1)NC(=O)c1ccc(cc1)N1C(=O)c2c(C1=O)cc(cc2)*,Thermal decomposition weight loss,5.0,%,exp
*C(=O)OCCCCCCCCCCCCOC(=O)c1ccc(cc1)NC(=O)c1ccc(cc1)N1C(=O)c2c(C1=O)cc(cc2)*,Melting temperature,260.0,C,exp
*C(=O)OCCCCCCCCCCCCOC(=O)c1ccc2c(c1)C(=O)N(C2=O)c1ccc(cc1)Oc1ccc(cc1)N1C(=O)c2c(C1=O)cc(cc2)*,Glass transition temperature,105.0,C,exp
*C(=O)OCCCCCCCCCCCOC(=O)c1ccc(cc1)N1C(=O)c2c(C1=O)cc(cc2)*,Glass transition temperature,49.0,C,exp
*C(=O)OCCCCCCCCCCCOC(=O)c1ccc(cc1)N1C(=O)c2c(C1=O)cc(cc2)*,Melting temperature,157.0,C,exp
*C(=O)OCCCCCCCCCCOC(=O)c1ccc(cc1)N1C(=O)c2c(C1=O)cc(cc2)*,Glass transition temperature,58.0,C,exp
*C(=O)OCCCCCCCCCCOC(=O)c1ccc(cc1)N1C(=O)c2c(C1=O)cc(cc2)*,Melting temperature,168.0,C,exp
*C(=O)OCCCCCCCCCCOC(=O)c1ccc(cc1)NC(=O)c1ccc(cc1)N1C(=O)c2c(C1=O)cc(cc2)*,Glass transition temperature,102.0,C,exp
*C(=O)OCCCCCCCCCCOC(=O)c1ccc(cc1)NC(=O)c1ccc(cc1)N1C(=O)c2c(C1=O)cc(cc2)*,Thermal decomposition temperature,402.0,C,exp
*C(=O)OCCCCCCCCCCOC(=O)c1ccc(cc1)NC(=O)c1ccc(cc1)N1C(=O)c2c(C1=O)cc(cc2)*,Thermal decomposition weight loss,5.0,%,exp
*C(=O)OCCCCCCCCCCOC(=O)c1ccc(cc1)NC(=O)c1ccc(cc1)N1C(=O)c2c(C1=O)cc(cc2)*,Melting temperature,236.0,C,exp
*C(=O)OCCCCCCCCCOC(=O)c1ccc(cc1)N1C(=O)c2c(C1=O)cc(cc2)*,Glass transition temperature,62.0,C,exp
*C(=O)OCCCCCCCCCOC(=O)c1ccc(cc1)N1C(=O)c2c(C1=O)cc(cc2)*,Melting temperature,161.0,C,exp
*C(=O)OCCCCCCCCCOC(=O)c1ccc(cc1)NC(=O)c1ccc(cc1)N1C(=O)c2c(C1=O)cc(cc2)*,Glass transition temperature,100.0,C,exp
*C(=O)OCCCCCCCCCOC(=O)c1ccc(cc1)NC(=O)c1ccc(cc1)N1C(=O)c2c(C1=O)cc(cc2)*,Thermal decomposition temperature,405.0,C,exp
*C(=O)OCCCCCCCCCOC(=O)c1ccc(cc1)NC(=O)c1ccc(cc1)N1C(=O)c2c(C1=O)cc(cc2)*,Thermal decomposition weight loss,5.0,%,exp
*C(=O)OCCCCCCCCCOC(=O)c1ccc(cc1)NC(=O)c1ccc(cc1)N1C(=O)c2c(C1=O)cc(cc2)*,Melting temperature,198.0,C,exp
*C(=O)OCCCCCCCCOC(=O)c1ccc(cc1)N1C(=O)c2c(C1=O)cc(cc2)*,Glass transition temperature,65.0,C,exp
*C(=O)OCCCCCCCCOC(=O)c1ccc(cc1)N1C(=O)c2c(C1=O)cc(cc2)*,Melting temperature,196.0,C,exp
*C(=O)OCCCCCCCCOC(=O)c1ccc(cc1)NC(=O)c1ccc(cc1)N1C(=O)c2c(C1=O)cc(cc2)*,Glass transition temperature,105.0,C,exp
*C(=O)OCCCCCCCCOC(=O)c1ccc(cc1)NC(=O)c1ccc(cc1)N1C(=O)c2c(C1=O)cc(cc2)*,Thermal decomposition temperature,412.0,C,exp
*C(=O)OCCCCCCCCOC(=O)c1ccc(cc1)NC(=O)c1ccc(cc1)N1C(=O)c2c(C1=O)cc(cc2)*,Thermal decomposition weight loss,5.0,%,exp
*C(=O)OCCCCCCCCOC(=O)c1ccc(cc1)NC(=O)c1ccc(cc1)N1C(=O)c2c(C1=O)cc(cc2)*,Melting temperature,281.0,C,exp
*C(=O)OCCCCCCCCOC(=O)c1ccc(o1)*,Elongation at break,15.0,%,exp
*C(=O)OCCCCCCCCOC(=O)c1ccc(o1)*,Tensile stress strength at break,0.0203,GPa,exp
*C(=O)OCCCCCCCCOC(=O)c1ccc(o1)*,Glass transition temperature,21.0,C,exp
*C(=O)OCCCCCCCCOC(=O)c1ccc(o1)*,Thermal decomposition temperature,375.1,C,exp
*C(=O)OCCCCCCCCOC(=O)c1ccc(o1)*,Melting temperature,148.6,C,exp
*C(=O)OCCCCCCCOC(=O)c1ccc(cc1)N1C(=O)c2c(C1=O)cc(cc2)*,Glass transition temperature,77.0,C,exp
*C(=O)OCCCCCCCOC(=O)c1ccc(cc1)N1C(=O)c2c(C1=O)cc(cc2)*,Melting temperature,164.0,C,exp
*C(=O)OCCCCCCCOC(=O)c1ccc(cc1)NC(=O)c1ccc(cc1)N1C(=O)c2c(C1=O)cc(cc2)*,Glass transition temperature,106.0,C,exp
*C(=O)OCCCCCCCOC(=O)c1ccc(cc1)NC(=O)c1ccc(cc1)N1C(=O)c2c(C1=O)cc(cc2)*,Thermal decomposition temperature,410.0,C,exp
*C(=O)OCCCCCCCOC(=O)c1ccc(cc1)NC(=O)c1ccc(cc1)N1C(=O)c2c(C1=O)cc(cc2)*,Thermal decomposition weight loss,5.0,%,exp
*C(=O)OCCCCCCCOC(=O)c1ccc(cc1)NC(=O)c1ccc(cc1)N1C(=O)c2c(C1=O)cc(cc2)*,Melting temperature,193.0,C,exp
*C(=O)OCCCCCCOC(=O)C1OCOC1C1OCOC1*,Elongation at break,54.0,%,exp
*C(=O)OCCCCCCOC(=O)C1OCOC1C1OCOC1*,Tensile stress strength at break,0.013,GPa,exp
*C(=O)OCCCCCCOC(=O)C1OCOC1C1OCOC1*,Glass transition temperature,0.0,C,exp
*C(=O)OCCCCCCOC(=O)C1OCOC1C1OCOC1*,Thermal decomposition temperature,327.0,C,exp
*C(=O)OCCCCCCOC(=O)C1OCOC1C1OCOC1*,Thermal decomposition weight loss,5.0,%,exp
*C(=O)OCCCCCCOC(=O)C1OCOC1C1OCOC1*,Melting temperature,62.0,C,exp
*C(=O)OCCCCCCOC(=O)c1ccc(cc1)N1C(=O)c2c(C1=O)cc(cc2)*,Glass transition temperature,80.5,C,exp
*C(=O)OCCCCCCOC(=O)c1ccc(cc1)N1C(=O)c2c(C1=O)cc(cc2)*,Melting temperature,220.0,C,exp
*C(=O)OCCCCCCOC(=O)c1ccc(cc1)NC(=O)c1ccc(cc1)N1C(=O)c2c(C1=O)cc(cc2)*,Glass transition temperature,107.0,C,exp
*C(=O)OCCCCCCOC(=O)c1ccc(cc1)NC(=O)c1ccc(cc1)N1C(=O)c2c(C1=O)cc(cc2)*,Thermal decomposition temperature,413.0,C,exp
*C(=O)OCCCCCCOC(=O)c1ccc(cc1)NC(=O)c1ccc(cc1)N1C(=O)c2c(C1=O)cc(cc2)*,Thermal decomposition weight loss,5.0,%,exp
*C(=O)OCCCCCCOC(=O)c1ccc(cc1)NC(=O)c1ccc(cc1)N1C(=O)c2c(C1=O)cc(cc2)*,Melting temperature,315.0,C,exp
*C(=O)OCCCCCCOC(=O)c1ccc(o1)*,Elongation at break,413.0,%,exp
*C(=O)OCCCCCCOC(=O)c1ccc(o1)*,Tensile stress strength at break,0.04175,GPa,exp
*C(=O)OCCCCCCOC(=O)c1ccc(o1)*,Glass transition temperature,26.2,C,exp
*C(=O)OCCCCCCOC(=O)c1ccc(o1)*,Thermal decomposition temperature,382.9,C,exp
*C(=O)OCCCCCCOC(=O)c1ccc(o1)*,Thermal decomposition weight loss,0.0,%,exp
*C(=O)OCCCCCCOC(=O)c1ccc(o1)*,Melting temperature,143.1,C,exp
*C(=O)OCCCCCOC(=O)c1ccc(cc1)N1C(=O)c2c(C1=O)cc(cc2)*,Glass transition temperature,90.0,C,exp
*C(=O)OCCCCCOC(=O)c1ccc(cc1)N1C(=O)c2c(C1=O)cc(cc2)*,Melting temperature,151.0,C,exp
*C(=O)OCCCCCOC(=O)c1ccc(cc1)NC(=O)c1ccc(cc1)N1C(=O)c2c(C1=O)cc(cc2)*,Glass transition temperature,129.0,C,exp
*C(=O)OCCCCCOC(=O)c1ccc(cc1)NC(=O)c1ccc(cc1)N1C(=O)c2c(C1=O)cc(cc2)*,Thermal decomposition temperature,410.0,C,exp
*C(=O)OCCCCCOC(=O)c1ccc(cc1)NC(=O)c1ccc(cc1)N1C(=O)c2c(C1=O)cc(cc2)*,Thermal decomposition weight loss,5.0,%,exp
*C(=O)OCCCCCOC(=O)c1ccc(cc1)NC(=O)c1ccc(cc1)N1C(=O)c2c(C1=O)cc(cc2)*,Melting temperature,272.0,C,exp
*C(=O)OCCCCOC(=O)c1ccc(cc1)N1C(=O)c2c(C1=O)cc(cc2)*,Glass transition temperature,100.5,C,exp
*C(=O)OCCCCOC(=O)c1ccc(cc1)N1C(=O)c2c(C1=O)cc(cc2)*,Thermal decomposition temperature,381.0,C,exp
*C(=O)OCCCCOC(=O)c1ccc(cc1)N1C(=O)c2c(C1=O)cc(cc2)*,Thermal decomposition weight loss,10.0,%,exp
*C(=O)OCCCCOC(=O)c1ccc(cc1)N1C(=O)c2c(C1=O)cc(cc2)*,Melting temperature,240.0,C,exp
*C(=O)OCCCCOC(=O)c1ccc(cc1)NC(=O)c1ccc(cc1)N1C(=O)c2c(C1=O)cc(cc2)*,Glass transition temperature,130.0,C,exp
*C(=O)OCCCCOC(=O)c1ccc(cc1)NC(=O)c1ccc(cc1)N1C(=O)c2c(C1=O)cc(cc2)*,Thermal decomposition temperature,415.0,C,exp
*C(=O)OCCCCOC(=O)c1ccc(cc1)NC(=O)c1ccc(cc1)N1C(=O)c2c(C1=O)cc(cc2)*,Thermal decomposition weight loss,5.0,%,exp
*C(=O)OCCCCOC(=O)c1ccc(cc1)NC(=O)c1ccc(cc1)N1C(=O)c2c(C1=O)cc(cc2)*,Melting temperature,310.0,C,exp
*C(=O)OCCCCOC(=O)c1ccc(o1)*,Elongation at break,72.5,%,exp
*C(=O)OCCCCOC(=O)c1ccc(o1)*,Tensile stress strength at break,0.047,GPa,exp
*C(=O)OCCCCOC(=O)c1ccc(o1)*,Glass transition temperature,38.0,C,exp
*C(=O)OCCCCOC(=O)c1ccc(o1)*,Thermal decomposition temperature,373.1,C,exp
*C(=O)OCCCCOC(=O)c1ccc(o1)*,Thermal decomposition weight loss,5.0,%,exp
*C(=O)OCCCCOC(=O)c1ccc(o1)*,Melting temperature,170.85,C,exp
*C(=O)OCCCOC(=O)c1ccc(o1)*,Elongation at break,36.0,%,exp
*C(=O)OCCCOC(=O)c1ccc(o1)*,Tensile stress strength at break,0.037,GPa,exp
*C(=O)OCCCOC(=O)c1ccc(o1)*,Glass transition temperature,57.9,C,exp
*C(=O)OCCCOC(=O)c1ccc(o1)*,Thermal decomposition temperature,375.3,C,exp
*C(=O)OCCCOC(=O)c1ccc(o1)*,Melting temperature,171.0,C,exp
*C(=O)OCCCSCCCCCCSCCCOC(=O)c1ccc(cc1)N1C(=O)c2c(C1=O)cc(cc2)*,Glass transition temperature,31.0,C,exp
*C(=O)OCCCSCCCCCCSCCCOC(=O)c1ccc(cc1)N1C(=O)c2c(C1=O)cc(cc2)*,Melting temperature,92.0,C,exp
*C(=O)OCCCSCCCCSCCCOC(=O)c1ccc(cc1)N1C(=O)c2c(C1=O)cc(cc2)*,Glass transition temperature,39.0,C,exp
*C(=O)OCCCSCCCCSCCCOC(=O)c1ccc(cc1)N1C(=O)c2c(C1=O)cc(cc2)*,Melting temperature,134.0,C,exp
*C(=O)OCCN(c1ccc(cc1)N=Nc1ccc(cc1)C)CCOC(=O)c1ccc2c(c1)C(=O)N(C2=O)c1cccc(c1)N1C(=O)c2c(C1=O)cc(cc2)*,Glass transition temperature,171.0,C,exp
*C(=O)OCCN(c1ccc(cc1)N=Nc1ccc(cc1)F)CCOC(=O)c1ccc2c(c1)C(=O)N(C2=O)c1cccc(c1)N1C(=O)c2c(C1=O)cc(cc2)*,Glass transition temperature,168.0,C,exp
*C(=O)OCCN(c1ccc(cc1)N=Nc1ccc(cc1)[N+](=O)[O-])CCOC(=O)c1ccc2c(c1)C(=O)N(C2=O)c1c(C)cc(cc1C)Cc1cc(C)c(c(c1)C)N1C(=O)c2c(C1=O)cc(cc2)*,Glass transition temperature,179.0,C,exp
*C(=O)OCCN(c1ccc(cc1)N=Nc1ccc(cc1)[N+](=O)[O-])CCOC(=O)c1ccc2c(c1)C(=O)N(C2=O)c1c(C)cc(cc1C)Cc1cc(C)c(c(c1)C)N1C(=O)c2c(C1=O)cc(cc2)*,Thermal decomposition temperature,326.0,C,exp
*C(=O)OCCN(c1ccc(cc1)N=Nc1ccc(cc1)[N+](=O)[O-])CCOC(=O)c1ccc2c(c1)C(=O)N(C2=O)c1c(C)cc(cc1C)Cc1cc(C)c(c(c1)C)N1C(=O)c2c(C1=O)cc(cc2)*,Thermal decomposition weight loss,5.0,%,exp
*C(=O)OCCN(c1ccc(cc1)N=Nc1ccc(cc1)[N+](=O)[O-])CCOC(=O)c1ccc2c(c1)C(=O)N(C2=O)c1ccc(cc1)N1C(=O)c2c(C1=O)cc(cc2)*,Thermal decomposition temperature,311.0,C,exp
*C(=O)OCCN(c1ccc(cc1)N=Nc1ccc(cc1)[N+](=O)[O-])CCOC(=O)c1ccc2c(c1)C(=O)N(C2=O)c1ccc(cc1)N1C(=O)c2c(C1=O)cc(cc2)*,Thermal decomposition weight loss,10.0,%,exp
*C(=O)OCCN(c1ccc(cc1)N=Nc1ccc(cc1)[N+](=O)[O-])CCOC(=O)c1ccc2c(c1)C(=O)N(C2=O)c1ccc(cc1)N1C(=O)c2c(C1=O)cc(cc2)*,Thermal decomposition temperature,329.0,C,exp
*C(=O)OCCN(c1ccc(cc1)N=Nc1ccc(cc1)[N+](=O)[O-])CCOC(=O)c1ccc2c(c1)C(=O)N(C2=O)c1ccc(cc1)N1C(=O)c2c(C1=O)cc(cc2)*,Thermal decomposition weight loss,10.0,%,exp
*C(=O)OCCN(c1ccc(cc1)N=Nc1ccc(cc1)[N+](=O)[O-])CCOC(=O)c1ccc2c(c1)C(=O)N(C2=O)c1cccc(c1)N1C(=O)c2c(C1=O)cc(cc2)*,Glass transition temperature,210.0,C,exp
*C(=O)OCCN(c1ccc(cc1)N=Nc1ccc(cc1[N+](=O)[O-])[N+](=O)[O-])CCOC(=O)c1ccc2c(c1)C(=O)N(C2=O)c1c(C)cc(cc1C)Cc1cc(C)c(c(c1)C)N1C(=O)c2c(C1=O)cc(cc2)*,Glass transition temperature,176.0,C,exp
*C(=O)OCCN(c1ccc(cc1)N=Nc1ccc(cc1[N+](=O)[O-])[N+](=O)[O-])CCOC(=O)c1ccc2c(c1)C(=O)N(C2=O)c1c(C)cc(cc1C)Cc1cc(C)c(c(c1)C)N1C(=O)c2c(C1=O)cc(cc2)*,Thermal decomposition temperature,311.0,C,exp
*C(=O)OCCN(c1ccc(cc1)N=Nc1ccc(cc1[N+](=O)[O-])[N+](=O)[O-])CCOC(=O)c1ccc2c(c1)C(=O)N(C2=O)c1c(C)cc(cc1C)Cc1cc(C)c(c(c1)C)N1C(=O)c2c(C1=O)cc(cc2)*,Thermal decomposition weight loss,5.0,%,exp
*C(=O)OCCN(c1ccc(cc1)N=Nc1ccccc1)CCOC(=O)c1ccc2c(c1)C(=O)N(C2=O)c1ccc(c(c1)N1C(=O)c2c(C1=O)ccc(c2)*)N=Nc1ccccc1,Glass transition temperature,119.0,C,exp
*C(=O)OCCN(c1ccccc1)CCOC(=O)c1ccc2c(c1)C(=O)N(C2=O)c1c(C)cc(cc1C)Cc1cc(C)c(c(c1)C)N1C(=O)c2c(C1=O)cc(cc2)*,Glass transition temperature,177.0,C,exp
*C(=O)OCCN(c1ccccc1)CCOC(=O)c1ccc2c(c1)C(=O)N(C2=O)c1c(C)cc(cc1C)Cc1cc(C)c(c(c1)C)N1C(=O)c2c(C1=O)cc(cc2)*,Thermal decomposition temperature,393.0,C,exp
*C(=O)OCCN(c1ccccc1)CCOC(=O)c1ccc2c(c1)C(=O)N(C2=O)c1c(C)cc(cc1C)Cc1cc(C)c(c(c1)C)N1C(=O)c2c(C1=O)cc(cc2)*,Thermal decomposition weight loss,5.0,%,exp
*C(=O)OCCN(c1ccccc1)CCOC(=O)c1ccc2c(c1)C(=O)N(C2=O)c1ccc(c(c1)N1C(=O)c2c(C1=O)cc(cc2)*)N=Nc1ccccc1,Glass transition temperature,156.0,C,exp
*C(=O)OCCOC(=O)N1CC(C)N(CC1C)*,Melting temperature,180.0,C,exp
*C(=O)OCCOC(=O)c1ccc(cc1)N1C(=O)c2c(C1=O)cc(cc2)*,Glass transition temperature,280.0,C,exp
*C(=O)OCCOC(=O)c1ccc(cc1)N1C(=O)c2c(C1=O)cc(cc2)*,Thermal decomposition temperature,360.0,C,exp
*C(=O)OCCOC(=O)c1ccc(cc1)N1C(=O)c2c(C1=O)cc(cc2)*,Thermal decomposition weight loss,10.0,%,exp
*C(=O)OCCOC(=O)c1ccc(cc1)N1C(=O)c2c(C1=O)cc(cc2)*,Melting temperature,360.0,C,exp
*C(=O)OCCOC(=O)c1ccc(o1)*,Elongation at break,3.5,%,exp
*C(=O)OCCOC(=O)c1ccc(o1)*,Tensile stress strength at break,0.0667,GPa,exp
*C(=O)OCCOC(=O)c1ccc(o1)*,Glass transition temperature,86.5,C,exp
*C(=O)OCCOC(=O)c1ccc(o1)*,Thermal decomposition temperature,389.0,C,exp
*C(=O)OCCOC(=O)c1ccc(o1)*,Thermal decomposition weight loss,0.0,%,exp
*C(=O)OCCOC(=O)c1ccc(o1)*,Melting temperature,210.4,C,exp
*C(=O)OCCOC(=O)c1cccc(c1)N1C(=O)c2c(C1=O)cc(cc2)*,Glass transition temperature,220.0,C,exp
*C(=O)OCCOC(=O)c1cccc(c1)N1C(=O)c2c(C1=O)cc(cc2)*,Thermal decomposition temperature,312.0,C,exp
*C(=O)OCCOC(=O)c1cccc(c1)N1C(=O)c2c(C1=O)cc(cc2)*,Thermal decomposition weight loss,10.0,%,exp
*C(=O)OCCOC(=O)c1cccc(c1)N1C(=O)c2c(C1=O)cc(cc2)*,Melting temperature,340.0,C,exp
*C(=O)OCCOC(=O)c1ccccc1N1C(=O)c2c(C1=O)cc(cc2)*,Glass transition temperature,180.0,C,exp
*C(=O)OCCOC(=O)c1ccccc1N1C(=O)c2c(C1=O)cc(cc2)*,Thermal decomposition temperature,280.0,C,exp
*C(=O)OCCOC(=O)c1ccccc1N1C(=O)c2c(C1=O)cc(cc2)*,Thermal decomposition weight loss,10.0,%,exp
*C(=O)OCCOC(=O)c1ccccc1N1C(=O)c2c(C1=O)cc(cc2)*,Melting temperature,260.0,C,exp
*C(=O)OCCOCCOC(=O)c1ccc(cc1)N1C(=O)c2c(C1=O)cc(cc2)*,Glass transition temperature,101.0,C,exp
*C(=O)OCCOCCOC(=O)c1ccc(cc1)N1C(=O)c2c(C1=O)cc(cc2)*,Melting temperature,138.0,C,exp
*C(=O)OCCOCCOCCOC(=O)c1ccc(cc1)N1C(=O)c2c(C1=O)cc(cc2)*,Glass transition temperature,63.0,C,exp
*C(=O)OCCOCCOCCOC(=O)c1ccc(cc1)N1C(=O)c2c(C1=O)cc(cc2)*,Melting temperature,106.0,C,exp
*C(=O)OCCOCCOCCOCCOC(=O)c1ccc(cc1)N1C(=O)c2c(C1=O)cc(cc2)*,Glass transition temperature,52.0,C,exp
*C(=O)OCCOCCOCCOCCOC(=O)c1ccc(cc1)N1C(=O)c2c(C1=O)cc(cc2)*,Melting temperature,101.0,C,exp
*C(=O)Oc1c(Br)cc(C(C)(C)c2cc(Br)c(OC(=O)c3cc(*)cc(C(C)(C)C)c3)c(Br)c2)cc1Br,Co2 Permeability Barrer,21.5,Barrer,exp
*C(=O)Oc1c(Br)cc(C(C)(C)c2cc(Br)c(OC(=O)c3cc(*)cc(C(C)(C)C)c3)c(Br)c2)cc1Br,H2 Permeability Barrer,53.89999998,Barrer,exp
*C(=O)Oc1c(Br)cc(C(C)(C)c2cc(Br)c(OC(=O)c3cc(*)cc(C(C)(C)C)c3)c(Br)c2)cc1Br,O2 Permeability Barrer,5.659999998,Barrer,exp
*C(=O)Oc1c(Br)cc(C(C)(C)c2cc(Br)c(OC(=O)c3cc(*)cc(C(C)(C)C)c3)c(Br)c2)cc1Br,Co2 Permeability Barrer,21.5,Barrer,sim
*C(=O)Oc1c(Br)cc(C(C)(C)c2cc(Br)c(OC(=O)c3cc(*)cc(C(C)(C)C)c3)c(Br)c2)cc1Br,H2 Permeability Barrer,53.89999998,Barrer,sim
*C(=O)Oc1c(Br)cc(C(C)(C)c2cc(Br)c(OC(=O)c3cc(*)cc(C(C)(C)C)c3)c(Br)c2)cc1Br,O2 Permeability Barrer,5.659999998,Barrer,sim
*C(=O)Oc1c(Br)cc(C2(c3cc(Br)c(OC(=O)c4cc(*)cc(C(C)(C)C)c4)c(Br)c3)OC(=O)c3ccccc32)cc1Br,Co2 Permeability Barrer,30.59999997,Barrer,exp
*C(=O)Oc1c(Br)cc(C2(c3cc(Br)c(OC(=O)c4cc(*)cc(C(C)(C)C)c4)c(Br)c3)OC(=O)c3ccccc32)cc1Br,H2 Permeability Barrer,67.40000007,Barrer,exp
*C(=O)Oc1c(Br)cc(C2(c3cc(Br)c(OC(=O)c4cc(*)cc(C(C)(C)C)c4)c(Br)c3)OC(=O)c3ccccc32)cc1Br,O2 Permeability Barrer,7.41,Barrer,exp
*C(=O)Oc1c(Br)cc(C2(c3cc(Br)c(OC(=O)c4cc(*)cc(C(C)(C)C)c4)c(Br)c3)OC(=O)c3ccccc32)cc1Br,Co2 Permeability Barrer,30.59999997,Barrer,sim
*C(=O)Oc1c(Br)cc(C2(c3cc(Br)c(OC(=O)c4cc(*)cc(C(C)(C)C)c4)c(Br)c3)OC(=O)c3ccccc32)cc1Br,H2 Permeability Barrer,67.40000007,Barrer,sim
*C(=O)Oc1c(Br)cc(C2(c3cc(Br)c(OC(=O)c4cc(*)cc(C(C)(C)C)c4)c(Br)c3)OC(=O)c3ccccc32)cc1Br,O2 Permeability Barrer,7.41,Barrer,sim
*C(=O)Oc1c(Br)cc(C2(c3cc(Br)c(OC(=O)c4cc(*)cc(C(C)(C)C)c4)c(Br)c3)c3ccccc3-c3ccccc32)cc1Br,Co2 Permeability Barrer,69.50000007,Barrer,exp
*C(=O)Oc1c(Br)cc(C2(c3cc(Br)c(OC(=O)c4cc(*)cc(C(C)(C)C)c4)c(Br)c3)c3ccccc3-c3ccccc32)cc1Br,H2 Permeability Barrer,137.0,Barrer,exp
*C(=O)Oc1c(Br)cc(C2(c3cc(Br)c(OC(=O)c4cc(*)cc(C(C)(C)C)c4)c(Br)c3)c3ccccc3-c3ccccc32)cc1Br,O2 Permeability Barrer,16.80000001,Barrer,exp
*C(=O)Oc1c(Br)cc(C2(c3cc(Br)c(OC(=O)c4cc(*)cc(C(C)(C)C)c4)c(Br)c3)c3ccccc3-c3ccccc32)cc1Br,Co2 Permeability Barrer,69.50000007,Barrer,sim
*C(=O)Oc1c(Br)cc(C2(c3cc(Br)c(OC(=O)c4cc(*)cc(C(C)(C)C)c4)c(Br)c3)c3ccccc3-c3ccccc32)cc1Br,H2 Permeability Barrer,137.0,Barrer,sim
*C(=O)Oc1c(Br)cc(C2(c3cc(Br)c(OC(=O)c4cc(*)cc(C(C)(C)C)c4)c(Br)c3)c3ccccc3-c3ccccc32)cc1Br,O2 Permeability Barrer,16.80000001,Barrer,sim
*C(=O)Oc1c(C)cc(cc1C)C(C(F)(F)F)(C(F)(F)F)c1cc(C)c(c(c1)C)OC(=O)c1ccc2c(c1)C(=O)N(C2=O)c1c(C)cc(cc1C)c1cc(C)c(c(c1)C)N1C(=O)c2c(C1=O)cc(cc2)*,Glass transition temperature,327.0,C,exp
*C(=O)Oc1c(C)cc(cc1C)C(c1cc(C)c(c(c1)C)OC(=O)c1ccc2c(c1)C(=O)N(C2=O)c1ccc(c(c1)C)c1ccc(cc1C)N1C(=O)c2c(C1=O)cc(cc2)*)(C)C,Glass transition temperature,182.0,C,exp
*C(=O)Oc1c(C)cc(cc1C)C(c1cc(C)c(c(c1)C)OC(=O)c1ccc2c(c1)C(=O)N(C2=O)c1ccc(c(c1)C)c1ccc(cc1C)N1C(=O)c2c(C1=O)cc(cc2)*)(C)C,Thermal decomposition temperature,437.0,C,exp
*C(=O)Oc1c(C)cc(cc1C)C(c1cc(C)c(c(c1)C)OC(=O)c1ccc2c(c1)C(=O)N(C2=O)c1ccc(c(c1)C)c1ccc(cc1C)N1C(=O)c2c(C1=O)cc(cc2)*)(C)C,Thermal decomposition weight loss,10.0,%,exp
*C(=O)Oc1ccc(C(C)(C)c2ccc(OC(=O)c3cc(*)cc(C(C)(C)C)c3)cc2)cc1,Co2 Permeability Barrer,24.2,Barrer,exp
*C(=O)Oc1ccc(C(C)(C)c2ccc(OC(=O)c3cc(*)cc(C(C)(C)C)c3)cc2)cc1,H2 Permeability Barrer,41.9,Barrer,exp
*C(=O)Oc1ccc(C(C)(C)c2ccc(OC(=O)c3cc(*)cc(C(C)(C)C)c3)cc2)cc1,O2 Permeability Barrer,5.950000004,Barrer,exp
*C(=O)Oc1ccc(C(C)(C)c2ccc(OC(=O)c3cc(*)cc(C(C)(C)C)c3)cc2)cc1,Co2 Permeability Barrer,24.2,Barrer,sim
*C(=O)Oc1ccc(C(C)(C)c2ccc(OC(=O)c3cc(*)cc(C(C)(C)C)c3)cc2)cc1,H2 Permeability Barrer,41.9,Barrer,sim
*C(=O)Oc1ccc(C(C)(C)c2ccc(OC(=O)c3cc(*)cc(C(C)(C)C)c3)cc2)cc1,O2 Permeability Barrer,5.950000004,Barrer,sim
*C(=O)Oc1ccc(C(c2ccc(OC(=O)c3cc(*)cc(C(C)(C)C)c3)cc2)(C(F)(F)F)C(F)(F)F)cc1,Co2 Permeability Barrer,56.89999995,Barrer,exp
*C(=O)Oc1ccc(C(c2ccc(OC(=O)c3cc(*)cc(C(C)(C)C)c3)cc2)(C(F)(F)F)C(F)(F)F)cc1,H2 Permeability Barrer,86.6999999,Barrer,exp
*C(=O)Oc1ccc(C(c2ccc(OC(=O)c3cc(*)cc(C(C)(C)C)c3)cc2)(C(F)(F)F)C(F)(F)F)cc1,O2 Permeability Barrer,15.69999999,Barrer,exp
*C(=O)Oc1ccc(C(c2ccc(OC(=O)c3cc(*)cc(C(C)(C)C)c3)cc2)(C(F)(F)F)C(F)(F)F)cc1,Co2 Permeability Barrer,56.89999995,Barrer,sim
*C(=O)Oc1ccc(C(c2ccc(OC(=O)c3cc(*)cc(C(C)(C)C)c3)cc2)(C(F)(F)F)C(F)(F)F)cc1,H2 Permeability Barrer,86.6999999,Barrer,sim
*C(=O)Oc1ccc(C(c2ccc(OC(=O)c3cc(*)cc(C(C)(C)C)c3)cc2)(C(F)(F)F)C(F)(F)F)cc1,O2 Permeability Barrer,15.69999999,Barrer,sim
*C(=O)Oc1ccc(C2(c3ccc(OC(=O)c4cc(*)cc(C(C)(C)C)c4)cc3)OC(=O)c3ccccc32)cc1,Co2 Permeability Barrer,23.8,Barrer,exp
*C(=O)Oc1ccc(C2(c3ccc(OC(=O)c4cc(*)cc(C(C)(C)C)c4)cc3)OC(=O)c3ccccc32)cc1,H2 Permeability Barrer,41.30000003,Barrer,exp
*C(=O)Oc1ccc(C2(c3ccc(OC(=O)c4cc(*)cc(C(C)(C)C)c4)cc3)OC(=O)c3ccccc32)cc1,O2 Permeability Barrer,5.6,Barrer,exp
*C(=O)Oc1ccc(C2(c3ccc(OC(=O)c4cc(*)cc(C(C)(C)C)c4)cc3)OC(=O)c3ccccc32)cc1,Co2 Permeability Barrer,23.8,Barrer,sim
*C(=O)Oc1ccc(C2(c3ccc(OC(=O)c4cc(*)cc(C(C)(C)C)c4)cc3)OC(=O)c3ccccc32)cc1,H2 Permeability Barrer,41.30000003,Barrer,sim
*C(=O)Oc1ccc(C2(c3ccc(OC(=O)c4cc(*)cc(C(C)(C)C)c4)cc3)OC(=O)c3ccccc32)cc1,O2 Permeability Barrer,5.6,Barrer,sim
*C(=O)Oc1ccc(C2(c3ccc(OC(=O)c4cc(*)cc(C(C)(C)C)c4)cc3)c3ccccc3-c3ccccc32)cc1,Co2 Permeability Barrer,36.80000003,Barrer,exp
*C(=O)Oc1ccc(C2(c3ccc(OC(=O)c4cc(*)cc(C(C)(C)C)c4)cc3)c3ccccc3-c3ccccc32)cc1,H2 Permeability Barrer,63.09999996,Barrer,exp
*C(=O)Oc1ccc(C2(c3ccc(OC(=O)c4cc(*)cc(C(C)(C)C)c4)cc3)c3ccccc3-c3ccccc32)cc1,O2 Permeability Barrer,9.550000009,Barrer,exp
*C(=O)Oc1ccc(C2(c3ccc(OC(=O)c4cc(*)cc(C(C)(C)C)c4)cc3)c3ccccc3-c3ccccc32)cc1,Co2 Permeability Barrer,36.80000003,Barrer,sim
*C(=O)Oc1ccc(C2(c3ccc(OC(=O)c4cc(*)cc(C(C)(C)C)c4)cc3)c3ccccc3-c3ccccc32)cc1,H2 Permeability Barrer,63.09999996,Barrer,sim
*C(=O)Oc1ccc(C2(c3ccc(OC(=O)c4cc(*)cc(C(C)(C)C)c4)cc3)c3ccccc3-c3ccccc32)cc1,O2 Permeability Barrer,9.550000009,Barrer,sim
*C(=O)Oc1ccc(c(c1)C(C)(C)C)OC(=O)c1ccc2c(c1)C(=O)N(C2=O)c1ccc(cc1)Cc1ccc(cc1)N1C(=O)c2c(C1=O)cc(cc2)*,Glass transition temperature,160.0,C,exp
*C(=O)Oc1ccc(c(c1)C(C)(C)C)OC(=O)c1ccc2c(c1)C(=O)N(C2=O)c1ccc(cc1)Oc1ccc(cc1)N1C(=O)c2c(C1=O)cc(cc2)*,Glass transition temperature,189.0,C,exp
*C(=O)Oc1ccc(c(c1)C(C)(C)C)OC(=O)c1ccc2c(c1)C(=O)N(C2=O)c1ccc(cc1)S(=O)(=O)c1ccc(cc1)N1C(=O)c2c(C1=O)cc(cc2)*,Glass transition temperature,179.0,C,exp
*C(=O)Oc1ccc(c(c1)C)c1ccc(cc1C)OC(=O)c1ccc2c(c1)C(=O)N(C2=O)c1ccc(c(c1)C)c1ccc(cc1C)N1C(=O)c2c(C1=O)cc(cc2)*,Glass transition temperature,177.0,C,exp
*C(=O)Oc1ccc(c(c1)C)c1ccc(cc1C)OC(=O)c1ccc2c(c1)C(=O)N(C2=O)c1ccc(c(c1)C)c1ccc(cc1C)N1C(=O)c2c(C1=O)cc(cc2)*,Thermal decomposition temperature,451.0,C,exp
*C(=O)Oc1ccc(c(c1)C)c1ccc(cc1C)OC(=O)c1ccc2c(c1)C(=O)N(C2=O)c1ccc(c(c1)C)c1ccc(cc1C)N1C(=O)c2c(C1=O)cc(cc2)*,Thermal decomposition weight loss,10.0,%,exp
*C(=O)Oc1ccc(c(c1)OC(=O)c1ccc2c(c1)C(=O)N(C2=O)c1ccc(c(c1)C)c1ccc(cc1C)N1C(=O)c2c(C1=O)cc(cc2)*)C12CC3CC(C2)CC(C1)C3,Glass transition temperature,225.0,C,exp
*C(=O)Oc1ccc(c(c1)OC(=O)c1ccc2c(c1)C(=O)N(C2=O)c1ccc(c(c1)C)c1ccc(cc1C)N1C(=O)c2c(C1=O)cc(cc2)*)C12CC3CC(C2)CC(C1)C3,Thermal decomposition temperature,456.0,C,exp
*C(=O)Oc1ccc(c(c1)OC(=O)c1ccc2c(c1)C(=O)N(C2=O)c1ccc(c(c1)C)c1ccc(cc1C)N1C(=O)c2c(C1=O)cc(cc2)*)C12CC3CC(C2)CC(C1)C3,Thermal decomposition weight loss,10.0,%,exp
